--
-- PostgreSQL database dump
--

-- Dumped from database version 9.4.22
-- Dumped by pg_dump version 10.8 (Debian 10.8-1.pgdg80+1)

SET statement_timeout = 0;
SET lock_timeout = 0;
SET idle_in_transaction_session_timeout = 0;
SET client_encoding = 'UTF8';
SET standard_conforming_strings = on;
SELECT pg_catalog.set_config('search_path', '', false);
SET check_function_bodies = false;
SET xmloption = content;
SET client_min_messages = warning;
SET row_security = off;

ALTER TABLE ONLY public.utilisateurs DROP CONSTRAINT utilisateurs_permissionid_foreign;
ALTER TABLE ONLY public.utilisateurs DROP CONSTRAINT utilisateurs_administrationid_foreign;
ALTER TABLE ONLY public.utilisateurs__entreprises DROP CONSTRAINT utilisateurs__entreprises_utilisateurid_foreign;
ALTER TABLE ONLY public.utilisateurs__entreprises DROP CONSTRAINT utilisateurs__entreprises_entrepriseid_foreign;
ALTER TABLE ONLY public.trimestres DROP CONSTRAINT trimestres_frequenceid_foreign;
ALTER TABLE ONLY public.titres_titulaires DROP CONSTRAINT titrestitulaires_titreetapeid_foreign;
ALTER TABLE ONLY public.titres_titulaires DROP CONSTRAINT titrestitulaires_entrepriseid_foreign;
ALTER TABLE ONLY public.titres_substances DROP CONSTRAINT titressubstances_titreetapeid_foreign;
ALTER TABLE ONLY public.titres_substances DROP CONSTRAINT titressubstances_substanceid_foreign;
ALTER TABLE ONLY public.titres_points_references DROP CONSTRAINT titrespointsreferences_titrepointid_foreign;
ALTER TABLE ONLY public.titres_points DROP CONSTRAINT titrespoints_titreetapeid_foreign;
ALTER TABLE ONLY public.titres_phases DROP CONSTRAINT titresphases_titredemarcheid_foreign;
ALTER TABLE ONLY public.titres_phases DROP CONSTRAINT titresphases_statutid_foreign;
ALTER TABLE ONLY public.titres_incertitudes DROP CONSTRAINT titresincertitudes_titreetapeid_foreign;
ALTER TABLE ONLY public.titres_etapes DROP CONSTRAINT titresetapes_volumeuniteid_foreign;
ALTER TABLE ONLY public.titres_etapes DROP CONSTRAINT titresetapes_typeid_foreign;
ALTER TABLE ONLY public.titres_etapes DROP CONSTRAINT titresetapes_titredemarcheid_foreign;
ALTER TABLE ONLY public.titres_etapes DROP CONSTRAINT titresetapes_statutid_foreign;
ALTER TABLE ONLY public.titres_etapes DROP CONSTRAINT titresetapes_engagementdeviseid_foreign;
ALTER TABLE ONLY public.titres_emprises DROP CONSTRAINT titresemprises_titreetapeid_foreign;
ALTER TABLE ONLY public.titres_emprises DROP CONSTRAINT titresemprises_empriseid_foreign;
ALTER TABLE ONLY public.titres_documents DROP CONSTRAINT titresdocuments_titreetapeid_foreign;
ALTER TABLE ONLY public.titres_demarches_liens DROP CONSTRAINT titresdemarchesliens_parenttitredemarcheid_foreign;
ALTER TABLE ONLY public.titres_demarches_liens DROP CONSTRAINT titresdemarchesliens_enfanttitredemarcheid_foreign;
ALTER TABLE ONLY public.titres_demarches DROP CONSTRAINT titresdemarches_typeid_foreign;
ALTER TABLE ONLY public.titres_demarches DROP CONSTRAINT titresdemarches_titreid_foreign;
ALTER TABLE ONLY public.titres_demarches DROP CONSTRAINT titresdemarches_statutid_foreign;
ALTER TABLE ONLY public.titres_communes DROP CONSTRAINT titrescommunes_titreetapeid_foreign;
ALTER TABLE ONLY public.titres_communes DROP CONSTRAINT titrescommunes_communeid_foreign;
ALTER TABLE ONLY public.titres_amodiataires DROP CONSTRAINT titresamodiataires_titreetapeid_foreign;
ALTER TABLE ONLY public.titres_amodiataires DROP CONSTRAINT titresamodiataires_entrepriseid_foreign;
ALTER TABLE ONLY public.titres_administrations DROP CONSTRAINT titresadministrations_titreetapeid_foreign;
ALTER TABLE ONLY public.titres_administrations DROP CONSTRAINT titresadministrations_administrationid_foreign;
ALTER TABLE ONLY public.titres_activites DROP CONSTRAINT titresactivites_utilisateurid_foreign;
ALTER TABLE ONLY public.titres_activites DROP CONSTRAINT titresactivites_titreid_foreign;
ALTER TABLE ONLY public.titres_activites DROP CONSTRAINT titresactivites_activitetypeid_foreign;
ALTER TABLE ONLY public.titres_activites DROP CONSTRAINT titresactivites_activitestatutid_foreign;
ALTER TABLE ONLY public.substances_legales DROP CONSTRAINT substanceslegales_substancelegalecodeid_foreign;
ALTER TABLE ONLY public.substances_legales DROP CONSTRAINT substanceslegales_domaineid_foreign;
ALTER TABLE ONLY public.substances__substances_legales DROP CONSTRAINT substances__substanceslegales_substancelegaleid_foreign;
ALTER TABLE ONLY public.substances__substances_legales DROP CONSTRAINT substances__substanceslegales_substanceid_foreign;
ALTER TABLE ONLY public.regions DROP CONSTRAINT regions_paysid_foreign;
ALTER TABLE ONLY public.mois DROP CONSTRAINT mois_trimestreid_foreign;
ALTER TABLE ONLY public.mois DROP CONSTRAINT mois_frequenceid_foreign;
ALTER TABLE ONLY public.etapes_types__etapes_statuts DROP CONSTRAINT etapestypes__etapesstatuts_etapetypeid_foreign;
ALTER TABLE ONLY public.etapes_types__etapes_statuts DROP CONSTRAINT etapestypes__etapesstatuts_etapestatutid_foreign;
ALTER TABLE ONLY public.entreprises_etablissements DROP CONSTRAINT entreprisesetablissements_entrepriseid_foreign;
ALTER TABLE ONLY public.domaines__types DROP CONSTRAINT domaines__types_typeid_foreign;
ALTER TABLE ONLY public.domaines__types DROP CONSTRAINT domaines__types_domaineid_foreign;
ALTER TABLE ONLY public.departements DROP CONSTRAINT departements_regionid_foreign;
ALTER TABLE ONLY public.demarches_types__types DROP CONSTRAINT demarchestypes__types_typeid_foreign;
ALTER TABLE ONLY public.demarches_types__types DROP CONSTRAINT demarchestypes__types_demarchetypeid_foreign;
ALTER TABLE ONLY public.demarches_types__etapes_types DROP CONSTRAINT demarchestypes__etapestypes_typeid_foreign;
ALTER TABLE ONLY public.demarches_types__etapes_types DROP CONSTRAINT demarchestypes__etapestypes_etapetypeid_foreign;
ALTER TABLE ONLY public.demarches_types__etapes_types DROP CONSTRAINT demarchestypes__etapestypes_demarchetypeid_foreign;
ALTER TABLE ONLY public.communes DROP CONSTRAINT communes_departementid_foreign;
ALTER TABLE ONLY public.administrations DROP CONSTRAINT administrations_typeid_foreign;
ALTER TABLE ONLY public.administrations DROP CONSTRAINT administrations_regionid_foreign;
ALTER TABLE ONLY public.administrations DROP CONSTRAINT administrations_departementid_foreign;
ALTER TABLE ONLY public.administrations__domaines DROP CONSTRAINT administrations__domaines_domaineid_foreign;
ALTER TABLE ONLY public.administrations__domaines DROP CONSTRAINT administrations__domaines_administrationid_foreign;
ALTER TABLE ONLY public.activites_types DROP CONSTRAINT activitestypes_frequenceid_foreign;
ALTER TABLE ONLY public.activites_types__types DROP CONSTRAINT activitestypes__types_typeid_foreign;
ALTER TABLE ONLY public.activites_types__types DROP CONSTRAINT activitestypes__types_domaineid_foreign;
ALTER TABLE ONLY public.activites_types__types DROP CONSTRAINT activitestypes__types_activitetypeid_foreign;
ALTER TABLE ONLY public.activites_types__pays DROP CONSTRAINT activitestypes__pays_paysid_foreign;
ALTER TABLE ONLY public.activites_types__pays DROP CONSTRAINT activitestypes__pays_activitetypeid_foreign;
ALTER TABLE ONLY public.volume_unites DROP CONSTRAINT volume_unites_pkey;
ALTER TABLE ONLY public.utilisateurs DROP CONSTRAINT utilisateurs_pkey;
ALTER TABLE ONLY public.types DROP CONSTRAINT types_pkey;
ALTER TABLE ONLY public.trimestres DROP CONSTRAINT trimestres_pkey;
ALTER TABLE ONLY public.titres_titulaires DROP CONSTRAINT titres_titulaires_pkey;
ALTER TABLE ONLY public.titres_substances DROP CONSTRAINT titres_substances_pkey;
ALTER TABLE ONLY public.titres_points_references DROP CONSTRAINT titres_points_references_pkey;
ALTER TABLE ONLY public.titres_points DROP CONSTRAINT titres_points_pkey;
ALTER TABLE ONLY public.titres DROP CONSTRAINT titres_pkey;
ALTER TABLE ONLY public.titres_phases DROP CONSTRAINT titres_phases_pkey;
ALTER TABLE ONLY public.titres_incertitudes DROP CONSTRAINT titres_incertitudes_pkey;
ALTER TABLE ONLY public.titres_etapes DROP CONSTRAINT titres_etapes_pkey;
ALTER TABLE ONLY public.titres_emprises DROP CONSTRAINT titres_emprises_pkey;
ALTER TABLE ONLY public.titres_documents DROP CONSTRAINT titres_documents_pkey;
ALTER TABLE ONLY public.titres_demarches DROP CONSTRAINT titres_demarches_pkey;
ALTER TABLE ONLY public.titres_demarches_liens DROP CONSTRAINT titres_demarches_liens_pkey;
ALTER TABLE ONLY public.titres_communes DROP CONSTRAINT titres_communes_pkey;
ALTER TABLE ONLY public.titres_amodiataires DROP CONSTRAINT titres_amodiataires_pkey;
ALTER TABLE ONLY public.titres_administrations DROP CONSTRAINT titres_administrations_pkey;
ALTER TABLE ONLY public.titres_activites DROP CONSTRAINT titres_activites_pkey;
ALTER TABLE ONLY public.substances DROP CONSTRAINT substances_pkey;
ALTER TABLE ONLY public.substances_legales DROP CONSTRAINT substances_legales_pkey;
ALTER TABLE ONLY public.substances_legales_codes DROP CONSTRAINT substances_legales_codes_pkey;
ALTER TABLE ONLY public.substances__substances_legales DROP CONSTRAINT substances__substances_legales_pkey;
ALTER TABLE ONLY public.statuts DROP CONSTRAINT statuts_pkey;
ALTER TABLE ONLY public.regions DROP CONSTRAINT regions_pkey;
ALTER TABLE ONLY public.phases_statuts DROP CONSTRAINT phases_statuts_pkey;
ALTER TABLE ONLY public.permissions DROP CONSTRAINT permissions_pkey;
ALTER TABLE ONLY public.pays DROP CONSTRAINT pays_pkey;
ALTER TABLE ONLY public.mois DROP CONSTRAINT mois_pkey;
ALTER TABLE ONLY public.knex_migrations DROP CONSTRAINT knex_migrations_pkey;
ALTER TABLE ONLY public.knex_migrations_lock DROP CONSTRAINT knex_migrations_lock_pkey;
ALTER TABLE ONLY public.geo_systemes DROP CONSTRAINT geo_systemes_pkey;
ALTER TABLE ONLY public.frequences DROP CONSTRAINT frequences_pkey;
ALTER TABLE ONLY public.etapes_types DROP CONSTRAINT etapes_types_pkey;
ALTER TABLE ONLY public.etapes_types__etapes_statuts DROP CONSTRAINT etapes_types__etapes_statuts_pkey;
ALTER TABLE ONLY public.etapes_statuts DROP CONSTRAINT etapes_statuts_pkey;
ALTER TABLE ONLY public.entreprises DROP CONSTRAINT entreprises_pkey;
ALTER TABLE ONLY public.entreprises_etablissements DROP CONSTRAINT entreprises_etablissements_pkey;
ALTER TABLE ONLY public.emprises DROP CONSTRAINT emprises_pkey;
ALTER TABLE ONLY public.domaines DROP CONSTRAINT domaines_pkey;
ALTER TABLE ONLY public.domaines__types DROP CONSTRAINT domaines__types_pkey;
ALTER TABLE ONLY public.devises DROP CONSTRAINT devises_pkey;
ALTER TABLE ONLY public.departements DROP CONSTRAINT departements_pkey;
ALTER TABLE ONLY public.demarches_types DROP CONSTRAINT demarches_types_pkey;
ALTER TABLE ONLY public.demarches_types__types DROP CONSTRAINT demarches_types__types_pkey;
ALTER TABLE ONLY public.demarches_types__etapes_types DROP CONSTRAINT demarches_types__etapes_types_pkey;
ALTER TABLE ONLY public.demarches_statuts DROP CONSTRAINT demarches_statuts_pkey;
ALTER TABLE ONLY public.communes DROP CONSTRAINT communes_pkey;
ALTER TABLE ONLY public.administrations_types DROP CONSTRAINT administrations_types_pkey;
ALTER TABLE ONLY public.administrations DROP CONSTRAINT administrations_pkey;
ALTER TABLE ONLY public.activites_types DROP CONSTRAINT activites_types_pkey;
ALTER TABLE ONLY public.activites_types__types DROP CONSTRAINT activites_types__types_pkey;
ALTER TABLE ONLY public.activites_types__pays DROP CONSTRAINT activites_types__pays_pkey;
ALTER TABLE ONLY public.activites_statuts DROP CONSTRAINT activites_statuts_pkey;
ALTER TABLE public.knex_migrations_lock ALTER COLUMN index DROP DEFAULT;
ALTER TABLE public.knex_migrations ALTER COLUMN id DROP DEFAULT;
DROP TABLE public.volume_unites;
DROP TABLE public.utilisateurs__entreprises;
DROP TABLE public.utilisateurs;
DROP TABLE public.types;
DROP TABLE public.trimestres;
DROP TABLE public.titres_titulaires;
DROP TABLE public.titres_substances;
DROP TABLE public.titres_points_references;
DROP TABLE public.titres_points;
DROP TABLE public.titres_phases;
DROP TABLE public.titres_incertitudes;
DROP TABLE public.titres_etapes;
DROP TABLE public.titres_emprises;
DROP TABLE public.titres_documents;
DROP TABLE public.titres_demarches_liens;
DROP TABLE public.titres_demarches;
DROP TABLE public.titres_communes;
DROP TABLE public.titres_amodiataires;
DROP TABLE public.titres_administrations;
DROP TABLE public.titres_activites;
DROP TABLE public.titres;
DROP TABLE public.substances_legales_codes;
DROP TABLE public.substances_legales;
DROP TABLE public.substances__substances_legales;
DROP TABLE public.substances;
DROP TABLE public.statuts;
DROP TABLE public.regions;
DROP TABLE public.phases_statuts;
DROP TABLE public.permissions;
DROP TABLE public.pays;
DROP TABLE public.mois;
DROP SEQUENCE public.knex_migrations_lock_index_seq;
DROP TABLE public.knex_migrations_lock;
DROP SEQUENCE public.knex_migrations_id_seq;
DROP TABLE public.knex_migrations;
DROP TABLE public.geo_systemes;
DROP TABLE public.frequences;
DROP TABLE public.etapes_types__etapes_statuts;
DROP TABLE public.etapes_types;
DROP TABLE public.etapes_statuts;
DROP TABLE public.entreprises_etablissements;
DROP TABLE public.entreprises;
DROP TABLE public.emprises;
DROP TABLE public.domaines__types;
DROP TABLE public.domaines;
DROP TABLE public.devises;
DROP TABLE public.departements;
DROP TABLE public.demarches_types__types;
DROP TABLE public.demarches_types__etapes_types;
DROP TABLE public.demarches_types;
DROP TABLE public.demarches_statuts;
DROP TABLE public.communes;
DROP TABLE public.administrations_types;
DROP TABLE public.administrations__domaines;
DROP TABLE public.administrations;
DROP TABLE public.activites_types__types;
DROP TABLE public.activites_types__pays;
DROP TABLE public.activites_types;
DROP TABLE public.activites_statuts;
DROP EXTENSION plpgsql;
DROP SCHEMA public;
--
-- Name: public; Type: SCHEMA; Schema: -; Owner: postgres
--

CREATE SCHEMA public;


ALTER SCHEMA public OWNER TO postgres;

--
-- Name: SCHEMA public; Type: COMMENT; Schema: -; Owner: postgres
--

COMMENT ON SCHEMA public IS 'standard public schema';


--
-- Name: plpgsql; Type: EXTENSION; Schema: -; Owner: 
--

CREATE EXTENSION IF NOT EXISTS plpgsql WITH SCHEMA pg_catalog;


--
-- Name: EXTENSION plpgsql; Type: COMMENT; Schema: -; Owner: 
--

COMMENT ON EXTENSION plpgsql IS 'PL/pgSQL procedural language';


SET default_tablespace = '';

SET default_with_oids = false;

--
-- Name: activites_statuts; Type: TABLE; Schema: public; Owner: postgres
--

CREATE TABLE public.activites_statuts (
    id character varying(3) NOT NULL,
    nom character varying(255) NOT NULL,
    couleur character varying(16) NOT NULL
);


ALTER TABLE public.activites_statuts OWNER TO postgres;

--
-- Name: activites_types; Type: TABLE; Schema: public; Owner: postgres
--

CREATE TABLE public.activites_types (
    id character varying(3) NOT NULL,
    nom character varying(255) NOT NULL,
    sections jsonb[],
    frequence_id character varying(3) NOT NULL
);


ALTER TABLE public.activites_types OWNER TO postgres;

--
-- Name: activites_types__pays; Type: TABLE; Schema: public; Owner: postgres
--

CREATE TABLE public.activites_types__pays (
    pays_id character varying(3) NOT NULL,
    activite_type_id character varying(3) NOT NULL
);


ALTER TABLE public.activites_types__pays OWNER TO postgres;

--
-- Name: activites_types__types; Type: TABLE; Schema: public; Owner: postgres
--

CREATE TABLE public.activites_types__types (
    domaine_id character varying(1) NOT NULL,
    type_id character varying(3) NOT NULL,
    activite_type_id character varying(3) NOT NULL
);


ALTER TABLE public.activites_types__types OWNER TO postgres;

--
-- Name: administrations; Type: TABLE; Schema: public; Owner: postgres
--

CREATE TABLE public.administrations (
    id character varying(64) NOT NULL,
    type_id character varying(255) NOT NULL,
    nom character varying(255) NOT NULL,
    service character varying(255),
    url character varying(255),
    email character varying(255),
    telephone character varying(255),
    adresse1 character varying(255),
    adresse2 character varying(255),
    code_postal character varying(255),
    commune character varying(255),
    cedex character varying(255),
    departement_id character varying(255),
    region_id character varying(255)
);


ALTER TABLE public.administrations OWNER TO postgres;

--
-- Name: administrations__domaines; Type: TABLE; Schema: public; Owner: postgres
--

CREATE TABLE public.administrations__domaines (
    domaine_id character varying(1) NOT NULL,
    administration_id character varying(255) NOT NULL
);


ALTER TABLE public.administrations__domaines OWNER TO postgres;

--
-- Name: administrations_types; Type: TABLE; Schema: public; Owner: postgres
--

CREATE TABLE public.administrations_types (
    id character varying(64) NOT NULL,
    nom character varying(255) NOT NULL,
    ordre integer
);


ALTER TABLE public.administrations_types OWNER TO postgres;

--
-- Name: communes; Type: TABLE; Schema: public; Owner: postgres
--

CREATE TABLE public.communes (
    id character varying(5) NOT NULL,
    nom character varying(255) NOT NULL,
    departement_id character varying(3) NOT NULL
);


ALTER TABLE public.communes OWNER TO postgres;

--
-- Name: demarches_statuts; Type: TABLE; Schema: public; Owner: postgres
--

CREATE TABLE public.demarches_statuts (
    id character varying(3) NOT NULL,
    nom character varying(32) NOT NULL,
    couleur character varying(16) NOT NULL
);


ALTER TABLE public.demarches_statuts OWNER TO postgres;

--
-- Name: demarches_types; Type: TABLE; Schema: public; Owner: postgres
--

CREATE TABLE public.demarches_types (
    id character varying(3) NOT NULL,
    nom character varying(255) NOT NULL,
    ordre integer,
    duree boolean,
    points boolean,
    substances boolean,
    titulaires boolean,
    renouvelable boolean,
    exception boolean,
    auto boolean
);


ALTER TABLE public.demarches_types OWNER TO postgres;

--
-- Name: demarches_types__etapes_types; Type: TABLE; Schema: public; Owner: postgres
--

CREATE TABLE public.demarches_types__etapes_types (
    demarche_type_id character varying(7) NOT NULL,
    etape_type_id character varying(3) NOT NULL,
    type_id character varying(3) NOT NULL,
    ordre integer
);


ALTER TABLE public.demarches_types__etapes_types OWNER TO postgres;

--
-- Name: demarches_types__types; Type: TABLE; Schema: public; Owner: postgres
--

CREATE TABLE public.demarches_types__types (
    type_id character varying(3) NOT NULL,
    demarche_type_id character varying(3) NOT NULL,
    duree_max integer,
    acceptation_implicite boolean,
    delai_implicite character varying(255),
    delai_recours character varying(255),
    legal_ref character varying(255),
    legal_lien character varying(255),
    date_debut date,
    date_fin date
);


ALTER TABLE public.demarches_types__types OWNER TO postgres;

--
-- Name: departements; Type: TABLE; Schema: public; Owner: postgres
--

CREATE TABLE public.departements (
    id character varying(3) NOT NULL,
    nom character varying(255) NOT NULL,
    region_id character varying(2) NOT NULL,
    cheflieu_id character varying(5)
);


ALTER TABLE public.departements OWNER TO postgres;

--
-- Name: devises; Type: TABLE; Schema: public; Owner: postgres
--

CREATE TABLE public.devises (
    id character varying(3) NOT NULL,
    nom character varying(255) NOT NULL
);


ALTER TABLE public.devises OWNER TO postgres;

--
-- Name: domaines; Type: TABLE; Schema: public; Owner: postgres
--

CREATE TABLE public.domaines (
    id character varying(1) NOT NULL,
    nom character varying(255) NOT NULL,
    ordre integer
);


ALTER TABLE public.domaines OWNER TO postgres;

--
-- Name: domaines__types; Type: TABLE; Schema: public; Owner: postgres
--

CREATE TABLE public.domaines__types (
    domaine_id character varying(1) NOT NULL,
    type_id character varying(3) NOT NULL,
    archive boolean
);


ALTER TABLE public.domaines__types OWNER TO postgres;

--
-- Name: emprises; Type: TABLE; Schema: public; Owner: postgres
--

CREATE TABLE public.emprises (
    id character varying(3) NOT NULL,
    nom character varying(255) NOT NULL
);


ALTER TABLE public.emprises OWNER TO postgres;

--
-- Name: entreprises; Type: TABLE; Schema: public; Owner: postgres
--

CREATE TABLE public.entreprises (
    id character varying(64) NOT NULL,
    nom character varying(255) NOT NULL,
    pays_id character varying(255),
    legal_siren character varying(255),
    legal_etranger character varying(255),
    legal_forme character varying(255),
    categorie character varying(255),
    date_creation date,
    adresse character varying(255),
    code_postal character varying(255),
    commune character varying(255),
    cedex character varying(255),
    url character varying(255),
    email character varying(255),
    telephone character varying(255)
);


ALTER TABLE public.entreprises OWNER TO postgres;

--
-- Name: entreprises_etablissements; Type: TABLE; Schema: public; Owner: postgres
--

CREATE TABLE public.entreprises_etablissements (
    id character varying(64) NOT NULL,
    entreprise_id character varying(64) NOT NULL,
    nom character varying(255),
    legal_siret character varying(255),
    date_debut date,
    date_fin date
);


ALTER TABLE public.entreprises_etablissements OWNER TO postgres;

--
-- Name: etapes_statuts; Type: TABLE; Schema: public; Owner: postgres
--

CREATE TABLE public.etapes_statuts (
    id character varying(3) NOT NULL,
    nom character varying(32) NOT NULL,
    couleur character varying(16) NOT NULL
);


ALTER TABLE public.etapes_statuts OWNER TO postgres;

--
-- Name: etapes_types; Type: TABLE; Schema: public; Owner: postgres
--

CREATE TABLE public.etapes_types (
    id character varying(3) NOT NULL,
    nom character varying(128),
    fondamentale boolean,
    acceptation_auto boolean,
    legal_ref character varying(255),
    legal_lien character varying(255),
    date_debut date,
    date_fin date,
    sections jsonb[]
);


ALTER TABLE public.etapes_types OWNER TO postgres;

--
-- Name: etapes_types__etapes_statuts; Type: TABLE; Schema: public; Owner: postgres
--

CREATE TABLE public.etapes_types__etapes_statuts (
    etape_type_id character varying(7) NOT NULL,
    etape_statut_id character varying(3) NOT NULL,
    ordre integer
);


ALTER TABLE public.etapes_types__etapes_statuts OWNER TO postgres;

--
-- Name: frequences; Type: TABLE; Schema: public; Owner: postgres
--

CREATE TABLE public.frequences (
    id character varying(3) NOT NULL,
    nom character varying(255) NOT NULL,
    periodes_nom character varying(255)
);


ALTER TABLE public.frequences OWNER TO postgres;

--
-- Name: geo_systemes; Type: TABLE; Schema: public; Owner: postgres
--

CREATE TABLE public.geo_systemes (
    id character varying(5) NOT NULL,
    nom character varying(255) NOT NULL,
    unite character varying(8),
    zone character varying(255)
);


ALTER TABLE public.geo_systemes OWNER TO postgres;

--
-- Name: knex_migrations; Type: TABLE; Schema: public; Owner: postgres
--

CREATE TABLE public.knex_migrations (
    id integer NOT NULL,
    name character varying(255),
    batch integer,
    migration_time timestamp with time zone
);


ALTER TABLE public.knex_migrations OWNER TO postgres;

--
-- Name: knex_migrations_id_seq; Type: SEQUENCE; Schema: public; Owner: postgres
--

CREATE SEQUENCE public.knex_migrations_id_seq
    START WITH 1
    INCREMENT BY 1
    NO MINVALUE
    NO MAXVALUE
    CACHE 1;


ALTER TABLE public.knex_migrations_id_seq OWNER TO postgres;

--
-- Name: knex_migrations_id_seq; Type: SEQUENCE OWNED BY; Schema: public; Owner: postgres
--

ALTER SEQUENCE public.knex_migrations_id_seq OWNED BY public.knex_migrations.id;


--
-- Name: knex_migrations_lock; Type: TABLE; Schema: public; Owner: postgres
--

CREATE TABLE public.knex_migrations_lock (
    index integer NOT NULL,
    is_locked integer
);


ALTER TABLE public.knex_migrations_lock OWNER TO postgres;

--
-- Name: knex_migrations_lock_index_seq; Type: SEQUENCE; Schema: public; Owner: postgres
--

CREATE SEQUENCE public.knex_migrations_lock_index_seq
    START WITH 1
    INCREMENT BY 1
    NO MINVALUE
    NO MAXVALUE
    CACHE 1;


ALTER TABLE public.knex_migrations_lock_index_seq OWNER TO postgres;

--
-- Name: knex_migrations_lock_index_seq; Type: SEQUENCE OWNED BY; Schema: public; Owner: postgres
--

ALTER SEQUENCE public.knex_migrations_lock_index_seq OWNED BY public.knex_migrations_lock.index;


--
-- Name: mois; Type: TABLE; Schema: public; Owner: postgres
--

CREATE TABLE public.mois (
    id integer NOT NULL,
    nom character varying(255) NOT NULL,
    frequence_id character varying(3),
    trimestre_id integer
);


ALTER TABLE public.mois OWNER TO postgres;

--
-- Name: pays; Type: TABLE; Schema: public; Owner: postgres
--

CREATE TABLE public.pays (
    id character varying(3) NOT NULL,
    nom character varying(255) NOT NULL,
    timezone character varying(255)
);


ALTER TABLE public.pays OWNER TO postgres;

--
-- Name: permissions; Type: TABLE; Schema: public; Owner: postgres
--

CREATE TABLE public.permissions (
    id character varying(12) NOT NULL,
    nom character varying(255) NOT NULL,
    ordre integer
);


ALTER TABLE public.permissions OWNER TO postgres;

--
-- Name: phases_statuts; Type: TABLE; Schema: public; Owner: postgres
--

CREATE TABLE public.phases_statuts (
    id character varying(3) NOT NULL,
    nom character varying(32) NOT NULL,
    couleur character varying(16) NOT NULL
);


ALTER TABLE public.phases_statuts OWNER TO postgres;

--
-- Name: regions; Type: TABLE; Schema: public; Owner: postgres
--

CREATE TABLE public.regions (
    id character varying(2) NOT NULL,
    nom character varying(255),
    pays_id character varying(3) NOT NULL,
    cheflieu_id character varying(5)
);


ALTER TABLE public.regions OWNER TO postgres;

--
-- Name: statuts; Type: TABLE; Schema: public; Owner: postgres
--

CREATE TABLE public.statuts (
    id character varying(3) NOT NULL,
    nom character varying(32) NOT NULL,
    couleur character varying(16) NOT NULL
);


ALTER TABLE public.statuts OWNER TO postgres;

--
-- Name: substances; Type: TABLE; Schema: public; Owner: postgres
--

CREATE TABLE public.substances (
    id character varying(4) NOT NULL,
    nom character varying(255) NOT NULL,
    symbole character varying(255),
    gerep integer,
    description character varying(2048)
);


ALTER TABLE public.substances OWNER TO postgres;

--
-- Name: substances__substances_legales; Type: TABLE; Schema: public; Owner: postgres
--

CREATE TABLE public.substances__substances_legales (
    substance_id character varying(255) NOT NULL,
    substance_legale_id character varying(255) NOT NULL
);


ALTER TABLE public.substances__substances_legales OWNER TO postgres;

--
-- Name: substances_legales; Type: TABLE; Schema: public; Owner: postgres
--

CREATE TABLE public.substances_legales (
    id character varying(255) NOT NULL,
    nom character varying(255) NOT NULL,
    domaine_id character varying(1) NOT NULL,
    description character varying(255),
    substance_legale_code_id character varying(255) NOT NULL
);


ALTER TABLE public.substances_legales OWNER TO postgres;

--
-- Name: substances_legales_codes; Type: TABLE; Schema: public; Owner: postgres
--

CREATE TABLE public.substances_legales_codes (
    id character varying(255) NOT NULL,
    nom character varying(255) NOT NULL,
    description character varying(255),
    lien character varying(255) NOT NULL
);


ALTER TABLE public.substances_legales_codes OWNER TO postgres;

--
-- Name: titres; Type: TABLE; Schema: public; Owner: postgres
--

CREATE TABLE public.titres (
    id character varying(128) NOT NULL,
    nom character varying(255) NOT NULL,
    type_id character varying(3) NOT NULL,
    domaine_id character varying(1) NOT NULL,
    statut_id character varying(3) DEFAULT 'ind'::character varying NOT NULL,
    "references" jsonb,
    date_debut date,
    date_fin date,
    date_demande date,
    activites_deposees integer,
    activites_en_construction integer,
    activites_absentes integer,
    points_titre_etape_id character varying(128),
    titulaires_titre_etape_id character varying(128),
    amodiataires_titre_etape_id character varying(128),
    administrations_titre_etape_id character varying(128),
    surface_titre_etape_id character varying(128),
    volume_titre_etape_id character varying(128),
    volume_unite_id_titre_etape_id character varying(128),
    substances_titre_etape_id character varying(128),
    communes_titre_etape_id character varying(128),
    engagement_titre_etape_id character varying(128),
    engagement_devise_id_titre_etape_id character varying(128)
);


ALTER TABLE public.titres OWNER TO postgres;

--
-- Name: titres_activites; Type: TABLE; Schema: public; Owner: postgres
--

CREATE TABLE public.titres_activites (
    id character varying(255) NOT NULL,
    titre_id character varying(128),
    utilisateur_id character varying(128),
    date date,
    date_saisie date,
    contenu jsonb,
    activite_type_id character varying(3) NOT NULL,
    activite_statut_id character varying(3) NOT NULL,
    annee integer,
    frequence_periode_id integer
);


ALTER TABLE public.titres_activites OWNER TO postgres;

--
-- Name: titres_administrations; Type: TABLE; Schema: public; Owner: postgres
--

CREATE TABLE public.titres_administrations (
    titre_etape_id character varying(128) NOT NULL,
    administration_id character varying(64) NOT NULL,
    coordinateur boolean
);


ALTER TABLE public.titres_administrations OWNER TO postgres;

--
-- Name: titres_amodiataires; Type: TABLE; Schema: public; Owner: postgres
--

CREATE TABLE public.titres_amodiataires (
    titre_etape_id character varying(128) NOT NULL,
    entreprise_id character varying(64) NOT NULL,
    operateur boolean
);


ALTER TABLE public.titres_amodiataires OWNER TO postgres;

--
-- Name: titres_communes; Type: TABLE; Schema: public; Owner: postgres
--

CREATE TABLE public.titres_communes (
    titre_etape_id character varying(128) NOT NULL,
    commune_id character varying(8) NOT NULL
);


ALTER TABLE public.titres_communes OWNER TO postgres;

--
-- Name: titres_demarches; Type: TABLE; Schema: public; Owner: postgres
--

CREATE TABLE public.titres_demarches (
    id character varying(128) NOT NULL,
    titre_id character varying(128) NOT NULL,
    type_id character varying(3) NOT NULL,
    statut_id character varying(3) DEFAULT 'ind'::character varying NOT NULL,
    ordre integer DEFAULT 0,
    annulation_titre_demarche_id character varying(128)
);


ALTER TABLE public.titres_demarches OWNER TO postgres;

--
-- Name: titres_demarches_liens; Type: TABLE; Schema: public; Owner: postgres
--

CREATE TABLE public.titres_demarches_liens (
    enfant_titre_demarche_id character varying(128) NOT NULL,
    parent_titre_demarche_id character varying(128) NOT NULL
);


ALTER TABLE public.titres_demarches_liens OWNER TO postgres;

--
-- Name: titres_documents; Type: TABLE; Schema: public; Owner: postgres
--

CREATE TABLE public.titres_documents (
    id character varying(255) NOT NULL,
    titre_etape_id character varying(128) NOT NULL,
    type character varying(32) NOT NULL,
    nom character varying(1024) NOT NULL,
    jorf character varying(32),
    nor character varying(32),
    url character varying(255),
    uri character varying(255),
    fichier character varying(255),
    public boolean
);


ALTER TABLE public.titres_documents OWNER TO postgres;

--
-- Name: titres_emprises; Type: TABLE; Schema: public; Owner: postgres
--

CREATE TABLE public.titres_emprises (
    titre_etape_id character varying(128) NOT NULL,
    emprise_id character varying(3) NOT NULL
);


ALTER TABLE public.titres_emprises OWNER TO postgres;

--
-- Name: titres_etapes; Type: TABLE; Schema: public; Owner: postgres
--

CREATE TABLE public.titres_etapes (
    id character varying(128) NOT NULL,
    titre_demarche_id character varying(128) NOT NULL,
    type_id character varying(3) NOT NULL,
    statut_id character varying(3) NOT NULL,
    ordre integer,
    date date NOT NULL,
    date_debut date,
    date_fin date,
    duree integer,
    surface real,
    volume real,
    volume_unite_id character varying(255),
    visas text[],
    engagement real,
    engagement_devise_id character varying(255),
    source_indisponible boolean,
    contenu jsonb
);


ALTER TABLE public.titres_etapes OWNER TO postgres;

--
-- Name: titres_incertitudes; Type: TABLE; Schema: public; Owner: postgres
--

CREATE TABLE public.titres_incertitudes (
    titre_etape_id character varying(128) NOT NULL,
    date boolean,
    date_debut boolean,
    date_fin boolean,
    duree boolean,
    surface boolean,
    volume boolean,
    engagement boolean,
    points boolean,
    substances boolean,
    titulaires boolean,
    amodiataires boolean,
    administrations boolean
);


ALTER TABLE public.titres_incertitudes OWNER TO postgres;

--
-- Name: titres_phases; Type: TABLE; Schema: public; Owner: postgres
--

CREATE TABLE public.titres_phases (
    titre_demarche_id character varying(128) NOT NULL,
    statut_id character varying(3) NOT NULL,
    date_debut date,
    date_fin date
);


ALTER TABLE public.titres_phases OWNER TO postgres;

--
-- Name: titres_points; Type: TABLE; Schema: public; Owner: postgres
--

CREATE TABLE public.titres_points (
    id character varying(255) NOT NULL,
    titre_etape_id character varying(128) NOT NULL,
    coordonnees point NOT NULL,
    groupe integer NOT NULL,
    contour integer NOT NULL,
    point integer NOT NULL,
    nom character varying(255) NOT NULL,
    description character varying(2048),
    securite boolean
);


ALTER TABLE public.titres_points OWNER TO postgres;

--
-- Name: titres_points_references; Type: TABLE; Schema: public; Owner: postgres
--

CREATE TABLE public.titres_points_references (
    id character varying(255) NOT NULL,
    titre_point_id character varying(255),
    geo_systeme_id character varying(5) NOT NULL,
    coordonnees point NOT NULL
);


ALTER TABLE public.titres_points_references OWNER TO postgres;

--
-- Name: titres_substances; Type: TABLE; Schema: public; Owner: postgres
--

CREATE TABLE public.titres_substances (
    titre_etape_id character varying(128) NOT NULL,
    substance_id character varying(4) NOT NULL,
    connexe boolean,
    ordre integer
);


ALTER TABLE public.titres_substances OWNER TO postgres;

--
-- Name: titres_titulaires; Type: TABLE; Schema: public; Owner: postgres
--

CREATE TABLE public.titres_titulaires (
    titre_etape_id character varying(128) NOT NULL,
    entreprise_id character varying(64) NOT NULL,
    operateur boolean
);


ALTER TABLE public.titres_titulaires OWNER TO postgres;

--
-- Name: trimestres; Type: TABLE; Schema: public; Owner: postgres
--

CREATE TABLE public.trimestres (
    id integer NOT NULL,
    nom character varying(255) NOT NULL,
    frequence_id character varying(3)
);


ALTER TABLE public.trimestres OWNER TO postgres;

--
-- Name: types; Type: TABLE; Schema: public; Owner: postgres
--

CREATE TABLE public.types (
    id character varying(3) NOT NULL,
    nom character varying(255) NOT NULL
);


ALTER TABLE public.types OWNER TO postgres;

--
-- Name: utilisateurs; Type: TABLE; Schema: public; Owner: postgres
--

CREATE TABLE public.utilisateurs (
    id character varying(255) NOT NULL,
    email character varying(255),
    mot_de_passe character varying(255) NOT NULL,
    nom character varying(255),
    prenom character varying(255),
    administration_id character varying(64),
    telephone_fixe character varying(255),
    telephone_mobile character varying(255),
    permission_id character varying(12) NOT NULL,
    preferences json
);


ALTER TABLE public.utilisateurs OWNER TO postgres;

--
-- Name: utilisateurs__entreprises; Type: TABLE; Schema: public; Owner: postgres
--

CREATE TABLE public.utilisateurs__entreprises (
    utilisateur_id character varying(64),
    entreprise_id character varying(64)
);


ALTER TABLE public.utilisateurs__entreprises OWNER TO postgres;

--
-- Name: volume_unites; Type: TABLE; Schema: public; Owner: postgres
--

CREATE TABLE public.volume_unites (
    id character varying(3) NOT NULL,
    nom character varying(255) NOT NULL
);


ALTER TABLE public.volume_unites OWNER TO postgres;

--
-- Name: knex_migrations id; Type: DEFAULT; Schema: public; Owner: postgres
--

ALTER TABLE ONLY public.knex_migrations ALTER COLUMN id SET DEFAULT nextval('public.knex_migrations_id_seq'::regclass);


--
-- Name: knex_migrations_lock index; Type: DEFAULT; Schema: public; Owner: postgres
--

ALTER TABLE ONLY public.knex_migrations_lock ALTER COLUMN index SET DEFAULT nextval('public.knex_migrations_lock_index_seq'::regclass);


--
-- Data for Name: activites_statuts; Type: TABLE DATA; Schema: public; Owner: postgres
--

COPY public.activites_statuts (id, nom, couleur) FROM stdin;
abs	absent	error
enc	en construction	warning
dep	déposé	success
\.


--
-- Data for Name: activites_types; Type: TABLE DATA; Schema: public; Owner: postgres
--

COPY public.activites_types (id, nom, sections, frequence_id) FROM stdin;
grp	rapport trimestriel d'activité	{"{\\"id\\": \\"renseignements\\", \\"elements\\": [{\\"id\\": \\"orNet\\", \\"nom\\": \\"Or net extrait annuel (g)\\", \\"type\\": \\"number\\", \\"dateDebut\\": \\"2018-01-01\\", \\"description\\": \\"<b>Masse d’or en gramme obtenue au cours de l’année après traitement métallurgique</b> (au sens de l’<a href=\\\\\\"https://www.legifrance.gouv.fr/affichCodeArticle.do?idArticle=LEGIARTI000021850943&cidTexte=LEGITEXT000006069569\\\\\\" target=\\\\\\"_blank\\\\\\" rel=\\\\\\"noopener noreferrer\\\\\\">article 318 B de l’annexe II au code général des impôts, annexe 2 </a>). Cette masse sera prise en compte pour le calcul de la taxe sur l’or et des différentes redevances associées.\\", \\"frequencePeriodesIds\\": [4]}, {\\"id\\": \\"orBrut\\", \\"nom\\": \\"Or brut extrait (g)\\", \\"type\\": \\"number\\", \\"dateDebut\\": \\"2018-01-01\\", \\"description\\": \\"Masse d’or brut en sortie de mine extrait au cours du trimestre (exemple : masse sous la forme de concentré gravimétrique).\\"}, {\\"id\\": \\"orExtrait\\", \\"nom\\": \\"Or extrait (g)\\", \\"type\\": \\"number\\", \\"dateFin\\": \\"2018-01-01\\", \\"description\\": \\"Masse d'or brut en sortie de mine, ou nette obtenue  après traitement métallurgique, extrait au cours du trimestre.\\"}, {\\"id\\": \\"volumeMinerai\\", \\"nom\\": \\"Minerai extrait (m3)\\", \\"type\\": \\"number\\", \\"dateFin\\": \\"2018-01-01\\", \\"description\\": \\"Volume en mètre cube de minerai extrait au cours du trimestre.\\"}, {\\"id\\": \\"mercure\\", \\"nom\\": \\"Mercure récupéré (g)\\", \\"type\\": \\"number\\", \\"description\\": \\"Masse en gramme de l’ensemble des produits contaminés envoyés en traitement au cours du trimestre.\\"}, {\\"id\\": \\"carburantDetaxe\\", \\"nom\\": \\"Carburant détaxé (l)\\", \\"type\\": \\"number\\", \\"dateDebut\\": \\"2018-01-01\\", \\"description\\": \\"Volume total en litre de carburant détaxé consommé au cours du trimestre par les travaux réalisés sur le chantier.\\"}, {\\"id\\": \\"carburantConventionnel\\", \\"nom\\": \\"Carburant conventionnel (l)\\", \\"type\\": \\"number\\", \\"description\\": \\"Volume total en litre de carburant conventionnel consommé au cours du trimestre par les travaux réalisés sur le chantier.\\"}, {\\"id\\": \\"pompes\\", \\"nom\\": \\"Pompes actives\\", \\"type\\": \\"number\\", \\"dateDebut\\": \\"2018-01-01\\", \\"description\\": \\"Nombre moyen de pompes actives au cours du trimestre utilisées sur le chantier (pompe à gravier, pompe de relevage…).\\"}, {\\"id\\": \\"pelles\\", \\"nom\\": \\"Pelles actives\\", \\"type\\": \\"number\\", \\"dateDebut\\": \\"2018-01-01\\", \\"description\\": \\"Nombre moyen de pelles actives au cours du trimestre utilisées sur le chantier (aménagement, exploitation, réhabilitation).\\"}, {\\"id\\": \\"effectifs\\", \\"nom\\": \\"Effectifs\\", \\"type\\": \\"number\\", \\"description\\": \\"Nombre moyen de salariés sur le chantier au cours du trimestre.\\"}, {\\"id\\": \\"depensesTotales\\", \\"nom\\": \\"Dépenses totales (euros)\\", \\"type\\": \\"number\\", \\"dateFin\\": \\"2018-01-01\\", \\"description\\": \\"Montant en euros des dépenses sur l'exploitation.\\"}, {\\"id\\": \\"environnement\\", \\"nom\\": \\"Dépenses relatives à la protection de l’environnement (euros)\\", \\"type\\": \\"number\\", \\"dateDebut\\": \\"2018-01-01\\", \\"description\\": \\"Montant en euros des investissements consentis au cours du trimestre listés à l’<a href=\\\\\\"https://www.legifrance.gouv.fr/affichCodeArticle.do?idArticle=LEGIARTI000021850940&cidTexte=LEGITEXT000006069569\\\\\\" target=\\\\\\"_blank\\\\\\" rel=\\\\\\"noopener noreferrer\\\\\\">article 318 C de l’annexe II du code général des impôts</a>. Afin de bénéficier des déductions fiscales afférentes, les justificatifs attestant de la réalisation effective des investissements sont susceptibles de vous êtres demandés par l’administration.\\"}]}","{\\"id\\": \\"travaux\\", \\"nom\\": \\"Statut des travaux\\", \\"elements\\": [{\\"id\\": \\"1\\", \\"nom\\": \\"Janvier\\", \\"type\\": \\"checkbox\\", \\"valeurs\\": {\\"nonDebutes\\": \\"non débutés\\", \\"arretDefinitif\\": \\"arrêt définitif (après réhabilitation)\\", \\"rehabilitation\\": \\"réhabilitation\\", \\"arretTemporaire\\": \\"arrêt temporaire\\", \\"exploitationEnCours\\": \\"exploitation en cours\\"}, \\"dateDebut\\": \\"2018-01-01\\", \\"frequencePeriodesIds\\": [1]}, {\\"id\\": \\"2\\", \\"nom\\": \\"Février\\", \\"type\\": \\"checkbox\\", \\"valeurs\\": {\\"nonDebutes\\": \\"non débutés\\", \\"arretDefinitif\\": \\"arrêt définitif (après réhabilitation)\\", \\"rehabilitation\\": \\"réhabilitation\\", \\"arretTemporaire\\": \\"arrêt temporaire\\", \\"exploitationEnCours\\": \\"exploitation en cours\\"}, \\"dateDebut\\": \\"2018-01-01\\", \\"frequencePeriodesIds\\": [1]}, {\\"id\\": \\"3\\", \\"nom\\": \\"Mars\\", \\"type\\": \\"checkbox\\", \\"valeurs\\": {\\"nonDebutes\\": \\"non débutés\\", \\"arretDefinitif\\": \\"arrêt définitif (après réhabilitation)\\", \\"rehabilitation\\": \\"réhabilitation\\", \\"arretTemporaire\\": \\"arrêt temporaire\\", \\"exploitationEnCours\\": \\"exploitation en cours\\"}, \\"dateDebut\\": \\"2018-01-01\\", \\"frequencePeriodesIds\\": [1]}, {\\"id\\": \\"4\\", \\"nom\\": \\"Avril\\", \\"type\\": \\"checkbox\\", \\"valeurs\\": {\\"nonDebutes\\": \\"non débutés\\", \\"arretDefinitif\\": \\"arrêt définitif (après réhabilitation)\\", \\"rehabilitation\\": \\"réhabilitation\\", \\"arretTemporaire\\": \\"arrêt temporaire\\", \\"exploitationEnCours\\": \\"exploitation en cours\\"}, \\"dateDebut\\": \\"2018-01-01\\", \\"frequencePeriodesIds\\": [2]}, {\\"id\\": \\"5\\", \\"nom\\": \\"Mai\\", \\"type\\": \\"checkbox\\", \\"valeurs\\": {\\"nonDebutes\\": \\"non débutés\\", \\"arretDefinitif\\": \\"arrêt définitif (après réhabilitation)\\", \\"rehabilitation\\": \\"réhabilitation\\", \\"arretTemporaire\\": \\"arrêt temporaire\\", \\"exploitationEnCours\\": \\"exploitation en cours\\"}, \\"dateDebut\\": \\"2018-01-01\\", \\"frequencePeriodesIds\\": [2]}, {\\"id\\": \\"6\\", \\"nom\\": \\"Juin\\", \\"type\\": \\"checkbox\\", \\"valeurs\\": {\\"nonDebutes\\": \\"non débutés\\", \\"arretDefinitif\\": \\"arrêt définitif (après réhabilitation)\\", \\"rehabilitation\\": \\"réhabilitation\\", \\"arretTemporaire\\": \\"arrêt temporaire\\", \\"exploitationEnCours\\": \\"exploitation en cours\\"}, \\"dateDebut\\": \\"2018-01-01\\", \\"frequencePeriodesIds\\": [2]}, {\\"id\\": \\"7\\", \\"nom\\": \\"Juillet\\", \\"type\\": \\"checkbox\\", \\"valeurs\\": {\\"nonDebutes\\": \\"non débutés\\", \\"arretDefinitif\\": \\"arrêt définitif (après réhabilitation)\\", \\"rehabilitation\\": \\"réhabilitation\\", \\"arretTemporaire\\": \\"arrêt temporaire\\", \\"exploitationEnCours\\": \\"exploitation en cours\\"}, \\"dateDebut\\": \\"2018-01-01\\", \\"frequencePeriodesIds\\": [3]}, {\\"id\\": \\"8\\", \\"nom\\": \\"Août\\", \\"type\\": \\"checkbox\\", \\"valeurs\\": {\\"nonDebutes\\": \\"non débutés\\", \\"arretDefinitif\\": \\"arrêt définitif (après réhabilitation)\\", \\"rehabilitation\\": \\"réhabilitation\\", \\"arretTemporaire\\": \\"arrêt temporaire\\", \\"exploitationEnCours\\": \\"exploitation en cours\\"}, \\"dateDebut\\": \\"2018-01-01\\", \\"frequencePeriodesIds\\": [3]}, {\\"id\\": \\"9\\", \\"nom\\": \\"Septembre\\", \\"type\\": \\"checkbox\\", \\"valeurs\\": {\\"nonDebutes\\": \\"non débutés\\", \\"arretDefinitif\\": \\"arrêt définitif (après réhabilitation)\\", \\"rehabilitation\\": \\"réhabilitation\\", \\"arretTemporaire\\": \\"arrêt temporaire\\", \\"exploitationEnCours\\": \\"exploitation en cours\\"}, \\"dateDebut\\": \\"2018-01-01\\", \\"frequencePeriodesIds\\": [3]}, {\\"id\\": \\"10\\", \\"nom\\": \\"Octobre\\", \\"type\\": \\"checkbox\\", \\"valeurs\\": {\\"nonDebutes\\": \\"non débutés\\", \\"arretDefinitif\\": \\"arrêt définitif (après réhabilitation)\\", \\"rehabilitation\\": \\"réhabilitation\\", \\"arretTemporaire\\": \\"arrêt temporaire\\", \\"exploitationEnCours\\": \\"exploitation en cours\\"}, \\"frequencePeriodesIds\\": [4]}, {\\"id\\": \\"11\\", \\"nom\\": \\"Novembre\\", \\"type\\": \\"checkbox\\", \\"valeurs\\": {\\"nonDebutes\\": \\"non débutés\\", \\"arretDefinitif\\": \\"arrêt définitif (après réhabilitation)\\", \\"rehabilitation\\": \\"réhabilitation\\", \\"arretTemporaire\\": \\"arrêt temporaire\\", \\"exploitationEnCours\\": \\"exploitation en cours\\"}, \\"dateDebut\\": \\"2018-01-01\\", \\"frequencePeriodesIds\\": [4]}, {\\"id\\": \\"12\\", \\"nom\\": \\"Décembre\\", \\"type\\": \\"checkbox\\", \\"valeurs\\": {\\"nonDebutes\\": \\"non débutés\\", \\"arretDefinitif\\": \\"arrêt définitif (après réhabilitation)\\", \\"rehabilitation\\": \\"réhabilitation\\", \\"arretTemporaire\\": \\"arrêt temporaire\\", \\"exploitationEnCours\\": \\"exploitation en cours\\"}, \\"dateDebut\\": \\"2018-01-01\\", \\"frequencePeriodesIds\\": [4]}]}","{\\"id\\": \\"complement\\", \\"nom\\": \\"Informations complémentaires\\", \\"elements\\": [{\\"id\\": \\"texte\\", \\"type\\": \\"textarea\\", \\"optionel\\": true, \\"dateDebut\\": \\"2018-01-01\\", \\"description\\": \\"Toute information sur les événements marquants du trimestre (accident, incident, arrêt ou suspension d’activité en précisant les raisons, évolution de l’exploitation, difficultés rencontrées, etc.).\\"}]}"}	tri
\.


--
-- Data for Name: activites_types__pays; Type: TABLE DATA; Schema: public; Owner: postgres
--

COPY public.activites_types__pays (pays_id, activite_type_id) FROM stdin;
GF	grp
\.


--
-- Data for Name: activites_types__types; Type: TABLE DATA; Schema: public; Owner: postgres
--

COPY public.activites_types__types (domaine_id, type_id, activite_type_id) FROM stdin;
m	cxx	grp
m	pxm	grp
m	axm	grp
\.


--
-- Data for Name: administrations; Type: TABLE DATA; Schema: public; Owner: postgres
--

COPY public.administrations (id, type_id, nom, service, url, email, telephone, adresse1, adresse2, code_postal, commune, cedex, departement_id, region_id) FROM stdin;
ope-onf-973-01	ope	Office national des forêts	Direction territoriale Guyane	http://www1.onf.fr/guyane/@@index.html	pole.minier@onf.fr	+594 (0)5 94 25 53 78	541 route de Montabo	Adresse postale\r\n541 route de Montabo\nCS87002	97300	Cayenne	\N	\N	\N
min-mtes-dgaln-01	min	Ministère de l'Economie et des Finances & Ministère de la Transition écologique et solidaire	Bureau de la politique des ressources minérales non énergétiques - Direction générale de l'aménagement, du logement et de la nature (DGALN)	http://www.mineralinfo.fr	earm2.deb.dgaln@developpement-durable.gouv.fr	+33 (0)1 40 81 21 22	Tour Séquoia\n1 place Carpeaux\n92800 Puteaux	Adresse postale\n92055 Paris-La-Défense Cedex	92800	Puteaux	Cedex	\N	\N
min-mtes-dgec-01	min	Ministère de l'Economie et des Finances & Ministère de la Transition écologique et solidaire	Bureau Ressources énergétiques du sous-sol (2A) - Direction générale de l'énergie et du climat (DGEC)	http://www.minergies.fr	2a.sd2.de.dgec@developpement-durable.gouv.fr	+33 (0)1 40 81 95 63	Tour Séquoia\n1 place Carpeaux\n92800 Puteaux	Adresse postale\r\n92055 Paris-La-Défense Cedex	92800	Puteaux	Cedex	\N	\N
min-mtes-dgpr-01	min	Ministère de l'Economie et des Finances & Ministère de la Transition écologique et solidaire	Bureau du sol et du sous-sol - Direction générale de la prévention des risques (DGPR)	\N	bsss.sdrcp.srt.dgpr@developpement-durable.gouv.fr	+33 (0)1 40 81 21 22	Tour Séquoia\n1 place Carpeaux\n92800 Puteaux	Adresse postale\n92055 Paris-La-Défense Cedex	92800	Puteaux	Cedex	\N	\N
dea-paca-01	dre	Direction régionale de l'environnement, de l'aménagement et du logement (DREAL) - Provence-Alpes-Côte-d'Azur	\N	http://www.paca.developpement-durable.gouv.fr	\N	+33 (0)4 91 28 40 40	16 rue Antoine-Zattara\nCS 70248\n13331 Marseille	\N	13331	Marseille	Cedex	\N	93
dea-bfc-01	dre	Direction régionale de l'environnement, de l'aménagement et du logement (DREAL) - Bourgogne-Franche-Comté - Siège de Besançon	\N	http://www.bourgogne-franche-comte.developpement-durable.gouv.fr	\N	+33 (0)3 81 21 67 00	Technopole microtechnique et scientifique\n17 E rue Alain-Savary\nBP 1269\n25005 Besançon	\N	25005	Besançon	Cedex	\N	27
dea-corse-01	dre	Direction régionale de l'environnement, de l'aménagement et du logement (DREAL) - Corse	\N	http://www.corse.developpement-durable.gouv.fr	dreal-corse@developpement-durable.gouv.fr	+33 (0)4 95 51 79 70	19 cours Napoléon\nBâtiment D\nCS 10006\n20704 Ajaccio	\N	20704	Ajaccio	Cedex	\N	94
dea-occitanie-01	dre	Direction régionale de l'environnement, de l'aménagement et du logement (DREAL) - Occitanie - Siège de Toulouse	\N	http://www.occitanie.developpement-durable.gouv.fr	\N	+33 (0)5 61 58 50 00	1 rue de la Cité-Administrative\nBâtiment G\nCS 80002\n31074 Toulouse	\N	31074	Toulouse	Cedex	\N	76
dea-bretagne-01	dre	Direction régionale de l'environnement, de l'aménagement et du logement (DREAL) - Bretagne	\N	http://www.bretagne.developpement-durable.gouv.fr	dreal-bretagne@developpement-durable.gouv.fr	+33 (0)2 99 33 45 55	10 rue Maurice-Fabre\nCS 96515\n35065 Rennes	\N	35065	Rennes	Cedex	\N	53
dea-pays-de-la-loire-01	dre	Direction régionale de l'environnement, de l'aménagement et du logement (DREAL) - Pays de la Loire	\N	http://www.pays-de-la-loire.developpement-durable.gouv.fr	dreal-pays-de-la-loire@developpement-durable.gouv.fr	+33 (0)2 72 74 73 00	5 rue Françoise-Giroud\nCS 16326\n44263 Nantes	\N	44263	Nantes	Cedex	\N	52
dea-centre-val-de-loire-01	dre	Direction régionale de l'environnement, de l'aménagement et du logement (DREAL) - Centre-Val-de-Loire	\N	http://www.centre.developpement-durable.gouv.fr	dreal-centre@developpement-durable.gouv.fr	+33 (0)2 36 17 41 41	5 avenue Buffon\nCS 96407\n45064 Orléans	\N	45064	Orléans	Cedex	\N	24
dea-grand-est-01	dre	Direction régionale de l'environnement, de l'aménagement et du logement (DREAL) - Grand Est - Siège de Metz	\N	http://www.grand-est.developpement-durable.gouv.fr	\N	+33 (0)3 87 62 81 00	Greenpark\n2 rue Augustin-Fresnel\nBP 95038\n57071 Metz	\N	57071	Metz	Cedex	\N	44
dea-hauts-de-france-01	dre	Direction régionale de l'environnement, de l'aménagement et du logement (DREAL) - Hauts-de-France - Siège de Lille	\N	http://www.hauts-de-france.developpement-durable.gouv.fr	\N	+33 (0)3 20 13 48 48	44 rue de Tournai\nCS 40259\n59019 Lille	\N	59019	Lille	Cedex	\N	32
deal-aura-01	dre	Direction régionale de l'environnement, de l'aménagement et du logement (DREAL) - Auvergne-Rhône-Alpes - Siège de Lyon	\N	http://www.auvergne-rhone-alpes.developpement-durable.gouv.fr	dir.dreal-auvergne-rhone-alpes@developpement-durable.gouv.fr	+33 (0)4 26 28 60 00	5 place Jules-Ferry\n69006 Lyon	Adresse postale\nDreal Rhône-Alpes\n69453 Lyon Cedex 6	69006	Lyon	Cedex	\N	84
dea-normandie-01	dre	Direction régionale de l'environnement, de l'aménagement et du logement (DREAL) - Normandie - Siège de Rouen	\N	http://www.normandie.developpement-durable.gouv.fr	dreal-hnormandie@developpement-durable.gouv.fr	+33 (0)2 35 58 53 27	BP 86002\nCité administrative\n2 rue Saint-Sever\n76032 Rouen	\N	76032	Rouen	Cedex	\N	28
dea-nouvelle-aquitaine-01	dre	Direction régionale de l'environnement, de l'aménagement et du logement (DREAL) - Nouvelle-Aquitaine - Siège de Poitiers	\N	http://www.nouvelle-aquitaine.developpement-durable.gouv.fr	\N	+33 (0)5 49 55 63 63	15 rue Arthur-Ranc\nBP 60539\n86020 Poitiers	\N	86020	Poitiers	Cedex	\N	75
dea-mayotte-01	dea	Direction de l'environnement de l'aménagement et du logement (DEAL) - Mayotte	\N	http://www.mayotte.gouv.fr/Services-de-l-Etat/Direction-de-l-Environnement-de-l-Amenagement-et-du-Logement-DEAL	de-mayotte@equipement.gouv.fr	+262 269 61 12 54	Terre plein de M'Tsapéré\n97600 Mamoudzou	Adresse postale\nBP 109\n97600 Mamoudzou	97600	Mamoudzou	Cedex	\N	06
dea-guyane-01	dea	Direction de l'environnement de l'aménagement et du logement (DEAL) - Guyane	\N	http://www.guyane.developpement-durable.gouv.fr	\N	+594 5 94 39 80 00	Route du Vieux-Port\n97300 Cayenne	Adresse postale\nRoute du Vieux-Port\nCS 76003\n97306 Cayenne	97300	Cayenne	Cedex	\N	03
dea-martinique-01	dea	Direction de l'environnement de l'aménagement et du logement (DEAL) - Martinique	\N	http://www.martinique.developpement-durable.gouv.fr	deal-martinique-usagers@developpement-durable.gouv.fr	+33 (0)5 96 59 57 00	B.P. 7212\n97274 Schœlcher	\N	97274	Schœlcher	Cedex	\N	02
dea-reunion-01	dea	Direction de l'environnement de l'aménagement et du logement (DEAL) - La Réunion	\N	http://www.reunion.developpement-durable.gouv.fr	deal-reunion@developpement-durable.gouv.fr	+33 (0)2 62 40 26 26	2 rue Juliette Dodu\nCS 41009\r\n97743 Saint-Denis	\N	97743	Saint-Denis	Cedex	\N	04
dea-guadeloupe-01	dea	Direction de l'environnement de l'aménagement et du logement (DEAL) - Guadeloupe	\N	http://www.guadeloupe.developpement-durable.gouv.fr	deal-guadeloupe@developpement-durable.gouv.fr	+33 (0)5 90 99 46 46	Route de St Phy\n97102 Basse-Terre	Adresse postale\r\nDEAL Guadeloupe\nBP 54\n97102 Basse-Terre	97102	Basse-Terre	Cedex	\N	01
prefecture-01053-01	pre	Préfecture - Ain	\N	http://www.ain.gouv.fr	prefecture@ain.gouv.fr	04 74 32 30 00	45, avenue d'Alsace-Lorraine, CS 80400, Quartier Bourg centre	\N	01012	Bourg-en-Bresse Cedex	\N	01	\N
prefecture-02408-01	pre	Préfecture - Aisne	\N	http://www.aisne.gouv.fr	prefecture@aisne.gouv.fr	03 23 21 82 82	2, rue Paul-Doumer	\N	02010	Laon Cedex	\N	02	\N
prefecture-03190-01	pre	Préfecture - Allier	\N	http://www.allier.gouv.fr	prefecture@allier.gouv.fr	04 70 48 30 00	2, rue Michel-de-L'Hospital, CS 31649	\N	03016	Moulins Cedex	\N	03	\N
prefecture-04070-01	pre	Préfecture - Alpes-de-Haute-Provence	\N	http://www.alpes-de-haute-provence.gouv.fr	\N	04 92 36 72 00	8, rue Docteur-Romieu	\N	04016	Digne-les-Bains Cedex	\N	04	\N
prefecture-05061-01	pre	Préfecture des Hautes-Alpes	\N	http://www.hautes-alpes.gouv.fr	prefecture@hautes-alpes.gouv.fr	04 92 40 48 00	28, rue Saint-Arey, CS 66002	\N	05011	Gap Cedex	\N	05	\N
prefecture-06088-01	pre	Préfecture - Alpes-Maritimes	\N	http://www.alpes-maritimes.gouv.fr	\N	04 93 72 20 00	CADAM, 147, route de Grenoble	Services de l'État dans les Alpes-Maritimes, Préfecture, CADAM, 147, route de Grenoble	06000	Nice	\N	06	\N
prefecture-07186-01	pre	Préfecture - Ardèche	\N	http://www.ardeche.gouv.fr	pref-courrier@ardeche.gouv.fr	04 75 66 50 00	4, boulevard de Vernon	\N	07000	Privas	\N	07	\N
prefecture-08105-01	pre	Préfecture des Ardennes	\N	http://www.ardennes.gouv.fr	prefecture@ardennes.gouv.fr	03 24 59 66 00	1, place de la Préfecture, BP 60002	\N	08005	Charleville-Mézières Cedex	\N	08	\N
prefecture-10387-01	pre	Préfecture - Aube	\N	http://www.aube.gouv.fr	prefecture@aube.gouv.fr	03 25 42 35 00	CS 20372, 2, rue Pierre-Labonde	\N	10025	Troyes Cedex	\N	10	\N
prefecture-09122-01	pre	Préfecture - Ariège	\N	http://www.ariege.gouv.fr	prefecture@ariege.gouv.fr	05 61 02 10 00	2, rue de la Préfecture - Préfet Claude Erignac, BP 4087	\N	09007	Foix Cedex	\N	09	\N
prefecture-12202-01	pre	Préfecture de l'Aveyron	\N	http://www.aveyron.gouv.fr	prefecture@aveyron.fr	05 65 75 71 71	Place Charles-de-Gaulle\nBP 715	\N	12007	Rodez Cedex	\N	12	\N
prefecture-13203-01	pre	Préfecture des Bouches-du-Rhône	\N	http://www.bouches-du-rhone.gouv.fr	contact@bouches-du-rhone.pref.gouv.fr	04 84 35 40 00	Boulevard Paul-Peytral	\N	13282	Marseille Cedex 20	\N	13	\N
prefecture-14118-01	pre	Préfecture - Calvados	\N	http://www.calvados.gouv.fr	prefecture@calvados.gouv.fr	02 31 30 64 00	Rue Daniel-Huet	\N	14038	Caen Cedex 9	\N	14	\N
prefecture-16015-01	pre	Préfecture - Charente	\N	http://www.charente.gouv.fr	communication@charente.gouv.fr	05 45 97 61 00	7-9, rue de la Préfecture, CS 92301	\N	16023	Angoulême Cedex	\N	16	\N
prefecture-17300-01	pre	Préfecture - Charente-Maritime	\N	http://www.charente-maritime.gouv.fr	prefecture@charente-maritime.gouv.fr	05 46 27 43 00	CS 70000, 38, rue Réaumur	\N	17017	La Rochelle Cedex 1	\N	17	\N
prefecture-18033-01	pre	Préfecture du Cher	\N	http://www.cher.gouv.fr	prefecture@cher.gouv.fr	02 48 67 18 18	Place Marcel-Plaisant, CS 60022	\N	18020	Bourges Cedex	\N	18	\N
prefecture-19272-01	pre	Préfecture - Corrèze	\N	http://www.correze.gouv.fr	prefecture@correze.gouv.fr	05 55 20 55 20	1, rue Souham, BP 250	\N	19012	Tulle Cedex	\N	19	\N
prefecture-21231-01	pre	Préfecture - Côte-d'Or	\N	http://www.cote-dor.gouv.fr	\N	03 80 44 64 00	53, rue de la Préfecture	\N	21041	Dijon Cedex	\N	21	\N
prefecture-23096-01	pre	Préfecture de la Creuse	\N	http://www.creuse.gouv.fr	\N	0810 01 23 23	BP 79, Place Louis-Lacrocq	\N	23011	Guéret Cedex	\N	23	\N
prefecture-24322-01	pre	Préfecture de Dordogne	\N	http://www.dordogne.gouv.fr	prefecture@dordogne.gouv.fr	05 53 02 24 24	2, rue Paul-Louis-Courier	Services de l'État - Préfecture de la Dordogne, Cité adminsitrative	24000	Périgueux	\N	24	\N
prefecture-26362-01	pre	Préfecture - Drôme	\N	http://www.drome.gouv.fr	prefecture@drome.gouv.fr	04 75 79 28 00	3, boulevard Vauban	\N	26030	Valence Cedex 9	\N	26	\N
prefecture-27229-01	pre	Préfecture - Eure	\N	http://www.eure.gouv.fr	courrier-web@eure.gouv.fr	02 32 78 27 27	Boulevard Georges-Chauvin	\N	27022	Evreux Cedex	\N	27	\N
prefecture-28085-01	pre	Préfecture - Eure-et-Loir	\N	http://www.eure-et-loir.gouv.fr	\N	02 37 27 72 00	Place de la République, CS 80537	\N	28019	Chartres Cedex	\N	28	\N
prefecture-29232-01	pre	Préfecture du Finistère	\N	http://www.finistere.gouv.fr	prefecture@finistere.gouv.fr	02 98 76 29 29	42, boulevard Dupleix	\N	29320	Quimper Cedex	\N	29	\N
prefecture-2A004-01	pre	Préfecture de Corse-du-Sud	\N	http://www.corse-du-sud.gouv.fr	prefecture@corse-du-sud.gouv.fr	04 95 11 12 13	Palais Lantivy, Cours Napoléon	\N	20188	Ajaccio Cedex 9	\N	2A	\N
prefecture-2B033-01	pre	Préfecture - Haute-Corse	\N	http://www.haute-corse.gouv.fr	prefecture.haute-corse@haute-corse.pref.gouv.fr	04 95 34 50 00	CS 60007, Rond-Point du Maréchal-Leclerc-de-Hautecloque	\N	20401	Bastia Cedex 09	\N	2B	\N
prefecture-31555-01	pre	Préfecture - Haute-Garonne	\N	http://www.haute-garonne.gouv.fr	\N	05 34 45 34 45	1, place Saint-Étienne	Place Saint-Étienne	31000	Toulouse	\N	31	\N
prefecture-32013-01	pre	Préfecture - Gers	\N	http://www.gers.gouv.fr	prefecture@gers.gouv.fr	05 62 61 44 00	3, place du Préfet Claude-Erignac	\N	32007	Auch Cedex	\N	32	\N
prefecture-33063-01	pre	Préfecture - Gironde	\N	http://www.gironde.gouv.fr	\N	05 56 90 60 60	Rue Claude-Bonnier	2, esplanade Charles-de-Gaulle, CS 41397	33000	Bordeaux	\N	33	\N
prefecture-34172-01	pre	Préfecture de l'Hérault	\N	http://www.herault.gouv.fr	\N	04 67 61 61 61	34, place des Martyrs-de-la-Résistance	\N	34062	Montpellier Cedex 2	\N	34	\N
prefecture-35238-01	pre	Préfecture - Ille-et-Vilaine	\N	http://www.bretagne.gouv.fr	prefecture@ille-et-vilaine.gouv.fr	02 99 02 10 35	3, avenue de la Préfecture	\N	35026	Rennes Cedex 9	\N	35	\N
prefecture-36044-01	pre	Préfecture - Indre	\N	http://www.indre.gouv.fr	\N	02 54 29 50 00	Rue des Jeux marins	Place de la Victoire et des Alliés, CS 80583	36000	Châteauroux	\N	36	\N
prefecture-39300-01	pre	Préfecture - Jura	\N	http://www.jura.gouv.fr	prefecture@jura.gouv.fr	03 84 86 84 00	8, rue de la Préfecture	\N	39030	Lons-le-Saunier Cedex	\N	39	\N
prefecture-40192-01	pre	Préfecture - Landes	\N	http://www.landes.gouv.fr	\N	05 58 06 58 06	24-26, rue Victor-Hugo	\N	40021	Mont-de-Marsan Cedex	\N	40	\N
prefecture-41018-01	pre	Préfecture - Loir-et-Cher	\N	http://www.loir-et-cher.gouv.fr	\N	0810 02 41 41	BP 40299, 1, place de la République	\N	41006	Blois Cedex	\N	41	\N
prefecture-42218-01	pre	Préfecture - Loire	\N	http://www.loire.gouv.fr	pref-loire@loire.pref.gouv.fr	04 77 48 48 48	2, rue Charles-de-Gaulle	\N	42022	Saint-Etienne Cedex 1	\N	42	\N
prefecture-43157-01	pre	Préfecture de Haute-Loire	\N	http://www.haute-loire.gouv.fr	prefecture@haute-loire.gouv.fr	04 71 09 43 43	6, avenue du Général-de-Gaulle, CS 40321	\N	43009	Le Puy-en-Velay Cedex	\N	43	\N
prefecture-44109-01	pre	Préfecture - Loire-Atlantique	\N	http://www.loire-atlantique.gouv.fr	\N	02 40 41 20 20	6, quai Ceineray, BP 33515	\N	44035	Nantes Cedex 1	\N	44	\N
prefecture-47001-01	pre	Préfecture - Lot-et-Garonne	\N	http://www.lot-et-garonne.gouv.fr	\N	05 53 77 60 47	Place de Verdun	\N	47920	Agen Cedex 9	\N	47	\N
prefecture-48095-01	pre	Préfecture de la Lozère	\N	http://www.lozere.gouv.fr	prefecture@lozere.gouv.fr	04 66 49 60 00	Rue du Faubourg-Montbel	BP 130	48000	Mende	\N	48	\N
prefecture-11069-01	pre	Préfecture - Aude	\N	http://www.aude.gouv.fr	prefecture@aude.gouv.fr	04 68 10 27 00	CS 20001, 52, rue Jean-Bringer	\N	11836	Carcassonne Cedex 9	\N	11	\N
prefecture-22278-01	pre	Préfecture - Côtes-d'Armor	\N	http://www.cotes-darmor.gouv.fr	prefecture@cotes-darmor.gouv.fr	02 96 62 44 22	1, place du Général-de-Gaulle, BP 2370	\N	22023	Saint-Brieuc Cedex 1	\N	22	\N
prefecture-30189-01	pre	Préfecture - Gard	\N	http://www.gard.gouv.fr	prefecture@gard.gouv.fr	0820 09 11 72	2, rue Guillemette, 19, avenue Feuchères (étrangers)	10, avenue Feuchères	30000	Nîmes	\N	30	\N
prefecture-38185-01	pre	Préfecture - Isère	\N	http://www.isere.gouv.fr	\N	04 76 60 34 00	CS 71046, Place de Verdun	\N	38021	Grenoble Cedex 1	\N	38	\N
prefecture-45234-01	pre	Préfecture - Loiret	\N	http://www.loiret.gouv.fr	\N	0821 80 30 45	181, rue de Bourgogne	\N	45042	Orléans Cedex 1	\N	45	\N
prefecture-59350-01	pre	Préfecture - Nord	\N	http://www.nord.gouv.fr	\N	03 20 30 59 59	CS 20003, 12, rue Jean-Sans-Peur	\N	59039	Lille Cedex	\N	59	\N
prefecture-67482-01	pre	Préfecture - Bas-Rhin	\N	http://www.bas-rhin.gouv.fr	\N	03 88 21 67 68	5 place de la République, BP 1047	\N	67073	Strasbourg Cedex	\N	67	\N
prefecture-83137-01	pre	Préfecture - Var	\N	http://www.var.gouv.fr	\N	04 94 18 83 83	CS 31209, Boulevard du 112e Régiment-d'Infanterie	\N	83070	Toulon Cedex	\N	83	\N
prefecture-97105-01	pre	Préfecture - Guadeloupe	\N	http://www.guadeloupe.pref.gouv.fr	\N	+590 590 99 39 00	Avenue Paul-Lacavé	\N	97109	Basse-Terre Cedex	\N	971	\N
prefecture-15014-01	pre	Préfecture - Cantal	\N	http://www.cantal.gouv.fr	courrier@cantal.pref.gouv.fr	04 71 46 23 00	Cours Monthyon, BP 529	\N	15005	Aurillac Cedex	\N	15	\N
prefecture-25056-01	pre	Préfecture - Doubs	\N	http://www.doubs.gouv.fr	pref-courrier@doubs.gouv.fr	03 81 25 10 00	8 bis, rue Charles-Nodier	\N	25035	Besançon Cedex	\N	25	\N
prefecture-37261-01	pre	Préfecture d'Indre-et-Loire	\N	http://www.indre-et-loire.gouv.fr	prefecture@indre-et-loire.gouv.fr	+ 33 2 47 64 37 37	15, rue Bernard-Palissy	\N	37925	Tours Cedex 9	\N	37	\N
prefecture-46042-01	pre	Préfecture - Lot	\N	http://www.lot.gouv.fr	prefecture@lot.gouv.fr	05 65 23 10 00	Cité Bessières	\N	46009	Cahors Cedex 9	\N	46	\N
prefecture-57463-01	pre	Préfecture - Moselle	\N	\N	\N	03 87 34 87 34	9, place de la Préfecture, BP 71014	\N	57034	Metz Cedex 01	\N	57	\N
prefecture-71270-01	pre	Préfecture - Saône-et-Loire	\N	http://www.saone-et-loire.gouv.fr	\N	03 85 21 81 00	196, rue de Strasbourg	\N	71021	Mâcon Cedex 9	\N	71	\N
prefecture-80021-01	pre	Préfecture - Somme	\N	http://www.somme.gouv.fr	pref-courrier@somme.gouv.fr	0821 80 30 80	51, rue de la République	\N	80020	Amiens Cedex 9	\N	80	\N
prefecture-88160-01	pre	Préfecture des Vosges	\N	http://www.vosges.gouv.fr	prefecture@vosges.gouv.fr	03 29 69 88 88	1, place Foch	\N	88026	Epinal Cedex	\N	88	\N
prefecture-97611-01	pre	Préfecture - Mayotte	\N	http://www.mayotte.pref.gouv.fr/	\N	02 69 63 50 00	BP 676, Kawéni, Avenue de la Préfecture	\N	97600	Mamoudzou	\N	976	\N
prefecture-49007-01	pre	Préfecture - Maine-et-Loire	\N	http://www.maine-et-loire.gouv.fr	modernisation@maine-et-loire.pref.gouv.fr	02 41 81 81 81	Place Michel-Debré	\N	49934	Angers Cedex 9	\N	49	\N
prefecture-53130-01	pre	Préfecture - Mayenne	\N	http://www.mayenne.gouv.fr	pref-communication@mayenne.gouv.fr	02 43 01 50 00	46, rue Mazagran, CS 91507	\N	53015	Laval Cedex	\N	53	\N
prefecture-65440-01	pre	Préfecture - Hautes-Pyrénées	\N	http://www.hautes-pyrenees.gouv.fr	prefecture@hautes-pyrenees.gouv.fr	05 62 56 65 65	CS 61350, Place Charles-de-Gaulle	\N	65013	Tarbes Cedex 9	\N	65	\N
prefecture-72181-01	pre	Préfecture - Sarthe	\N	http://www.sarthe.gouv.fr	pref-mail@sarthe.gouv.fr	02 43 39 72 72	Place Aristide-Briand	\N	72041	Le Mans Cedex 9	\N	72	\N
prefecture-78646-01	pre	Préfecture - Yvelines	\N	http://www.yvelines.gouv.fr	pref-communication78@yvelines.gouv.fr	01 39 49 78 00	1, rue Jean-Houdon	\N	78000	Versailles	\N	78	\N
prefecture-87085-01	pre	Préfecture - Haute-Vienne	\N	http://www.haute-vienne.gouv.fr	\N	05 55 44 18 00	1, rue de la Préfecture, BP 87031	\N	87031	Limoges Cedex 1	\N	87	\N
prefecture-97209-01	pre	Préfecture - Martinique	\N	http://www.martinique.pref.gouv.fr	contact.prefecture@martinique.pref.gouv.fr	+596 596 39 36 00	82, rue Victor-Sévère	\N	97262	Fort-de-France Cedex	\N	972	\N
prefecture-50502-01	pre	Préfecture - Manche	\N	http://www.manche.gouv.fr	prefecture@manche.gouv.fr	02 33 75 49 50	Place de la Préfecture, BP 70522	\N	50002	Saint-Lô Cedex	\N	50	\N
prefecture-60057-01	pre	Préfecture de l'Oise	\N	http://www.oise.gouv.fr	\N	03 44 06 12 60	1, place de la Préfecture	\N	60022	Beauvais Cedex	\N	60	\N
prefecture-66136-01	pre	Préfecture - Pyrénées-Orientales	\N	http://www.pyrenees-orientales.gouv.fr	\N	04 68 51 66 66	24, quai Sadi-Carnot, BP 951	\N	66951	Perpignan Cedex	\N	66	\N
prefecture-76540-01	pre	Préfecture de la Seine-Maritime	\N	http://www.seine-maritime.gouv.fr	\N	02 32 76 50 00	7, place de la Madeleine	\N	76036	Rouen Cedex	\N	76	\N
prefecture-86194-01	pre	Préfecture - Vienne	\N	http://www.vienne.gouv.fr	pref-courrier@vienne.gouv.fr	05 49 55 70 00	BP 589, 7, place Aristide-Briand	\N	86021	Poitiers Cedex	\N	86	\N
prefecture-91228-01	pre	Préfecture - Essonne	\N	http://www.essonne.gouv.fr	prefecture@essonne.gouv.fr	01 69 91 91 91	Boulevard de France	\N	91010	Évry	\N	91	\N
prefecture-51108-01	pre	Préfecture - Marne	\N	http://www.marne.gouv.fr	contact@marne.gouv.fr	03 26 26 10 10	38, rue Carnot	\N	51036	Châlons-en-Champagne Cedex	\N	51	\N
prefecture-61001-01	pre	Préfecture de l'Orne	\N	http://www.orne.gouv.fr	pref-communication@orne.gouv.fr	02 33 80 61 61	BP 529, 39, rue Saint-Blaise	\N	61018	Alençon Cedex	\N	61	\N
prefecture-70550-01	pre	Préfecture - Haute-Saône	\N	http://www.haute-saone.gouv.fr	prefecture@haute-saone.pref.gouv.fr	03 84 77 70 00	1, rue de la Préfecture, BP 429	\N	70013	Vesoul Cedex	\N	70	\N
prefecture-85191-01	pre	Préfecture - Vendée	\N	http://www.vendee.gouv.fr	prefecture@vendee.gouv.fr	02 51 36 70 85	29, rue Delille	\N	85922	La Roche-sur-Yon Cedex 9	\N	85	\N
prefecture-95127-01	pre	Préfecture - Val-d'Oise	\N	http://www.val-doise.gouv.fr	prefecture@val-doise.gouv.fr	01 34 20 95 95	CS 20105, 5, avenue Bernard-Hirsch	\N	95010	Cergy-Pontoise Cedex	\N	95	\N
prefecture-52121-01	pre	Préfecture - Haute-Marne	\N	http://www.haute-marne.gouv.fr	prefecture@haute-marne.gouv.fr	03 25 30 52 52	89, rue de la Victoire-de-la-Marne	\N	52011	Chaumont Cedex	\N	52	\N
prefecture-64445-01	pre	Préfecture des Pyrénées-Atlantiques	\N	http://www.pyrenees-atlantiques.gouv.fr	prefecture@pyrenees-atlantiques.gouv.fr	05 59 98 24 24	2, rue du Maréchal-Joffre	\N	64021	Pau Cedex	\N	64	\N
prefecture-74010-01	pre	Préfecture de Haute-Savoie	\N	http://www.haute-savoie.gouv.fr	prefecture@haute-savoie.gouv.fr	04 50 33 60 00	30, rue du 30e-Régiment-d'Infanterie, BP 2332	\N	74034	Annecy Cedex	\N	74	\N
prefecture-79191-01	pre	Préfecture - Deux-Sèvres	\N	http://www.deux-sevres.gouv.fr	courrier@deux-sevres.pref.gouv.fr	05 49 08 68 68	4, rue Duguesclin, BP 70000	\N	79099	Niort Cedex 9	\N	79	\N
prefecture-89024-01	pre	Préfecture de l'Yonne	\N	http://www.yonne.gouv.fr	prefecture@yonne.gouv.fr	03 86 72 79 89	Place de la Préfecture	\N	89016	Auxerre Cedex	\N	89	\N
prefecture-97302-01	pre	Préfecture - Guyane	\N	http://www.guyane.pref.gouv.fr	courrier@guyane.pref.gouv.fr	+594 594 39 45 00	BP 7008, Rue Fiedmond	\N	97307	Cayenne Cedex	\N	973	\N
prefecture-54395-01	pre	Préfecture - Meurthe-et-Moselle	\N	http://www.meurthe-et-moselle.gouv.fr	pref-informations@meurthe-et-moselle.gouv.fr	03 83 34 26 26	6, rue Sainte-Catherine	CS 60031, 1, rue du Préfet-Claude-Érignac	54000	Nancy	\N	54	\N
prefecture-63113-01	pre	Préfecture - Puy-de-Dôme	\N	http://www.puy-de-dome.gouv.fr	\N	04 73 98 63 63	1, rue d'Assas	\N	63033	Clermont-Ferrand Cedex 1	\N	63	\N
prefecture_region-75115-01	pre	Préfecture de région - Île-de-France	\N	http://www.prefectures-regions.gouv.fr/ile-de-france	\N	01 82 52 40 00	5 rue Leblanc	\N	75911	Paris Cedex 15	\N	75	\N
prefecture-84007-01	pre	Préfecture - Vaucluse	\N	http://www.vaucluse.gouv.fr	pref-contact@vaucluse.gouv.fr	04 88 17 84 84	2, avenue de la Folie	Services de l'Etat en Vaucluse Préfecture	84000	Avignon	\N	84	\N
prefecture-94028-01	pre	Préfecture - Val-de-Marne	\N	http://www.val-de-marne.gouv.fr	prefecture@val-de-marne.gouv.fr	01 49 56 60 00	21-29, avenue du Général-de-Gaulle	\N	94038	Créteil Cedex	\N	94	\N
prefecture-55029-01	pre	Préfecture - Meuse	\N	http://www.meuse.gouv.fr	\N	03 29 77 55 55	40, rue du Bourg, CS 30512	\N	55012	Bar-le-Duc Cedex	\N	55	\N
prefecture-62041-01	pre	Préfecture - Pas-de-Calais	\N	http://www.pas-de-calais.gouv.fr	\N	03 21 21 20 00	Rue Ferdinand-Buisson	\N	62020	Arras Cedex 9	\N	62	\N
prefecture-73065-01	pre	Préfecture - Savoie	\N	http://www.savoie.gouv.fr	prefecture@savoie.gouv.fr	04 79 75 50 50	Château des Ducs de Savoie, BP 1801	\N	73018	Chambéry Cedex	\N	73	\N
prefecture-82121-01	pre	Préfecture - Tarn-et-Garonne	\N	http://www.tarn-et-garonne.gouv.fr	\N	05 63 22 82 00	2, allée de l'Empereur, BP 779	\N	82013	Montauban Cedex	\N	82	\N
prefecture-93008-01	pre	Préfecture de la Seine-Saint-Denis	\N	http://www.seine-saint-denis.gouv.fr	prefecture@seine-saint-denis.gouv.fr	01 41 60 60 60	1, esplanade Jean-Moulin	\N	93007	Bobigny Cedex	\N	93	\N
prefecture-56260-01	pre	Préfecture - Morbihan	\N	http://www.morbihan.gouv.fr	\N	02 97 54 84 00	24, place de la République	Préfecture du Morbihan, BP 501	56000	Vannes	\N	56	\N
prefecture-68066-01	pre	Préfecture - Haut-Rhin	\N	http://www.haut-rhin.gouv.fr	pref-courrier@haut-rhin.gouv.fr	03 89 29 20 00	11, avenue de la République	7, rue Bruat, BP 10489	68000	Colmar	\N	68	\N
prefecture-77288-01	pre	Préfecture de Seine-et-Marne	\N	http://www.seine-et-marne.gouv.fr	\N	01 64 71 77 77	12, rue des Saints-Pères	\N	77010	Melun Cedex	\N	77	\N
prefecture-90010-01	pre	Préfecture - Territoire de Belfort	\N	http://www.territoire-belfort.gouv.fr	courrier90@territoire-de-belfort.pref.gouv.fr	03 84 57 00 07	Place de la République	\N	90020	Belfort Cedex	\N	90	\N
prefecture-97411-01	pre	Préfecture - Réunion	\N	http://www.reunion.gouv.fr	\N	+262 262 40 77 77	1, rue de la Messagerie, CS 51079	\N	97404	Saint-Denis Cedex	\N	974	\N
prefecture-58194-01	pre	Préfecture - Nièvre	\N	http://www.nievre.gouv.fr	courrier@nievre.pref.gouv.fr	03 86 60 70 80	40, rue de la Préfecture	\N	58026	Nevers Cedex	\N	58	\N
prefecture-69383-01	pre	Préfecture - Rhône	\N	http://www.rhone.gouv.fr	\N	0821 80 30 69	97, rue Molière	106, rue Pierre-Corneille	69003	Lyon	\N	69	\N
prefecture-81004-01	pre	Préfecture du Tarn	\N	http://www.tarn.gouv.fr	courrier@tarn.pref.gouv.fr	05 63 45 61 61	Place de la Préfecture	\N	81013	Albi Cedex 9	\N	81	\N
prefecture-92050-01	pre	Préfecture - Hauts-de-Seine	\N	http://www.hauts-de-seine.gouv.fr	prefecture@hauts-de-seine.gouv.fr	01 40 97 20 00	167-177, avenue Joliot-Curie	\N	92013	Nanterre Cedex	\N	92	\N
\.


--
-- Data for Name: administrations__domaines; Type: TABLE DATA; Schema: public; Owner: postgres
--

COPY public.administrations__domaines (domaine_id, administration_id) FROM stdin;
m	min-mtes-dgaln-01
w	min-mtes-dgaln-01
c	min-mtes-dgaln-01
h	min-mtes-dgec-01
f	min-mtes-dgec-01
g	min-mtes-dgec-01
s	min-mtes-dgec-01
r	min-mtes-dgec-01
\.


--
-- Data for Name: administrations_types; Type: TABLE DATA; Schema: public; Owner: postgres
--

COPY public.administrations_types (id, nom, ordre) FROM stdin;
min	Ministère	1
dre	Dréal	2
dea	Déal	3
pre	Préfecture	4
ope	Opérateur	5
\.


--
-- Data for Name: communes; Type: TABLE DATA; Schema: public; Owner: postgres
--

COPY public.communes (id, nom, departement_id) FROM stdin;
97311	Saint-Laurent-du-Maroni	973
97310	Roura	973
97304	Kourou	973
97357	Grand-Santi	973
97362	Papaichton	973
01109	Collonges	01
74077	Clarafond-Arcine	74
74074	Chevrier	74
01209	Léaz	01
74069	Chênex	74
01308	Pougny	01
74309	Viry	74
74250	Saint-Pierre-en-Faucigny	74
74042	Bonneville	74
74024	Ayse	74
74240	Saint-Jean-de-Tholome	74
74244	Saint-Laurent	74
74021	Arthaz-Pont-Notre-Dame	74
74298	Vétraz-Monthoux	74
74197	Nangy	74
74040	Bonne	74
74012	Annemasse	74
74094	Cranves-Sales	74
74128	Fillinges	74
74153	Lucinges	74
74145	Juvigny	74
74305	Ville-la-Grand	74
74008	Ambilly	74
74133	Gaillard	74
74118	Étrembières	74
74243	Saint-Julien-en-Genevois	74
74304	Ville-en-Sallaz	74
74311	Viuz-en-Sallaz	74
74226	Saint-André-de-Boëge	74
74037	Boëge	74
74122	Faucigny	74
74087	Contamine-sur-Arve	74
74209	Peillonnex	74
74284	La Tour	74
74162	Marcellaz	74
74043	Bons-en-Chablais	74
74229	Saint-Cergues	74
74158	Machilly	74
74193	La Muraz	74
74211	Pers-Jussy	74
74220	Reignier-Ésery	74
74262	Scientrier	74
74185	Monnetier-Mornex	74
74018	Arenthon	74
74044	Bossey	74
74082	Collonges-sous-Salève	74
74016	Archamps	74
74313	Vovray-en-Bornes	74
74177	Menthonnex-en-Bornes	74
74259	Le Sappey	74
74059	La Chapelle-Rambaud	74
74015	Arbusigny	74
74282	Fillière	74
74306	Villy-le-Bouveret	74
74224	La Roche-sur-Foron	74
74253	Saint-Sixt	74
74116	Etaux	74
74007	Amancy	74
74090	Cornier	74
74052	Cernex	74
74296	Vers	74
74009	Andilly	74
74228	Saint-Blaise	74
74216	Présilly	74
74031	Beaumont	74
74124	Feigères	74
74201	Neydens	74
74260	Savigny	74
74101	Dingy-en-Vuache	74
74184	Minzier	74
74144	Jonzier-Épagny	74
74288	Valleiry	74
74314	Vulbens	74
74088	Copponex	74
74096	Cruseilles	74
54250	Haraucourt	54
54104	Buissoncourt	54
54110	Cerville	54
54311	Lenoncourt	54
26349	Tersanne	26
26148	Hauterives	26
26083	Châteauneuf-de-Galaure	26
26314	Saint-Martin-d'Août	26
67206	Hoffen	67
67339	Betschdorf	67
67288	Memmelshoffen	67
67290	Merkwiller-Pechelbronn	67
67394	Retschwiller	67
67455	Schœnenbourg	67
67474	Soultz-sous-Forêts	67
67254	Kutzenhausen	67
67487	Surbourg	67
97106	Bouillante	971
87096	La Meyze	87
87031	Le Chalard	87
24218	Jumilhac-le-Grand	24
87082	Ladignac-le-Long	87
87187	Saint-Yrieix-la-Perche	87
87095	Meuzac	87
87049	Coussac-Bonneval	87
87127	La Roche-l'Abeille	87
87039	Château-Chervix	87
87176	Saint-Priest-Ligoure	87
54139	Courbesseaux	54
54219	Gellenoncourt	54
54173	Drouville	54
97306	Mana	973
97303	Iracoubo	973
97360	Apatou	973
77224	Hautefeuille	77
77176	Faremoutiers	77
77433	Saints	77
77360	Pézarches	77
77469	Touquin	77
91235	Fleury-Mérogis	91
91570	Saint-Michel-sur-Orge	91
91549	Sainte-Geneviève-des-Bois	91
91648	Vert-le-Grand	91
91103	Brétigny-sur-Orge	91
91494	Le Plessis-Pâté	91
91086	Bondoufle	91
\.


--
-- Data for Name: demarches_statuts; Type: TABLE DATA; Schema: public; Owner: postgres
--

COPY public.demarches_statuts (id, nom, couleur) FROM stdin;
acc	acceptée	success
cls	classée sans suite	neutral
dep	déposée	warning
eco	en construction	warning
ind	indeterminé	warning
ini	initiée	warning
ins	en instruction	warning
rej	rejetée	neutral
ret	retirée	neutral
ter	terminée	success
\.


--
-- Data for Name: demarches_types; Type: TABLE DATA; Schema: public; Owner: postgres
--

COPY public.demarches_types (id, nom, ordre, duree, points, substances, titulaires, renouvelable, exception, auto) FROM stdin;
abr	abrogation	\N	t	\N	\N	\N	\N	\N	\N
amo	amodiation	\N	\N	\N	\N	t	t	\N	\N
con	conversion	\N	\N	\N	t	\N	\N	\N	\N
exp	extension de périmètre	\N	t	t	\N	\N	t	\N	\N
dep	déplacement de périmètre	\N	\N	t	\N	\N	t	\N	\N
exs	extension de substance	\N	t	\N	t	\N	t	\N	\N
fus	fusion	\N	t	t	\N	t	t	\N	\N
mut	mutation	\N	t	t	\N	t	t	\N	\N
vut	mutuation partielle (nouveau titre)	\N	t	t	\N	t	t	\N	t
oct	octroi	1	t	t	t	t	\N	\N	\N
pr1	prolongation 1	3	t	t	\N	\N	\N	\N	\N
pr2	prolongation 2	4	t	t	\N	\N	\N	\N	\N
pre	prolongation exceptionnelle	\N	t	\N	\N	\N	\N	t	\N
pro	prolongation	2	t	t	\N	\N	t	\N	\N
prr	prorogation	\N	t	t	\N	\N	t	\N	\N
ren	renonciation	\N	t	t	\N	t	t	\N	\N
res	résiliation anticipée d'amodiation	\N	\N	\N	\N	t	t	\N	\N
ret	retrait	\N	t	\N	\N	\N	\N	\N	\N
dec	déchéance	\N	\N	\N	\N	t	\N	\N	\N
ces	cession	\N	\N	\N	\N	t	\N	\N	\N
\.


--
-- Data for Name: demarches_types__etapes_types; Type: TABLE DATA; Schema: public; Owner: postgres
--

COPY public.demarches_types__etapes_types (demarche_type_id, etape_type_id, type_id, ordre) FROM stdin;
abr	mpu	apx	160
abr	dex	apx	450
abr	dpu	apx	450
oct	mfr	apx	100
oct	mdp	apx	110
oct	men	apx	120
oct	mpu	apx	160
oct	dim	apx	400
oct	dex	apx	450
oct	dpu	apx	450
ren	mfr	apx	100
ren	mdp	apx	110
ren	men	apx	120
ren	mpu	apx	160
ren	dim	apx	400
ren	apu	apx	401
ren	dex	apx	450
ren	dpu	apx	450
ret	mpu	apx	160
ret	dex	apx	450
ret	dpu	apx	450
abr	mpu	arc	160
abr	dex	arc	450
abr	dpu	arc	450
oct	mfr	arc	100
oct	mdp	arc	110
oct	men	arc	120
oct	mpu	arc	160
oct	dim	arc	400
oct	dex	arc	450
oct	dpu	arc	450
pro	mfr	arc	100
pro	mdp	arc	110
pro	men	arc	120
pro	mpu	arc	160
pro	dim	arc	400
pro	dex	arc	450
pro	dpu	arc	450
ren	mfr	arc	100
ren	mdp	arc	110
ren	men	arc	120
ren	mpu	arc	160
ren	dim	arc	400
ren	apu	arc	401
ren	dex	arc	450
ren	dpu	arc	450
ret	mpu	arc	160
ret	dex	arc	450
ret	dpu	arc	450
abr	mpu	arg	160
abr	dex	arg	450
abr	dpu	arg	450
exp	mfr	arg	100
exp	mdp	arg	110
exp	men	arg	120
exp	mpu	arg	160
exp	dim	arg	400
exp	dex	arg	450
exp	dpu	arg	450
mut	mfr	arg	100
mut	mdp	arg	110
mut	men	arg	120
mut	mpu	arg	160
mut	dim	arg	400
mut	dex	arg	450
mut	dpu	arg	450
oct	mfr	arg	100
oct	mdp	arg	110
oct	men	arg	120
oct	mpu	arg	160
oct	dim	arg	400
oct	dex	arg	450
oct	dpu	arg	450
ren	mfr	arg	100
ren	mdp	arg	110
ren	men	arg	120
ren	mpu	arg	160
ren	dim	arg	400
ren	apu	arg	401
ren	dex	arg	450
ren	dpu	arg	450
ret	mpu	arg	160
ret	dex	arg	450
ret	dpu	arg	450
abr	mpu	axm	160
abr	dex	axm	450
abr	rpu	axm	450
dep	men	axm	120
dep	mpu	axm	160
dep	dim	axm	400
dep	dex	axm	450
dep	rpu	axm	450
exp	mfr	axm	100
exp	mdp	axm	110
exp	men	axm	120
exp	mpu	axm	160
exp	dim	axm	400
exp	dex	axm	450
exp	rpu	axm	450
exs	mfr	axm	100
exs	mdp	axm	110
exs	men	axm	120
exs	mpu	axm	160
exs	dim	axm	400
exs	dex	axm	450
exs	rpu	axm	450
oct	mfr	axm	100
oct	mdp	axm	110
oct	men	axm	120
oct	mpu	axm	160
oct	cod	axm	310
oct	dim	axm	400
oct	dex	axm	450
oct	rpu	axm	450
pro	mfr	axm	100
pro	mdp	axm	110
pro	men	axm	120
pro	mpu	axm	160
pro	dim	axm	400
pro	dex	axm	450
pro	rpu	axm	450
ren	mfr	axm	100
ren	mdp	axm	110
ren	men	axm	120
ren	mpu	axm	160
ren	dim	axm	400
ren	apu	axm	401
ren	dex	axm	450
ren	rpu	axm	450
ret	mpu	axm	160
ret	dex	axm	450
ret	rpu	axm	450
abr	mpu	cxx	160
abr	dex	cxx	450
abr	dpu	cxx	450
amo	mfr	cxx	100
amo	mdp	cxx	110
amo	men	cxx	120
amo	mpu	cxx	160
amo	dim	cxx	400
amo	apu	cxx	401
amo	dex	cxx	450
amo	dpu	cxx	450
ces	mfr	cxx	100
ces	mdp	cxx	110
ces	men	cxx	120
ces	mpu	cxx	160
ces	dex	cxx	450
ces	dpu	cxx	450
con	mfr	cxx	100
con	mdp	cxx	110
con	men	cxx	120
con	mpu	cxx	160
con	dim	cxx	400
con	dex	cxx	450
con	dpu	cxx	450
dec	ide	cxx	60
dec	mpu	cxx	160
dec	dex	cxx	450
dec	dpu	cxx	450
exp	mfr	cxx	100
exp	mdp	cxx	110
exp	men	cxx	120
exp	mpu	cxx	160
exp	dim	cxx	400
exp	dex	cxx	450
exp	dpu	cxx	450
mut	mfr	cxx	100
mut	mdp	cxx	110
mut	men	cxx	120
mut	mpu	cxx	160
mut	dim	cxx	400
mut	dex	cxx	450
mut	dpu	cxx	450
oct	mfr	cxx	100
oct	mdp	cxx	110
oct	men	cxx	120
oct	mpu	cxx	160
oct	dim	cxx	400
oct	dex	cxx	450
oct	dpu	cxx	450
pr2	mpu	cxx	160
pr2	dex	cxx	450
pr2	dpu	cxx	450
pro	mfr	cxx	100
pro	mdp	cxx	110
pro	men	cxx	120
pro	dim	cxx	400
ren	mfr	cxx	100
ren	mdp	cxx	110
ren	men	cxx	120
ren	mpu	cxx	160
ren	dim	cxx	400
ren	apu	cxx	401
ren	dex	cxx	450
ren	dpu	cxx	450
res	mfr	cxx	100
res	mdp	cxx	110
res	men	cxx	120
res	mpu	cxx	160
res	dim	cxx	400
res	apu	cxx	401
res	dex	cxx	450
res	dpu	cxx	450
ret	mpu	cxx	160
ret	dex	cxx	450
ret	dpu	cxx	450
abr	mpu	prh	160
abr	dex	prh	450
abr	dpu	prh	450
exp	mfr	prh	100
exp	mdp	prh	110
exp	men	prh	120
exp	mpu	prh	160
exp	dim	prh	400
exp	dex	prh	450
exp	dpu	prh	450
exs	mfr	prh	100
exs	mdp	prh	110
exs	men	prh	120
exs	mpu	prh	160
exs	dim	prh	400
exs	dex	prh	450
exs	dpu	prh	450
fus	mfr	prh	100
fus	mdp	prh	110
fus	men	prh	120
fus	mpu	prh	160
fus	dim	prh	400
fus	apu	prh	401
fus	dex	prh	450
fus	dpu	prh	450
mut	mfr	prh	100
mut	mdp	prh	110
mut	men	prh	120
mut	mpu	prh	160
mut	dim	prh	400
mut	dex	prh	450
mut	dpu	prh	450
oct	mfr	prh	100
oct	mdp	prh	110
oct	men	prh	120
oct	mpu	prh	160
oct	dim	prh	400
oct	dex	prh	450
oct	dpu	prh	450
pr1	mfr	prh	100
pr1	mdp	prh	110
pr1	men	prh	120
pr1	mpu	prh	160
pr1	dim	prh	400
pr1	dex	prh	450
pr1	dpu	prh	450
pr2	mfr	prh	100
pr2	mdp	prh	110
pr2	men	prh	120
pr2	mpu	prh	160
pr2	dim	prh	400
pr2	dex	prh	450
pr2	dpu	prh	450
pre	mfr	prh	100
pre	mdp	prh	110
pre	men	prh	120
pre	mpu	prh	160
pre	dim	prh	400
pre	dex	prh	450
pre	dpu	prh	450
ren	mfr	prh	100
ren	mdp	prh	110
ren	men	prh	120
ren	mpu	prh	160
ren	dim	prh	400
ren	apu	prh	401
ren	dex	prh	450
ren	dpu	prh	450
ret	mpu	prh	160
ret	dex	prh	450
ret	dpu	prh	450
abr	mpu	prx	160
abr	dex	prx	450
abr	dpu	prx	450
abr	rpu	prx	450
exp	mfr	prx	100
exp	mdp	prx	110
exp	men	prx	120
exp	mpu	prx	160
exp	dim	prx	400
exp	dex	prx	450
exp	dpu	prx	450
exp	rpu	prx	450
exs	mfr	prx	100
exs	mdp	prx	110
exs	men	prx	120
exs	mpu	prx	160
exs	dim	prx	400
exs	dex	prx	450
exs	dpu	prx	450
exs	rpu	prx	450
fus	mfr	prx	100
fus	mdp	prx	110
fus	men	prx	120
fus	mpu	prx	160
fus	dim	prx	400
fus	apu	prx	401
fus	dex	prx	450
fus	dpu	prx	450
fus	rpu	prx	450
mut	mfr	prx	100
mut	mdp	prx	110
mut	men	prx	120
mut	mpu	prx	160
mut	dim	prx	400
mut	dex	prx	450
mut	dpu	prx	450
mut	rpu	prx	450
oct	mfr	prx	100
oct	mdp	prx	200
oct	men	prx	300
oct	ide	prx	400
oct	ret	prx	500
oct	mco	prx	600
oct	rco	prx	700
oct	mcr	prx	800
oct	mpu	prx	900
oct	anf	prx	1000
oct	mec	prx	1100
oct	spp	prx	1200
oct	apl	prx	1300
oct	ama	prx	1310
oct	aep	prx	1320
oct	apm	prx	1400
oct	epu	prx	1500
oct	apo	prx	1600
oct	apd	prx	1700
oct	apr	prx	1800
oct	apw	prx	1900
oct	app	prx	2000
oct	ppu	prx	2100
oct	acg	prx	2200
oct	dim	prx	2300
oct	dex	prx	2400
oct	apu	prx	2500
oct	dpu	prx	2600
oct	rpu	prx	2700
oct	mno	prx	2800
pr1	mfr	prx	100
pr1	mdp	prx	110
pr1	men	prx	120
pr1	mpu	prx	160
pr1	dim	prx	400
pr1	dex	prx	450
pr1	dpu	prx	450
pr1	rpu	prx	450
pr2	mfr	prx	100
pr2	mdp	prx	110
pr2	men	prx	120
pr2	mpu	prx	160
pr2	dim	prx	400
pr2	dex	prx	450
pr2	dpu	prx	450
pr2	rpu	prx	450
ren	mfr	prx	100
ren	mdp	prx	110
ren	men	prx	120
ren	mpu	prx	160
ren	dim	prx	400
ren	apu	prx	401
ren	dex	prx	450
ren	dpu	prx	450
ren	rpu	prx	450
ret	mpu	prx	160
ret	dex	prx	450
ret	dpu	prx	450
ret	rpu	prx	450
abr	mpu	pxc	160
abr	dex	pxc	450
abr	dpu	pxc	450
amo	mfr	pxc	100
amo	mdp	pxc	110
amo	men	pxc	120
amo	mpu	pxc	160
amo	dim	pxc	400
amo	dex	pxc	450
amo	dpu	pxc	450
mut	mfr	pxc	100
mut	mdp	pxc	110
mut	men	pxc	120
mut	mpu	pxc	160
mut	dim	pxc	400
mut	dex	pxc	450
mut	dpu	pxc	450
oct	mfr	pxc	100
oct	mdp	pxc	110
oct	men	pxc	120
oct	mpu	pxc	160
oct	mcr	pxc	170
oct	anf	pxc	180
oct	epu	pxc	190
oct	scg	pxc	200
oct	dim	pxc	400
oct	dex	pxc	450
oct	dpu	pxc	450
pro	mfr	pxc	100
pro	mdp	pxc	110
pro	men	pxc	120
pro	mpu	pxc	160
pro	dim	pxc	400
pro	dex	pxc	450
pro	dpu	pxc	450
ren	mfr	pxc	100
ren	mdp	pxc	110
ren	men	pxc	120
ren	mpu	pxc	160
ren	dim	pxc	400
ren	apu	pxc	401
ren	dex	pxc	450
ren	dpu	pxc	450
res	mfr	pxc	100
res	mdp	pxc	110
res	men	pxc	120
res	mpu	pxc	160
res	dim	pxc	400
res	dex	pxc	450
res	dpu	pxc	450
ret	mpu	pxc	160
ret	dex	pxc	450
ret	dpu	pxc	450
abr	mpu	pxg	160
abr	dex	pxg	450
abr	dpu	pxg	450
amo	mfr	pxg	100
amo	mdp	pxg	110
amo	men	pxg	120
amo	mpu	pxg	160
amo	dim	pxg	400
amo	apu	pxg	401
amo	dex	pxg	450
amo	dpu	pxg	450
exp	mfr	pxg	100
exp	mdp	pxg	110
exp	men	pxg	120
exp	mpu	pxg	160
exp	dim	pxg	400
exp	dex	pxg	450
exp	dpu	pxg	450
fus	mfr	pxg	100
fus	mdp	pxg	110
fus	men	pxg	120
fus	mpu	pxg	160
fus	dim	pxg	400
fus	dex	pxg	450
fus	dpu	pxg	450
mut	mfr	pxg	100
mut	mdp	pxg	110
mut	men	pxg	120
mut	mpu	pxg	160
mut	dim	pxg	400
mut	dex	pxg	450
mut	dpu	pxg	450
oct	mfr	pxg	100
oct	mdp	pxg	110
oct	men	pxg	120
oct	mpu	pxg	160
oct	dim	pxg	400
oct	dex	pxg	450
oct	dpu	pxg	450
pro	mfr	pxg	100
pro	mdp	pxg	110
pro	men	pxg	120
pro	mpu	pxg	160
pro	dim	pxg	400
pro	dex	pxg	450
pro	dpu	pxg	450
ren	mfr	pxg	100
ren	mdp	pxg	110
ren	men	pxg	120
ren	mpu	pxg	160
ren	dim	pxg	400
ren	apu	pxg	401
ren	dex	pxg	450
ren	dpu	pxg	450
res	mfr	pxg	100
res	mdp	pxg	110
res	men	pxg	120
res	mpu	pxg	160
res	dim	pxg	400
res	apu	pxg	401
res	dex	pxg	450
res	dpu	pxg	450
ret	mpu	pxg	160
ret	dex	pxg	450
ret	dpu	pxg	450
abr	mpu	pxh	160
abr	dex	pxh	450
abr	dpu	pxh	450
amo	mfr	pxh	100
amo	mdp	pxh	110
amo	men	pxh	120
amo	mpu	pxh	160
amo	dim	pxh	400
amo	dex	pxh	450
amo	dpu	pxh	450
exp	mfr	pxh	100
exp	mdp	pxh	110
exp	men	pxh	120
exp	mpu	pxh	160
exp	dim	pxh	400
exp	dex	pxh	450
exp	dpu	pxh	450
mut	mfr	pxh	100
mut	mdp	pxh	110
mut	men	pxh	120
mut	mpu	pxh	160
mut	dim	pxh	400
mut	dex	pxh	450
mut	dpu	pxh	450
oct	mfr	pxh	100
oct	mdp	pxh	110
oct	men	pxh	120
oct	mpu	pxh	160
oct	dim	pxh	400
oct	dex	pxh	450
oct	dpu	pxh	450
pr1	mfr	pxh	100
pr1	mdp	pxh	110
pr1	men	pxh	120
pr1	mpu	pxh	160
pr1	dim	pxh	400
pr1	dex	pxh	450
pr1	dpu	pxh	450
pr2	mfr	pxh	100
pr2	mdp	pxh	110
pr2	men	pxh	120
pr2	mpu	pxh	160
pr2	dim	pxh	400
pr2	dex	pxh	450
pr2	dpu	pxh	450
prr	mpu	pxh	160
prr	dex	pxh	450
prr	dpu	pxh	450
ren	mfr	pxh	100
ren	mdp	pxh	110
ren	men	pxh	120
ren	mpu	pxh	160
ren	dim	pxh	400
ren	dex	pxh	450
ren	dpu	pxh	450
res	mfr	pxh	100
res	mdp	pxh	110
res	men	pxh	120
res	mpu	pxh	160
res	dim	pxh	400
res	dex	pxh	450
res	dpu	pxh	450
ret	mpu	pxh	160
ret	dex	pxh	450
ret	dpu	pxh	450
abr	mpu	pxm	160
abr	dex	pxm	450
abr	dpu	pxm	450
amo	mfr	pxm	100
amo	mdp	pxm	110
amo	men	pxm	120
amo	mpu	pxm	160
amo	dim	pxm	400
amo	apu	pxm	401
amo	dex	pxm	450
amo	dpu	pxm	450
exp	mfr	pxm	100
exp	mdp	pxm	110
exp	men	pxm	120
exp	mpu	pxm	160
exp	dim	pxm	400
exp	dex	pxm	450
exp	dpu	pxm	450
exs	mfr	pxm	100
exs	mdp	pxm	110
exs	men	pxm	120
exs	mpu	pxm	160
exs	dim	pxm	400
exs	dex	pxm	450
exs	dpu	pxm	450
mut	mfr	pxm	100
mut	mdp	pxm	110
mut	men	pxm	120
mut	mpu	pxm	160
mut	dim	pxm	400
mut	dex	pxm	450
mut	dpu	pxm	450
oct	mfr	pxm	100
oct	mdp	pxm	110
oct	men	pxm	120
oct	mpu	pxm	160
oct	dim	pxm	400
oct	dex	pxm	450
oct	dpu	pxm	450
pr1	mfr	pxm	100
pr1	mdp	pxm	110
pr1	men	pxm	120
pr1	mpu	pxm	160
pr1	dim	pxm	400
pr1	dex	pxm	450
pr1	dpu	pxm	450
pr2	mfr	pxm	100
pr2	mdp	pxm	110
pr2	men	pxm	120
pr2	mpu	pxm	160
pr2	dim	pxm	400
pr2	dex	pxm	450
pr2	dpu	pxm	450
ren	mfr	pxm	100
ren	mdp	pxm	110
ren	men	pxm	120
ren	mpu	pxm	160
ren	dim	pxm	400
ren	apu	pxm	401
ren	dex	pxm	450
ren	dpu	pxm	450
res	mfr	pxm	100
res	mdp	pxm	110
res	men	pxm	120
res	mpu	pxm	160
res	dim	pxm	400
res	apu	pxm	401
res	dex	pxm	450
res	dpu	pxm	450
ret	mpu	pxm	160
ret	dex	pxm	450
ret	dpu	pxm	450
abr	mpu	pxx	160
abr	dex	pxx	450
abr	dpu	pxx	450
amo	mdp	pxx	100
amo	men	pxx	100
amo	mfr	pxx	100
amo	mpu	pxx	160
amo	dim	pxx	400
amo	dex	pxx	450
amo	dpu	pxx	450
exp	mdp	pxx	100
exp	men	pxx	100
exp	mfr	pxx	100
exp	mpu	pxx	160
exp	dim	pxx	400
exp	dex	pxx	450
exp	dpu	pxx	450
mut	mdp	pxx	100
mut	men	pxx	100
mut	mfr	pxx	100
mut	mpu	pxx	160
mut	dim	pxx	400
mut	dex	pxx	450
mut	dpu	pxx	450
oct	mdp	pxx	100
oct	men	pxx	100
oct	mfr	pxx	100
oct	mpu	pxx	160
oct	dim	pxx	400
oct	dex	pxx	450
oct	dpu	pxx	450
pr1	mdp	pxx	100
pr1	men	pxx	100
pr1	mfr	pxx	100
pr1	mpu	pxx	160
pr1	dim	pxx	400
pr1	dex	pxx	450
pr1	dpu	pxx	450
pr2	mdp	pxx	100
pr2	men	pxx	100
pr2	mfr	pxx	100
pr2	mpu	pxx	160
pr2	dim	pxx	400
pr2	dex	pxx	450
pr2	dpu	pxx	450
prr	mpu	pxx	160
prr	dex	pxx	450
prr	dpu	pxx	450
ren	mdp	pxx	100
ren	men	pxx	100
ren	mfr	pxx	100
ren	mpu	pxx	160
ren	dim	pxx	400
ren	dex	pxx	450
ren	dpu	pxx	450
res	mdp	pxx	100
res	men	pxx	100
res	mfr	pxx	100
res	mpu	pxx	160
res	dim	pxx	400
res	dex	pxx	450
res	dpu	pxx	450
ret	mpu	pxx	160
ret	dex	pxx	450
ret	dpu	pxx	450
\.


--
-- Data for Name: demarches_types__types; Type: TABLE DATA; Schema: public; Owner: postgres
--

COPY public.demarches_types__types (type_id, demarche_type_id, duree_max, acceptation_implicite, delai_implicite, delai_recours, legal_ref, legal_lien, date_debut, date_fin) FROM stdin;
apx	abr	\N	\N	\N	0,1666666667	\N	\N	\N	\N
apx	oct	2	f	1,00	0,1666666667	\N	\N	\N	\N
apx	ren	\N	t	0,3333333333	0,1666666667	\N	\N	\N	\N
apx	ret	\N	\N	\N	0,1666666667	\N	\N	\N	\N
arc	abr	\N	\N	\N	0,1666666667	\N	\N	\N	\N
arc	oct	3	f	1,00	0,1666666667	\N	\N	\N	\N
arc	pro	3	f	1,00	0,1666666667	\N	\N	\N	\N
arc	ren	\N	t	0,1666666667	0,1666666667	\N	\N	\N	\N
arc	ret	\N	\N	\N	0,1666666667	\N	\N	\N	\N
arg	abr	\N	\N	\N	0,1666666667	\N	\N	\N	\N
arg	exp	\N	f	1,50	0,1666666667	\N	\N	\N	\N
arg	mut	\N	f	1,00	0,1666666667	\N	\N	\N	\N
arg	oct	3	f	1,50	0,1666666667	\N	\N	\N	\N
arg	ren	\N	t	1.25	0,1666666667	\N	\N	\N	\N
arg	ret	\N	\N	\N	0,1666666667	\N	\N	\N	\N
axm	abr	\N	\N	\N	0,1666666667	\N	\N	\N	\N
axm	exp	\N	f	\N	0,1666666667	\N	\N	\N	\N
axm	dep	\N	f	\N	0,1666666667	\N	\N	\N	\N
axm	exs	\N	f	\N	0,1666666667	\N	\N	\N	\N
axm	oct	4	f	\N	0,1666666667	\N	\N	\N	\N
axm	pro	4	f	\N	0,1666666667	\N	\N	\N	\N
axm	ren	\N	t	\N	0,1666666667	\N	\N	\N	\N
axm	ret	\N	\N	\N	0,1666666667	\N	\N	\N	\N
cxx	abr	\N	\N	\N	0,1666666667	\N	\N	\N	\N
cxx	amo	\N	t	1.25	0,1666666667	\N	\N	\N	\N
cxx	con	\N	f	2	0,1666666667	\N	\N	\N	\N
cxx	exp	\N	f	2	0,1666666667	\N	\N	\N	\N
cxx	mut	\N	f	1.25	0,1666666667	\N	\N	\N	\N
cxx	oct	50	f	2	0,1666666667	\N	\N	\N	\N
cxx	pro	25	f	2	0,1666666667	\N	\N	\N	\N
cxx	ren	\N	t	1,50	0,1666666667	\N	\N	\N	\N
cxx	res	\N	t	1.25	0,1666666667	\N	\N	\N	\N
cxx	ret	\N	\N	\N	0,1666666667	\N	\N	\N	\N
cxx	dec	\N	\N	\N	\N	\N	\N	\N	\N
cxx	ces	\N	\N	\N	\N	\N	\N	\N	\N
pxg	abr	\N	\N	\N	0,1666666667	\N	\N	\N	\N
prh	abr	\N	\N	\N	0,1666666667	\N	\N	\N	\N
prh	exp	\N	f	1.25	0,1666666667	\N	\N	\N	\N
prh	exs	\N	f	1.25	0,1666666667	\N	\N	\N	\N
prh	fus	\N	t	1,00	0,1666666667	\N	\N	\N	\N
prh	mut	\N	f	1.25	0,1666666667	\N	\N	\N	\N
prh	oct	5	f	1,25	0,1666666667	\N	\N	\N	\N
prh	pr1	5	f	1.25	0,1666666667	\N	\N	\N	\N
prh	pr2	5	f	1.25	0,1666666667	\N	\N	\N	\N
prh	pre	3	f	1.25	0,1666666667	\N	\N	\N	\N
prh	ren	\N	t	1.25	0,1666666667	\N	\N	\N	\N
prh	ret	\N	\N	\N	0,1666666667	\N	\N	\N	\N
prx	abr	\N	\N	\N	0,1666666667	\N	\N	\N	\N
prx	exp	\N	f	1.25	0,1666666667	\N	\N	\N	\N
prx	exs	\N	f	1.25	0,1666666667	\N	\N	\N	\N
prx	fus	\N	t	1	0,1666666667	\N	\N	\N	\N
prx	mut	\N	f	1.25	0,1666666667	\N	\N	\N	\N
prx	oct	5	f	1,25	0,1666666667	\N	\N	\N	\N
prx	pr1	5	f	1.25	0,1666666667	\N	\N	\N	\N
prx	pr2	5	f	1.25	0,1666666667	\N	\N	\N	\N
prx	ren	\N	t	1.25	0,1666666667	\N	\N	\N	\N
prx	ret	\N	\N	\N	0,1666666667	\N	\N	\N	\N
pxc	abr	\N	\N	\N	0,1666666667	\N	\N	\N	\N
pxc	amo	\N	f	2	0,1666666667	\N	\N	\N	\N
pxc	mut	\N	f	2	0,1666666667	\N	\N	\N	\N
pxc	oct	10	f	2	0,1666666667	\N	\N	\N	\N
pxc	pro	10	f	2	0,1666666667	\N	\N	\N	\N
pxc	ren	\N	t	2	0,1666666667	\N	\N	\N	\N
pxc	res	\N	f	2	0,1666666667	\N	\N	\N	\N
pxc	ret	\N	\N	\N	0,1666666667	\N	\N	\N	\N
pxg	amo	\N	t	1	0,1666666667	\N	\N	\N	\N
pxg	exp	\N	f	1,50	0,1666666667	\N	\N	\N	\N
pxg	fus	\N	f	1	0,1666666667	\N	\N	\N	\N
pxg	mut	\N	f	1	0,1666666667	\N	\N	\N	\N
pxg	oct	30	f	1,50	0,1666666667	\N	\N	\N	\N
pxg	pro	15	f	1,50	0,1666666667	\N	\N	\N	\N
pxg	ren	\N	t	1,50	0,1666666667	\N	\N	\N	\N
pxg	res	\N	t	1	0,1666666667	\N	\N	\N	\N
pxg	ret	\N	\N	\N	0,1666666667	\N	\N	\N	\N
pxh	abr	\N	\N	\N	0,1666666667	\N	\N	\N	\N
pxh	amo	\N	f	\N	0,1666666667	Loi n°94-588 du 15 juillet 1994 - art. 13 JORF 16 juillet 1994	https://www.legifrance.gouv.fr/affichCodeArticle.do;?idArticle=LEGIARTI000006627186&cidTexte=LEGITEXT000006071785	\N	1994-07-16
pxh	exp	\N	f	\N	0,1666666667	Loi n°94-588 du 15 juillet 1994 - art. 13 JORF 16 juillet 1994	https://www.legifrance.gouv.fr/affichCodeArticle.do;?idArticle=LEGIARTI000006627186&cidTexte=LEGITEXT000006071785	\N	1994-07-16
pxh	mut	\N	f	\N	0,1666666667	Loi n°94-588 du 15 juillet 1994 - art. 13 JORF 16 juillet 1994	https://www.legifrance.gouv.fr/affichCodeArticle.do;?idArticle=LEGIARTI000006627186&cidTexte=LEGITEXT000006071785	\N	1994-07-16
pxh	oct	5	f	\N	0,1666666667	Loi n°94-588 du 15 juillet 1994 - art. 13 JORF 16 juillet 1994	https://www.legifrance.gouv.fr/affichCodeArticle.do;?idArticle=LEGIARTI000006627186&cidTexte=LEGITEXT000006071785	\N	1994-07-16
pxh	pr1	5	f	\N	0,1666666667	Loi n°94-588 du 15 juillet 1994 - art. 13 JORF 16 juillet 1994	https://www.legifrance.gouv.fr/affichCodeArticle.do;?idArticle=LEGIARTI000006627186&cidTexte=LEGITEXT000006071785	\N	1994-07-16
pxh	pr2	5	f	\N	0,1666666667	Loi n°94-588 du 15 juillet 1994 - art. 13 JORF 16 juillet 1994	https://www.legifrance.gouv.fr/affichCodeArticle.do;?idArticle=LEGIARTI000006627186&cidTexte=LEGITEXT000006071785	\N	1994-07-16
pxh	prr	\N	\N	\N	0,1666666667	\N	\N	\N	\N
pxh	ren	\N	f	\N	0,1666666667	Loi n°94-588 du 15 juillet 1994 - art. 13 JORF 16 juillet 1994	https://www.legifrance.gouv.fr/affichCodeArticle.do;?idArticle=LEGIARTI000006627186&cidTexte=LEGITEXT000006071785	\N	1994-07-16
pxh	res	\N	f	\N	0,1666666667	Loi n°94-588 du 15 juillet 1994 - art. 13 JORF 16 juillet 1994	https://www.legifrance.gouv.fr/affichCodeArticle.do;?idArticle=LEGIARTI000006627186&cidTexte=LEGITEXT000006071785	\N	1994-07-16
pxh	ret	\N	\N	\N	0,1666666667	Loi n°94-588 du 15 juillet 1994 - art. 13 JORF 16 juillet 1994	https://www.legifrance.gouv.fr/affichCodeArticle.do;?idArticle=LEGIARTI000006627186&cidTexte=LEGITEXT000006071785	\N	1994-07-16
pxm	abr	\N	\N	\N	0,1666666667	\N	\N	\N	\N
pxm	amo	\N	t	1.25	0,1666666667	\N	\N	\N	\N
pxm	exp	\N	f	2.5	0,1666666667	\N	\N	\N	\N
pxm	exs	\N	f	2,50	0,1666666667	\N	\N	\N	\N
pxm	mut	\N	f	1.25	0,1666666667	\N	\N	\N	\N
pxm	oct	5	f	2.5	0,1666666667	\N	\N	\N	\N
pxm	pr1	5	f	1.5	0,1666666667	\N	\N	\N	\N
pxm	pr2	5	f	1.5	0,1666666667	\N	\N	\N	\N
pxm	ren	\N	t	1.5	0,1666666667	\N	\N	\N	\N
pxm	res	\N	t	1.25	0,1666666667	\N	\N	\N	\N
pxm	ret	\N	\N	\N	0,1666666667	\N	\N	\N	\N
pxx	abr	\N	\N	\N	0,1666666667	\N	\N	\N	\N
pxx	amo	\N	f	\N	0,1666666667	\N	\N	\N	\N
pxx	exp	\N	f	\N	0,1666666667	\N	\N	\N	\N
pxx	mut	\N	f	\N	0,1666666667	\N	\N	\N	\N
pxx	oct	5	f	\N	0,1666666667	\N	\N	\N	\N
pxx	pr1	5	f	\N	0,1666666667	\N	\N	\N	\N
pxx	pr2	5	f	\N	0,1666666667	\N	\N	\N	\N
pxx	prr	\N	\N	\N	0,1666666667	\N	\N	\N	\N
pxx	ren	\N	f	\N	0,1666666667	\N	\N	\N	\N
pxx	res	\N	f	\N	0,1666666667	\N	\N	\N	\N
pxx	ret	\N	\N	\N	0,1666666667	\N	\N	\N	\N
\.


--
-- Data for Name: departements; Type: TABLE DATA; Schema: public; Owner: postgres
--

COPY public.departements (id, nom, region_id, cheflieu_id) FROM stdin;
01	Ain	84	01053
02	Aisne	32	02408
03	Allier	84	03190
04	Alpes-de-Haute-Provence	93	04070
05	Hautes-Alpes	93	05061
06	Alpes-Maritimes	93	06088
07	Ardèche	84	07186
08	Ardennes	44	08105
09	Ariège	76	09122
10	Aube	44	10387
11	Aude	76	11069
12	Aveyron	76	12202
13	Bouches-du-Rhône	93	13055
14	Calvados	28	14118
15	Cantal	84	15014
16	Charente	75	16015
17	Charente-Maritime	75	17300
18	Cher	24	18033
19	Corrèze	75	19272
21	Côte-d'Or	27	21231
22	Côtes-d'Armor	53	22278
23	Creuse	75	23096
24	Dordogne	75	24322
25	Doubs	27	25056
26	Drôme	84	26362
27	Eure	28	27229
28	Eure-et-Loir	24	28085
29	Finistère	53	29232
2A	Corse-du-Sud	94	2A004
2B	Haute-Corse	94	2B033
30	Gard	76	30189
31	Haute-Garonne	76	31555
32	Gers	76	32013
33	Gironde	75	33063
34	Hérault	76	34172
35	Ille-et-Vilaine	53	35238
36	Indre	24	36044
37	Indre-et-Loire	24	37261
38	Isère	84	38185
39	Jura	27	39300
40	Landes	75	40192
41	Loir-et-Cher	24	41018
42	Loire	84	42218
43	Haute-Loire	84	43157
44	Loire-Atlantique	52	44109
45	Loiret	24	45234
46	Lot	76	46042
47	Lot-et-Garonne	75	47001
48	Lozère	76	48095
49	Maine-et-Loire	52	49007
50	Manche	28	50502
51	Marne	44	51108
52	Haute-Marne	44	52121
53	Mayenne	52	53130
54	Meurthe-et-Moselle	44	54395
55	Meuse	44	55029
56	Morbihan	53	56260
57	Moselle	44	57463
58	Nièvre	27	58194
59	Nord	32	59350
60	Oise	32	60057
61	Orne	28	61001
62	Pas-de-Calais	32	62041
63	Puy-de-Dôme	84	63113
64	Pyrénées-Atlantiques	75	64445
65	Hautes-Pyrénées	76	65440
66	Pyrénées-Orientales	76	66136
67	Bas-Rhin	44	67482
68	Haut-Rhin	44	68066
69	Rhône	84	69123
70	Haute-Saône	27	70550
71	Saône-et-Loire	27	71270
72	Sarthe	52	72181
73	Savoie	84	73065
74	Haute-Savoie	84	74010
75	Paris	11	75056
76	Seine-Maritime	28	76540
77	Seine-et-Marne	11	77288
78	Yvelines	11	78646
79	Deux-Sèvres	75	79191
80	Somme	32	80021
81	Tarn	76	81004
82	Tarn-et-Garonne	76	82121
83	Var	93	83137
84	Vaucluse	93	84007
85	Vendée	52	85191
86	Vienne	75	86194
87	Haute-Vienne	75	87085
88	Vosges	44	88160
89	Yonne	27	89024
90	Territoire de Belfort	27	90010
91	Essonne	11	91228
92	Hauts-de-Seine	11	92050
93	Seine-Saint-Denis	11	93008
94	Val-de-Marne	11	94028
95	Val-d'Oise	11	95500
971	Guadeloupe	01	97105
972	Martinique	02	97209
973	Guyane	03	97302
974	La Réunion	04	97411
976	Mayotte	06	97608
\.


--
-- Data for Name: devises; Type: TABLE DATA; Schema: public; Owner: postgres
--

COPY public.devises (id, nom) FROM stdin;
FRF	Francs
EUR	Euros
XPF	Francs Pacifique
\.


--
-- Data for Name: domaines; Type: TABLE DATA; Schema: public; Owner: postgres
--

COPY public.domaines (id, nom, ordre) FROM stdin;
m	minéraux et métaux	1
w	granulats marins	2
c	carrières	3
h	hydrocarbures liquides ou gazeux	4
f	combustibles fossiles	5
r	éléments radioactifs	6
g	géothermie	7
s	stockages souterrains	8
\.


--
-- Data for Name: domaines__types; Type: TABLE DATA; Schema: public; Owner: postgres
--

COPY public.domaines__types (domaine_id, type_id, archive) FROM stdin;
c	apx	\N
w	apx	\N
h	apx	\N
m	apx	\N
c	arc	\N
w	arc	\N
g	arg	\N
m	axm	\N
w	cxx	\N
g	cxx	\N
h	cxx	\N
m	cxx	\N
s	cxx	\N
f	cxx	\N
r	cxx	\N
h	prh	\N
w	prx	\N
g	prx	\N
m	prx	\N
s	prx	\N
f	prx	\N
r	prx	\N
c	pxc	\N
g	pxg	\N
h	pxh	\N
m	pxm	\N
w	pxx	\N
r	pxx	\N
\.


--
-- Data for Name: emprises; Type: TABLE DATA; Schema: public; Owner: postgres
--

COPY public.emprises (id, nom) FROM stdin;
ter	à terre
mer	en mer
\.


--
-- Data for Name: entreprises; Type: TABLE DATA; Schema: public; Owner: postgres
--

COPY public.entreprises (id, nom, pays_id, legal_siren, legal_etranger, legal_forme, categorie, date_creation, adresse, code_postal, commune, cedex, url, email, telephone) FROM stdin;
fr-792695636	Geoforon	FR	792695636	\N	\N	\N	\N	\N	\N	\N	\N	\N	\N	\N
au-000000005	East Paris Petroleum Development Ltd	AU	\N	000000005	\N	\N	\N	\N	\N	\N	\N	\N	\N	\N
au-abn112138780	Gas2Grid	AU	\N	ABN112138780	\N	\N	\N	\N	\N	\N	\N	\N	\N	\N
au-abn32075965856	Roc Oil Compagny Ltd	AU	\N	ABN32075965856	\N	\N	\N	\N	\N	\N	\N	\N	\N	\N
au-abn51108230995	Elixir Petroleum	AU	\N	ABN51108230995	\N	\N	\N	\N	\N	\N	\N	\N	\N	\N
au-abn51111418270	GippsLand Offshore Petroleum Ltd	AU	\N	ABN51111418270	\N	\N	\N	\N	\N	\N	\N	\N	\N	\N
ca-71677j	Sterling Resources Ltd	CA	\N	71677J	\N	\N	\N	\N	\N	\N	\N	\N	\N	\N
ch-170303231007	Mouvoil	CH	\N	170303231007	\N	\N	\N	\N	\N	\N	\N	\N	\N	\N
fr-000000000	Etat	FR	\N	\N	\N	\N	\N	\N	\N	\N	\N	\N	\N	\N
fr-000000002	Coparex Ile-de-France	FR	\N	\N	\N	\N	\N	\N	\N	\N	\N	\N	\N	\N
fr-000000003	Coparex international	FR	\N	\N	\N	\N	\N	\N	\N	\N	\N	\N	\N	\N
fr-000000014	Société française de développement pétrolier BP	FR	\N	\N	\N	\N	\N	\N	\N	\N	\N	\N	\N	\N
fr-000000017	Famille Le Bel	FR	\N	\N	\N	\N	\N	\N	\N	\N	\N	\N	\N	\N
fr-000000019	EnCore (E&P) Limited	GB	\N	5688680	\N	\N	\N	\N	\N	\N	\N	\N	\N	\N
fr-000000020	Compagnie d'exploration pétrolière	FR	\N	\N	\N	\N	\N	\N	\N	VERSAILLES	\N	\N	\N	\N
fr-000000021	Société nationale des pétroles d'Aquitaine	FR	\N	\N	\N	\N	\N	\N	\N	TARBES	\N	\N	\N	\N
fr-000000022	Française de recherches et d'exploitation de pétrole	FR	\N	\N	Société anonyme	\N	\N	\N	\N	\N	\N	\N	\N	\N
fr-000000023	Société Shell Française	FR	\N	\N	\N	\N	\N	\N	\N	\N	\N	\N	\N	\N
fr-000000024	Nouvelle Société Shell Française	FR	\N	\N	\N	\N	\N	\N	\N	\N	\N	\N	\N	\N
fr-000000025	Société de prospection et exploitation pétrolières en Alsace	FR	\N	\N	\N	\N	\N	\N	\N	\N	\N	\N	\N	\N
fr-546380130	Régie autonome des pétroles	FR	546380130	\N	\N	\N	\N	\N	\N	TOULOUSE	\N	\N	\N	\N
fr-611620121	Compagnie des produits chimiques et raffineries de Berre	FR	611620121	\N	\N	\N	\N	\N	\N	AIX-EN-PROVENCE	\N	\N	\N	\N
gb-000000001	British Gas Exploration and Production Ltd	GB	\N	000000001	\N	\N	\N	\N	\N	\N	\N	\N	\N	\N
fr-357200054	ROQUETTE FRERES	FR	357200054	\N	SA à conseil d'administration (s.a.i.)	GE	1957-01-01	1 Rue DE LA HAUTE LOGE 	62136	LESTREM	\N	\N	\N	\N
fr-382696276	COPAREX	FR	382696276	\N	SA à conseil d'administration (s.a.i.)	\N	1991-07-15	135 Rue JEAN JACQUES ROUSSEAU 	92130	ISSY LES MOULINEAUX	\N	\N	\N	\N
fr-381972439	GAZONOR	FR	381972439	\N	SAS, société par actions simplifiée	PME	1991-04-19	ZAL FOSSE 7 	62210	AVION	\N	\N	\N	\N
fr-400716536	GEOTHERMIE BOUILLANTE	FR	400716536	\N	SA à conseil d'administration (s.a.i.)	PME	1995-03-20	LE BOURG 	97125	BOUILLANTE	\N	\N	\N	\N
fr-417549029	SOCIETE DE MAINTENANCE PETROLIERE SAS (SMP)	FR	417549029	\N	SAS, société par actions simplifiée	ETI	1998-01-16	ZA DE PENSE FOLIE 	45220	CHATEAU RENARD	\N	\N	\N	\N
fr-411554595	OELWEG	FR	411554595	\N	Société à responsabilité limitée (sans autre indication)	PME	1997-04-01	50 Rue DU MIDI 	94300	VINCENNES	\N	\N	\N	\N
fr-410964837	VERMILION REP SAS	FR	410964837	\N	SAS, société par actions simplifiée	ETI	1997-02-10	1762 Route DE PONTENX 	40160	PARENTIS EN BORN	\N	\N	\N	\N
fr-409160132	TOTAL E ET P FRANCE	FR	409160132	\N	SAS, société par actions simplifiée	GE	1996-10-01	2 Place JEAN MILLIER 	92400	COURBEVOIE	\N	\N	\N	\N
fr-445246994	MILLENNIUM GEO-VENTURE	FR	445246994	\N	SAS, société par actions simplifiée	PME	2003-01-02	178 Boulevard HAUSSMANN 	75008	PARIS 8	\N	\N	\N	\N
fr-452798887	VERMILION EXPLORATION SAS	FR	452798887	\N	SAS, société par actions simplifiée	ETI	2004-03-29	1762 Route DE PONTENX 	40160	PARENTIS EN BORN	\N	\N	\N	\N
fr-484042247	ESSENCE DE PARIS	FR	484042247	\N	Société par actions simplifiée à associé unique ou société par actions simplifiée unipersonnelle 	\N	2005-10-09	12 Allée DES SPORTS 	78480	VERNEUIL SUR SEINE	\N	\N	\N	\N
fr-481010817	SOC PETROLIERE PRODUCTION EXPLOITATION (SPPE)	FR	481010817	\N	SAS, société par actions simplifiée	PME	2005-01-24	ZA DE PENSE FOLIE 	45220	CHATEAU RENARD	\N	\N	\N	\N
fr-484376330	PETROMANAS ENERGY (FRANCE) S.A.S.	FR	484376330	\N	SAS, société par actions simplifiée	PME	2005-09-30	260 Rue DU JARDIN PUBLIC 	33300	BORDEAUX	\N	\N	\N	\N
fr-494240567	RENOUVEAU ENERGIE RESSOURCES	FR	494240567	\N	SAS, société par actions simplifiée	PME	2007-01-24	12 Rue VIVIENNE 	75002	PARIS 2	\N	\N	\N	\N
fr-500243290	DIAMOCO ENERGY	FR	500243290	\N	SAS, société par actions simplifiée	GE	2007-10-01	ZA LES BERGES DU RHINS 1 	42120	PARIGNY	\N	\N	\N	\N
fr-501152193	LA FRANCAISE DE L'ENERGIE	FR	501152193	\N	SA à conseil d'administration (s.a.i.)	PME	2007-11-20	1 Avenue ST REMY 	57600	FORBACH	\N	\N	\N	\N
fr-500661806	REDEN SOLAR	FR	500661806	\N	SAS, société par actions simplifiée	ETI	2007-10-11	ZAC DES CHAMPS DE LESCAZE 	47310	ROQUEFORT	\N	\N	\N	\N
fr-509221842	TOTAL E&P GUYANE FRANCAISE	FR	509221842	\N	SAS, société par actions simplifiée	GE	2008-11-21	2 Place JEAN MILLIER 	92400	COURBEVOIE	\N	\N	\N	\N
fr-511097669	TOTAL GAS SHALE EUROPE	FR	511097669	\N	Société par actions simplifiée à associé unique ou société par actions simplifiée unipersonnelle 	GE	2009-03-02	2 Place JEAN MILLIER 	92400	COURBEVOIE	\N	\N	\N	\N
fr-527920391	INDORAMA OIL SAS	FR	527920391	\N	SAS, société par actions simplifiée	PME	2010-10-19	1 Rue RENNEQUIN 	75017	PARIS 17	\N	\N	\N	\N
fr-532662392	ELECTERRE DE FRANCE	FR	532662392	\N	Société par actions simplifiée à associé unique ou société par actions simplifiée unipersonnelle 	PME	2011-05-01	ZA DU ROZIER COREN 	15100	SAINT FLOUR	\N	\N	\N	\N
fr-533562906	SOUTH ATLANTIC PETROLEUM JDN	FR	533562906	\N	SAS, société par actions simplifiée	PME	2011-06-28	9 Rue DU FAUBOURG SAINT HONORE 	75008	PARIS 8	\N	\N	\N	\N
fr-542034327	BP FRANCE	FR	542034327	\N	SAS, société par actions simplifiée	ETI	1900-01-01	10 Avenue DE L ENTREPRISE 	95800	CERGY	95863	\N	\N	\N
fr-542107651	ENGIE	FR	542107651	\N	SA à conseil d'administration (s.a.i.)	GE	1954-01-01	1 Place SAMUEL DE CHAMPLAIN 	92400	COURBEVOIE	\N	\N	\N	\N
fr-632022711	ELF AQUITAINE PRODUCTION	FR	632022711	\N	SA à conseil d'administration (s.a.i.)	\N	1980-01-01	2 Place JEAN MILLIER 	92400	COURBEVOIE	\N	\N	\N	\N
fr-722043007	LUNDIN CHAMPAGNE	FR	722043007	\N	SA à conseil d'administration (s.a.i.)	\N	1972-01-01	Hameau MACLAUNAY 	51210	MONTMIRAIL	\N	\N	\N	\N
fr-572199164	IPC PETROLEUM FRANCE	FR	572199164	\N	SA à conseil d'administration (s.a.i.)	PME	1957-01-01	MACLAUNAY 	51210	MONTMIRAIL	\N	\N	\N	\N
fr-789594306	TLS GEOTHERMICS	FR	789594306	\N	SAS, société par actions simplifiée	PME	2012-11-19	14 B Chemin DE L'ENGUILLE 	31180	SAINT-GENIES-BELLEVUE	\N	\N	\N	\N
fr-780130175	SOCIETE DES PETROLES SHELL (SPS)	FR	780130175	\N	SAS, société par actions simplifiée	GE	1954-01-01	11 Cours VALMY 	92800	PUTEAUX	\N	\N	\N	\N
fr-799372925	VOLCANERGIE	FR	799372925	\N	SAS, société par actions simplifiée	PME	2013-12-01	48 Chemin CACHALOT 	97410	SAINT PIERRE	\N	\N	\N	\N
gb-000000006	Egdon Resources (New Ventures) Ltd	GB	\N	000000006	\N	\N	\N	\N	\N	\N	\N	\N	\N	\N
gb-2823058	Melrose Mediterranean Ltd	GB	\N	2823058	\N	\N	\N	\N	\N	\N	\N	\N	\N	\N
gb-3452996	eCorp France Ltd	GB	\N	3452996	\N	\N	\N	\N	\N	\N	\N	\N	\N	\N
gb-3606195	Osceola Hydrocarbons Ltd	GB	\N	3606195	\N	\N	\N	\N	\N	\N	\N	\N	\N	\N
gb-4000483	Nighthawk Energy Plc	GB	\N	4000483	\N	\N	\N	\N	\N	\N	\N	\N	\N	\N
gb-4083129	Heritage Petroleum Plc	GB	\N	4083129	\N	\N	\N	\N	\N	\N	\N	\N	\N	\N
gb-4362104	Nautical Petroleum	GB	\N	4362104	\N	\N	\N	\N	\N	\N	\N	\N	\N	\N
gb-5217946	Europa Oil & Gas	GB	\N	5217946	\N	\N	\N	\N	\N	\N	\N	\N	\N	\N
gb-5296922	Celtique Energie Ltd	GB	\N	5296922	\N	\N	\N	\N	\N	\N	\N	\N	\N	\N
gb-5321791	European Gas Ltd	GB	\N	5321791	\N	\N	\N	\N	\N	\N	\N	\N	\N	\N
gb-5770790	Celtique Energie Petroleum Ltd	GB	\N	5770790	\N	\N	\N	\N	\N	\N	\N	\N	\N	\N
gb-7237734	Aquitaine Exploration Ltd	GB	\N	7237734	\N	\N	\N	\N	\N	\N	\N	\N	\N	\N
gb-7247502	Eagle Energy Ltd	GB	\N	7247502	\N	\N	\N	\N	\N	\N	\N	\N	\N	\N
gb-7255850	Egdon Resources France Ltd	GB	\N	7255850	\N	\N	\N	\N	\N	\N	\N	\N	\N	\N
nl-000000012	Petrichor France BV	NL	\N	000000012	\N	\N	\N	\N	\N	\N	\N	\N	\N	\N
se-556658-1491	Tethys Oil AB	SE	\N	556658-1491	\N	\N	\N	\N	\N	\N	\N	\N	\N	\N
us-000000013	Schuepbach Energy Llc	US	\N	000000013	\N	\N	\N	\N	\N	\N	\N	\N	\N	\N
us-62161300	Marex Petroleum Corp	US	\N	62161300	\N	\N	\N	\N	\N	\N	\N	\N	\N	\N
vg-000000007	Jupiter Petroleum Juan de Nova Ltd	VG	\N	000000007	\N	\N	\N	\N	\N	\N	\N	\N	\N	\N
xx-000000004	Du Pont Conoco Technologies	XX	\N	000000004	\N	\N	\N	\N	\N	\N	\N	\N	\N	\N
xx-000000008	Madison Chart Energy	XX	\N	000000008	\N	\N	\N	\N	\N	\N	\N	\N	\N	\N
xx-000000009	Malta Oil Pty Ltd	XX	\N	000000009	\N	\N	\N	\N	\N	\N	\N	\N	\N	\N
xx-000000010	Masefield Energy Holdings AG	XX	\N	000000010	\N	\N	\N	\N	\N	\N	\N	\N	\N	\N
xx-000000011	Midland Madison Petroleum Company	XX	\N	000000011	\N	\N	\N	\N	\N	\N	\N	\N	\N	\N
xx-000000015	YCI Resources Ltd	XX	\N	000000015	\N	\N	\N	\N	\N	\N	\N	\N	\N	\N
xx-000000018	Pilatus Energy	XX	\N	000000018	\N	\N	\N	\N	\N	\N	\N	\N	\N	\N
xx-000000019	EnCore E&P Ltd	XX	\N	000000019	\N	\N	\N	\N	\N	\N	\N	\N	\N	\N
xx-000000020	Planet Oil Ltd	XX	\N	000000020	\N	\N	\N	\N	\N	\N	\N	\N	\N	\N
xx-000000021	TGS-NOPEC Geophysical Company	XX	\N	000000021	\N	\N	\N	\N	\N	\N	\N	\N	\N	\N
arkema-france	arkema-france	\N	\N	\N	\N	\N	\N	\N	\N	\N	\N	\N	\N	\N
cominor	cominor	\N	\N	\N	\N	\N	\N	\N	\N	\N	\N	\N	\N	\N
compagnie-des-mines-de-sel-de-poligny-solvay	compagnie-des-mines-de-sel-de-poligny-solvay	\N	\N	\N	\N	\N	\N	\N	\N	\N	\N	\N	\N	\N
compagnie-des-salins-du-midi-et-des-salines-de-l-est	compagnie-des-salins-du-midi-et-des-salines-de-l-est	\N	\N	\N	\N	\N	\N	\N	\N	\N	\N	\N	\N	\N
compagnie-fermiere-de-salies-de-bearn	compagnie-fermiere-de-salies-de-bearn	\N	\N	\N	\N	\N	\N	\N	\N	\N	\N	\N	\N	\N
cordier-mines	cordier-mines	\N	\N	\N	\N	\N	\N	\N	\N	\N	\N	\N	\N	\N
corp-des-part-prenants-de-la-fontaine-salee	corp-des-part-prenants-de-la-fontaine-salee	\N	\N	\N	\N	\N	\N	\N	\N	\N	\N	\N	\N	\N
csme	csme	\N	\N	\N	\N	\N	\N	\N	\N	\N	\N	\N	\N	\N
fr-601620347	Compagnie de produits chimiques et électrométallurgiques Pechiney	FR	601620347	\N	\N	\N	\N	\N	\N	\N	\N	\N	\N	\N
garrot-chaillac	garrot-chaillac	\N	\N	\N	\N	\N	\N	\N	\N	\N	\N	\N	\N	\N
imerys-ceramics-france	imerys-ceramics-france	\N	\N	\N	\N	\N	\N	\N	\N	\N	\N	\N	\N	\N
novacarb	novacarb	\N	\N	\N	\N	\N	\N	\N	\N	\N	\N	\N	\N	\N
saline-d-einville	saline-d-einville	\N	\N	\N	\N	\N	\N	\N	\N	\N	\N	\N	\N	\N
salines-cerebos-et-de-bayonne-solvay	salines-cerebos-et-de-bayonne-solvay	\N	\N	\N	\N	\N	\N	\N	\N	\N	\N	\N	\N	\N
sgz-france-sas	sgz-france-sas	\N	\N	\N	\N	\N	\N	\N	\N	\N	\N	\N	\N	\N
societe-des-mines-d-orbagnoux	societe-des-mines-d-orbagnoux	\N	\N	\N	\N	\N	\N	\N	\N	\N	\N	\N	\N	\N
societe-saliniere-de-provence	societe-saliniere-de-provence	\N	\N	\N	\N	\N	\N	\N	\N	\N	\N	\N	\N	\N
sodicapei	sodicapei	\N	\N	\N	\N	\N	\N	\N	\N	\N	\N	\N	\N	\N
solvay-electrolyse-france	solvay-electrolyse-france	\N	\N	\N	\N	\N	\N	\N	\N	\N	\N	\N	\N	\N
solvay-sa	solvay-sa	\N	\N	\N	\N	\N	\N	\N	\N	\N	\N	\N	\N	\N
variscan-mines	variscan-mines	\N	\N	\N	\N	\N	\N	\N	\N	\N	\N	\N	\N	\N
be-0403091220	Solvay	BE	\N	0403091220	\N	\N	\N	\N	\N	\N	\N	\N	\N	\N
fr-552001174	Progil Electrochimie	\N	552001174	\N	\N	\N	\N	\N	\N	\N	\N	\N	\N	\N
fr-400000001	Compagnie anonyme des salines de Dax	FR	\N	\N	\N	\N	\N	\N	\N	\N	\N	\N	\N	\N
pp-640000001	Sieurs François, Honoré, Franklin THORE, Victor MEYRAC, François DUBOURG oncle et François DUBOURG neveu, Claude, Laurent MAGNES	FR	\N	\N	\N	\N	\N	\N	\N	\N	\N	\N	\N	\N
pp-750000001	Denain-Anzin	FR	\N	\N	\N	\N	\N	\N	\N	\N	\N	https://data.bnf.fr/fr/11995786/denain-anzin/	\N	\N
fr-323097899	SOCIETE DES MINES DU BOURNEIX	FR	323097899	\N	Société en nom collectif 	\N	1981-11-01	33 Rue LA FAYETTE 	75009	PARIS 9	\N	\N	\N	\N
fr-310380811	GARROT-CHAILLAC	FR	310380811	\N	SAS, société par actions simplifiée	PME	1984-07-01	145 Impasse JOHN LOCKE 	34470	PEROLS	34473	\N	\N	\N
fr-319632790	ARKEMA FRANCE	FR	319632790	\N	SA à conseil d'administration (s.a.i.)	GE	1980-01-01	420 Rue ESTIENNE D ORVES 	92700	COLOMBES	\N	\N	\N	\N
fr-330013566	BARYTINE DE HAINAUT	FR	330013566	\N	SA à conseil d'administration (s.a.i.)	\N	1984-06-13	17 Boulevard SARRAIL 	34000	MONTPELLIER	\N	\N	\N	\N
fr-329858427	SOC D'EXPLOITATION DU SITE CHANGEMENT (SESIC)	FR	329858427	\N	Société à responsabilité limitée (sans autre indication)	\N	1984-03-15	Lieu-dit SITE CHANGEMENT 	97311	ROURA	\N	\N	\N	\N
fr-331477158	AUPLATA	FR	331477158	\N	SA à conseil d'administration (s.a.i.)	PME	1984-12-01	ZONE INDUSTRIELLE DEGRAD CANNES 	97354	REMIRE MONTJOLY	\N	\N	\N	\N
fr-411129612	CHLORALP	FR	411129612	\N	Société par actions simplifiée à associé unique ou société par actions simplifiée unipersonnelle 	ETI	1997-01-21	Rue LAVOISIER 	38800	LE PONT DE CLAIX	\N	\N	\N	\N
fr-422123984	COMPAGNIE MINIERE OR - COMINOR	FR	422123984	\N	SAS, société par actions simplifiée	PME	1999-03-05	19 Boulevard MALESHERBES 	75008	PARIS 8	\N	\N	\N	\N
fr-490096591	IMERYS CERAMICS FRANCE	FR	490096591	\N	SAS, société par actions simplifiée	ETI	2006-05-10	43 Quai DE GRENELLE 	75015	PARIS 15	\N	\N	\N	\N
fr-538695040	KEM ONE	FR	538695040	\N	Société par actions simplifiée à associé unique ou société par actions simplifiée unipersonnelle 	ETI	2011-12-21	19 Rue JACQUELINE AURIOL 	69008	LYON 8EME	\N	\N	\N	\N
fr-642058788	INDUSTRIE ANHYDRIDE CARBONIQUE	FR	642058788	\N	SA à directoire (s.a.i.)	\N	1900-01-01	84 Rue CHARLES MICHELS 	93200	SAINT DENIS	\N	\N	\N	\N
fr-642014526	RHODIA CHIMIE	FR	642014526	\N	SAS, société par actions simplifiée	GE	1979-01-01	25 Rue DE CLICHY 	75009	PARIS 9	\N	\N	\N	\N
fr-765801287	SOCIETE DE LA SALINE D EINVILLE	FR	765801287	\N	SAS, société par actions simplifiée	ETI	1965-01-01		54370	EINVILLE AU JARD	\N	\N	\N	\N
fr-803975135	CORDIER MINES	FR	803975135	\N	Société par actions simplifiée à associé unique ou société par actions simplifiée unipersonnelle 	PME	2014-08-01	6 Rue MAURICE HUREL 	31500	TOULOUSE	\N	\N	\N	\N
fr-840965693	TUNGSTENE DU NARBONNAIS	FR	840965693	\N	SAS, société par actions simplifiée	\N	2018-06-27	1 Boulevard VICTOR 	75015	PARIS 15	\N	\N	\N	\N
fr-973000001	Société des mines d'or de Sinnamary	FR	\N	\N	\N	\N	\N	\N	\N	\N	\N	\N	\N	\N
fr-973000002	ASARCO Guyane française	FR	\N	\N	\N	\N	\N	\N	\N	\N	\N	\N	\N	\N
fr-973000003	Compagnie Minière de Roura	FR	\N	\N	\N	\N	\N	\N	\N	\N	\N	\N	\N	\N
fr-973000004	Société de développement de génie civil pour la Guyane française	FR	\N	\N	\N	\N	\N	\N	\N	\N	\N	\N	\N	\N
fr-973000005	Société anonyme des gisements d'or de Saint-Élie	FR	\N	\N	\N	\N	\N	\N	\N	\N	\N	\N	\N	\N
fr-973000006	Société d’Etudes et d’Exploitation Minière de l’Inini (SEEMI)	FR	\N	\N	\N	\N	\N	\N	\N	\N	\N	\N	\N	\N
gb-224680	Celtic Resources Holdings Ltd,	GB	\N	224680	\N	\N	\N	Fetcham Park House, Lower Road, Fetcham	KT22 9HD	\N	Surrey	\N	\N	\N
pp-973000001	M. Saturnin Ponet	FR	\N	\N	\N	\N	\N	\N	\N	\N	\N	\N	\N	\N
pp-973000002	M. Jean-Michel Asselin	FR	\N	\N	\N	\N	\N	\N	\N	\N	\N	\N	\N	\N
pp-973000003	M. Abango Adam	FR	\N	\N	\N	\N	\N	\N	\N	\N	\N	\N	\N	\N
pp-973000004	M. Raymond Blanchard	FR	\N	\N	\N	\N	\N	\N	\N	\N	\N	\N	\N	\N
pp-973000005	M. René Cassous	FR	\N	\N	\N	\N	\N	\N	\N	\N	\N	\N	\N	\N
fr-379555568	PERNAUT Christian	FR	379555568	\N	Entrepreneur individuel	PME	1990-09-28	Route NATIONALE 2 	97351	MATOURY	\N	\N	\N	\N
fr-384486312	CIE MINIERE CHANTAL	FR	384486312	\N	Société à responsabilité limitée (sans autre indication)	\N	1992-01-01	18 Lotissement COLLERY 	97300	CAYENNE	\N	\N	\N	\N
fr-382461325	NEWMONT LASOURCE	FR	382461325	\N	SAS, société par actions simplifiée	PME	1991-05-28	62 Boulevard PEREIRE 	75017	PARIS 17	\N	\N	\N	\N
fr-395190473	IAMGOLD GUYANE	FR	395190473	\N	SAS, société par actions simplifiée	PME	1994-05-26	1150 A Route DE MONTJOLY 	97354	REMIRE MONTJOLY	\N	\N	\N	\N
fr-402207153	IAMGOLD FRANCE	FR	402207153	\N	SAS, société par actions simplifiée	PME	1995-09-06	1150 A Route DE MONTJOLY 	97354	REMIRE MONTJOLY	\N	\N	\N	\N
fr-393369590	FERNANDES COSTA Henrique	FR	393369590	\N	Entrepreneur individuel	PME	1993-12-07	CRIQUE AIMARA ET LOUPE 	97312	SAINT ELIE	\N	\N	\N	\N
fr-417496957	RECHERCHE ET EXPL MINIERE AURIFERE (REXMA)	FR	417496957	\N	SAS, société par actions simplifiée	PME	1998-02-01	52 Lotissement ZONE ARTISANALE GALMOT 	97300	CAYENNE	\N	\N	\N	\N
fr-424816403	COMPAGNIE MINIERE A.T.W.	FR	424816403	\N	Société à responsabilité limitée (sans autre indication)	PME	1999-09-18	9 Rue JOSEPH LEANDRE 	97313	SAINT GEORGES	\N	\N	\N	\N
fr-442715074	COMPAGNIE MINIERE ALOUKOU	FR	442715074	\N	Société à responsabilité limitée (sans autre indication)	PME	2004-01-01	26 Cité AMPIGNY 	97300	CAYENNE	\N	\N	\N	\N
fr-448299487	COMPAGNIE MINIERE COOREI	FR	448299487	\N	Société à responsabilité limitée (sans autre indication)	PME	2003-03-07	LE BOURG 	97312	SAINT ELIE	\N	\N	\N	\N
fr-448575191	COMPAGNIE DE TRAVAUX AURIFERE (CTA)	FR	448575191	\N	Société à responsabilité limitée (sans autre indication)	PME	2003-05-05	13 Rue DES ACACIAS 	97351	MATOURY	\N	\N	\N	\N
fr-481446052	UNION MINIERE DE SAUL	FR	481446052	\N	Société à responsabilité limitée (sans autre indication)	PME	2005-03-10	Route NATIONALE 2 	97351	MATOURY	\N	\N	\N	\N
fr-478328743	SOCIETE L OR D OYAPOQUE (GOLDOYA)	FR	478328743	\N	Société par actions simplifiée à associé unique ou société par actions simplifiée unipersonnelle 	PME	2004-09-01	13 Rue DES ACACIAS 	97351	MATOURY	\N	\N	\N	\N
fr-490163102	ERMINA	FR	490163102	\N	SARL unipersonnelle 	PME	2006-02-28	1530 C Route NATIONALE 2 	97351	MATOURY	\N	\N	\N	\N
fr-488363177	ENTREPRISE  MINIERE BECLONG	FR	488363177	\N	Entrepreneur individuel	PME	2006-02-01	97 Lotissement COGNEAU LAMIRANDE 	97351	MATOURY	\N	\N	\N	\N
fr-519753370	SAS TRAJAN	FR	519753370	\N	SAS, société par actions simplifiée	PME	2010-01-22	2697 Route DE BADUEL 	97300	CAYENNE	\N	\N	\N	\N
fr-518090832	MIKAGOLD	FR	518090832	\N	Société à responsabilité limitée (sans autre indication)	PME	2009-11-10	101 Rue DU LIEUTENANT BECKER 	97300	CAYENNE	\N	\N	\N	\N
fr-750644700	SARL GUYANE GOLD MINE (GGM)	FR	750644700	\N	Société à responsabilité limitée (sans autre indication)	PME	2012-03-27	617 Lotissement COPAYA 1 	97351	MATOURY	\N	\N	\N	\N
fr-790653935	SAS GAIA	FR	790653935	\N	SAS, société par actions simplifiée	PME	2012-09-01	2697 Route DE BADUEL 	97300	CAYENNE	\N	\N	\N	\N
fr-751617192	SECOM EURL	FR	751617192	\N	SARL unipersonnelle 	PME	2012-05-16	2697 Route DE BADUEL 	97300	CAYENNE	\N	\N	\N	\N
fr-790856850	SUDMINE	FR	790856850	\N	SAS, société par actions simplifiée	PME	2013-01-30	2 Chemin DU CHATEAU 	45530	SEICHEBRIERES	\N	\N	\N	\N
fr-794743104	EURL C A A	FR	794743104	\N	SARL unipersonnelle 	PME	2013-07-12	1630 Route DE DEGRAD DES CANNES RN3 	97354	REMIRE MONTJOLY	\N	\N	\N	\N
fr-792884827	GOLD'OR	FR	792884827	\N	Société à responsabilité limitée (sans autre indication)	PME	2013-05-02	CARREFOUR DU LARIVOT 	97351	MATOURY	\N	\N	\N	\N
fr-792731127	COMPAGNIE D EXPLOITATION AURIFERIA (C.E.A)	FR	792731127	\N	Société à responsabilité limitée (sans autre indication)	PME	2013-04-16	13 Rue DES ACACIAS 	97351	MATOURY	\N	\N	\N	\N
fr-810011601	MIMI MINE	FR	810011601	\N	Société à responsabilité limitée (sans autre indication)	PME	2015-03-04	ROUTE DE L EST LARIDO 	97311	ROURA	\N	\N	\N	\N
fr-804906105	GIGAMINES	FR	804906105	\N	Société à responsabilité limitée (sans autre indication)	PME	2014-10-01	3 Cité N'ZILA 	97300	CAYENNE	\N	\N	\N	\N
fr-813428315	SOCIETE MINIERE DE REGINA SOMIREG	FR	813428315	\N	Société à responsabilité limitée (sans autre indication)	PME	2015-09-08	432 B Route DE LA MADELEINE 	97300	CAYENNE	\N	\N	\N	\N
fr-811636448	AU FORAGES	FR	811636448	\N	SAS, société par actions simplifiée	PME	2015-04-10	Lotissement COLLERY II 	97300	CAYENNE	\N	\N	\N	\N
fr-819225491	COMPAGNIE MINIERE GUYANAISE (C.M.G)	FR	819225491	\N	SAS, société par actions simplifiée	PME	2016-01-19	69 B Avenue DE LA LIBERTE 	97300	CAYENNE	\N	\N	\N	\N
fr-814908869	HERA	FR	814908869	\N	Société par actions simplifiée à associé unique ou société par actions simplifiée unipersonnelle 	PME	2015-11-01	339 Chemin SAINT ANTOINE 	97300	CAYENNE	\N	\N	\N	\N
fr-832266175	SREDG	FR	832266175	\N	SAS, société par actions simplifiée	\N	2017-09-07	11 Boulevard DU MARONI 	97320	SAINT LAURENT DU MARONI	\N	\N	\N	\N
fr-828089284	NORD GOLD GUIANA SAS	FR	828089284	\N	Société par actions simplifiée à associé unique ou société par actions simplifiée unipersonnelle 	\N	2017-01-02	1 Avenue GUSTAVE CHARLERY 	97300	CAYENNE	\N	\N	\N	\N
fr-838049369	TOUK'OR	FR	838049369	\N	Société à responsabilité limitée (sans autre indication)	\N	2018-02-26	CARREFOUR DU LARIVOT 	97351	MATOURY	\N	\N	\N	\N
fr-832919286	TAKARI MINING	FR	832919286	\N	SAS, société par actions simplifiée	\N	2017-10-26	138 PARC D'ACTIVITE ECONOMIQUE 	97354	REMIRE MONTJOLY	\N	\N	\N	\N
pp-973000006	M. Gabriel Devez	FR	\N	\N	\N	\N	\N	\N	\N	\N	\N	\N	\N	\N
pp-973000007	M. Sannemougon	FR	\N	\N	\N	\N	\N	\N	\N	\N	\N	\N	\N	\N
pp-973000008	Mme Sannemougon	FR	\N	\N	\N	\N	\N	\N	\N	\N	\N	\N	\N	\N
pp-973000009	M. Emile de Saint-Quentin	FR	\N	\N	\N	\N	\N	\N	\N	\N	\N	\N	\N	\N
fr-433653540	Figueiredo Rodrigues Renan	FR	433653540	\N	\N	\N	\N	\N	\N	\N	\N	\N	\N	\N
xx-97300a001	Aboeka Alphonse	FR	\N	\N	\N	\N	\N	\N	\N	\N	\N	\N	\N	\N
fr-789382165	Thomas Lubel	FR	\N	\N	\N	\N	\N	\N	\N	\N	\N	\N	\N	\N
xx-97300a017	Elfort Alexandre	FR	\N	\N	\N	\N	\N	\N	\N	\N	\N	\N	\N	\N
fr-453804957	Horth Gauthier	FR	\N	\N	\N	\N	\N	\N	\N	\N	\N	\N	\N	\N
fr-424816402	Sarl A.t.w	FR	424816402	\N	\N	\N	\N	\N	\N	\N	\N	\N	\N	\N
xx-97300a024	Sarl Smo	FR	\N	\N	\N	\N	\N	\N	\N	\N	\N	\N	\N	\N
fr-494162977	Soft Travaux	FR	\N	\N	\N	\N	\N	\N	\N	\N	\N	\N	\N	\N
xx-97300a028	Toucouyou Edmond	FR	\N	\N	\N	\N	\N	\N	\N	\N	\N	\N	\N	\N
fr-369393590	Mydas	FR	369393590	\N	\N	\N	\N	\N	\N	\N	\N	\N	\N	\N
xx-97300a012	Compagnie Minière Panda Sarl	FR	\N	\N	\N	\N	\N	\N	\N	\N	\N	\N	\N	\N
fr-499082642	Castoli Maseya	FR	\N	\N	\N	\N	\N	\N	\N	\N	\N	\N	\N	\N
xx-97300a021	Rey Christian	FR	\N	\N	\N	\N	\N	\N	\N	\N	\N	\N	\N	\N
xx-97300a004	Ancri Simon Georges	FR	\N	\N	\N	\N	\N	\N	\N	\N	\N	\N	\N	\N
xx-97300a003	Adamietz Piotr	FR	\N	\N	\N	\N	\N	\N	\N	\N	\N	\N	\N	\N
fr-481743458	Tachi Bakka	FR	\N	\N	\N	\N	\N	\N	\N	\N	\N	\N	\N	\N
fr-482843794	Amba Moussoue Marcel	FR	482843794	\N	\N	\N	\N	\N	\N	\N	\N	\N	\N	\N
fr-491475000	Société Nakelor	FR	\N	\N	\N	\N	\N	\N	\N	\N	\N	\N	\N	\N
xx-97300a009	Compagnie Aurifere Guyanaise - C.a.g. - Eurl	FR	\N	\N	\N	\N	\N	\N	\N	\N	\N	\N	\N	\N
xx-97300a023	Sarl Aymarra 12 Mine	FR	\N	\N	\N	\N	\N	\N	\N	\N	\N	\N	\N	\N
fr-432100475	Roseno Dos Santos	FR	432100475	\N	\N	\N	\N	\N	\N	\N	\N	\N	\N	\N
xx-97300a019	Leal Cardoso Sergio	FR	\N	\N	\N	\N	\N	\N	\N	\N	\N	\N	\N	\N
fr-324377068	NOUVEAU PLACER	FR	324377068	\N	Entrepreneur individuel	\N	1982-04-06	CRIQUE SABLE 	97314	SAUL	\N	\N	\N	\N
fr-387752975	HADES MINING	FR	387752975	\N	Société à responsabilité limitée (sans autre indication)	\N	1992-06-01	Route BELIZON 	97311	ROURA	\N	\N	\N	\N
fr-391774650	INCOL IMPORTATION	FR	391774650	\N	Entrepreneur individuel	PME	1993-06-11	21 Allée MAURICE AQUIOUPOU 	97300	CAYENNE	\N	\N	\N	\N
fr-398827451	Barbosa Rodrigues Juranildo Ei	FR	398827451	\N	Entrepreneur individuel	PME	1994-11-05	245 COGNEAU LAMIRANDE 	97351	MATOURY	\N	\N	\N	\N
fr-403310758	Daniel Didier	FR	403310758	\N	Entrepreneur individuel	PME	1996-02-05	CRIQUE BEINAN 	97340	GRAND SANTI	\N	\N	\N	\N
fr-400872826	Narece Alain	FR	400872826	\N	Entrepreneur individuel	PME	1995-05-02	9 Rue JOSEPH LEANDRE 	97313	SAINT GEORGES	\N	\N	\N	\N
fr-410063283	Vola Kapiel	FR	410063283	\N	Entrepreneur individuel	\N	1996-12-13	16 Avenue ROSILVINE - L'ANSE 	97310	KOUROU	\N	\N	\N	\N
fr-411309867	SOC GENERALE DES MINES	FR	411309867	\N	Société à responsabilité limitée (sans autre indication)	\N	1996-12-06	Route DE SAINT MAURICE 	97320	SAINT LAURENT DU MARONI	\N	\N	\N	\N
fr-421176744	MARONI EXPLOITATION MINIERE	FR	421176744	\N	Société à responsabilité limitée (sans autre indication)	\N	1998-12-11	Route DE BALATE 	97320	SAINT LAURENT DU MARONI	\N	\N	\N	\N
fr-428606339	NOUVELLE ALLIANCE	FR	428606339	\N	Entrepreneur individuel	PME	2000-01-14	12 Route DE TROU BIRAN 	97300	CAYENNE	\N	\N	\N	\N
fr-441394111	Prates Da Silva Antonio	FR	441394111	\N	Entrepreneur individuel	\N	2002-04-02	38 Avenue LOUIS PASTEUR 	97300	CAYENNE	\N	\N	\N	\N
fr-438296378	SOLAMINES	FR	438296378	\N	Entrepreneur individuel	\N	2001-07-07	438 COGNEAU LAMIRANDE 	97351	MATOURY	\N	\N	\N	\N
fr-441755113	STE MINIERE CINQ DEGRE (SM5)	FR	441755113	\N	Société à responsabilité limitée (sans autre indication)	PME	2002-04-03	5 Lotissement LES ALAMANDAS 	97354	REMIRE MONTJOLY	\N	\N	\N	\N
fr-439975707	Cardoso Lucio Martins	FR	439975707	\N	Entrepreneur individuel	PME	2001-12-20	53 Lotissement ZONE ARTISANALE GALMOT 	97300	CAYENNE	\N	\N	\N	\N
fr-448419267	Plat Stéphane	FR	448419267	\N	Entrepreneur individuel	PME	2003-04-29	1190 Route DE REMIRE 	97354	REMIRE MONTJOLY	\N	\N	\N	\N
fr-449921758	Garcon Jean	FR	449921758	\N	Entrepreneur individuel	\N	2003-09-25	LE BOURG 	97370	MARIPASOULA	\N	\N	\N	\N
fr-450039466	SOCIETE GUYANAISE DES MINES (SOGUMINES)	FR	450039466	\N	Société à responsabilité limitée (sans autre indication)	\N	2003-09-16	3 Rue JEAN PAUL SARTRE 	97310	KOUROU	\N	\N	\N	\N
fr-450932777	Ribeiro Francisco	FR	450932777	\N	Entrepreneur individuel	PME	2003-11-17	18 Rue LEONARD DOMERGER 	97370	MARIPASOULA	\N	\N	\N	\N
fr-484334016	SOCIETE SAINT ELOI	FR	484334016	\N	Société à responsabilité limitée (sans autre indication)	PME	2005-09-15	1897 Route DE MONTJOLY 	97354	REMIRE MONTJOLY	\N	\N	\N	\N
fr-480857036	TOMANY	FR	480857036	\N	Société à responsabilité limitée (sans autre indication)	PME	2005-02-03	2 Chemin MORNE COCO 	97354	REMIRE MONTJOLY	\N	\N	\N	\N
fr-492942586	EURL SEMALY	FR	492942586	\N	SARL unipersonnelle 	PME	2006-11-21	190 COGNEAU LAMIRANDE 	97351	MATOURY	\N	\N	\N	\N
fr-489179820	Marques Da Cruz Antonio	FR	489179820	\N	Entrepreneur individuel	PME	2006-03-20	190 COGNEAU LAMIRANDE 	97351	MATOURY	\N	\N	\N	\N
fr-518087630	EQUATOR	FR	518087630	\N	Société à responsabilité limitée (sans autre indication)	PME	2009-11-10	Chemin DE LA LEVEE 	97351	MATOURY	\N	\N	\N	\N
fr-517393807	SOCIETE MINIERE BONNE VOLONTE (SMBV)	FR	517393807	\N	Société à responsabilité limitée (sans autre indication)	PME	2009-10-08	18 Rue SIMAROUBA 	97351	MATOURY	\N	\N	\N	\N
fr-750645095	METEOR	FR	750645095	\N	SARL unipersonnelle 	PME	2012-04-01	101 Rue DU LIEUTENANT BECKER 	97300	CAYENNE	\N	\N	\N	\N
fr-788811826	AMAZON METAL (A. M.)	FR	788811826	\N	Société à responsabilité limitée (sans autre indication)	PME	2012-12-01	1720 Chemin MORTHIUM 	97351	MATOURY	\N	\N	\N	\N
fr-792677866	Semigu Service Minier	FR	792677866	\N	Entrepreneur individuel	PME	2013-04-22	432 Route DE LA MADELEINE 	97300	CAYENNE	\N	\N	\N	\N
fr-798611158	Montanede Ruddy	FR	798611158	\N	Entrepreneur individuel	PME	2013-12-01	11 Lotissement LES OLIVETTES 	97354	REMIRE MONTJOLY	\N	\N	\N	\N
fr-814103982	J.E MINERATION	FR	814103982	\N	SAS, société par actions simplifiée	PME	2015-10-15	15 Rue JOSEPH LEANDRE 	97313	SAINT GEORGES	\N	\N	\N	\N
fr-804070423	GUYANE CORPORATION MINIERE	FR	804070423	\N	SARL unipersonnelle 	\N	2014-07-25	430 B Lotissement SAMUEL 	97351	MATOURY	\N	\N	\N	\N
fr-823721071	GUYANE RESSOURCES	FR	823721071	\N	Société par actions simplifiée à associé unique ou société par actions simplifiée unipersonnelle 	PME	2016-10-20	21 Rue MEZIN GILDON 	97354	REMIRE MONTJOLY	\N	\N	\N	\N
fr-830954806	BELIZON	FR	830954806	\N	SAS, société par actions simplifiée	\N	2017-06-01	21 Rue MEZIN GILDON 	97354	REMIRE MONTJOLY	\N	\N	\N	\N
fr-827687807	OB MINING SAS	FR	827687807	\N	SAS, société par actions simplifiée	\N	2017-02-02	CARREFOUR DU LARIVOT 	97351	MATOURY	\N	\N	\N	\N
xx-97300a006	Cardoso Leal Sergio	FR	\N	\N	\N	\N	\N	\N	\N	\N	\N	\N	\N	\N
xx-97300a002	Aboeka Thomas	FR	\N	\N	\N	\N	\N	\N	\N	\N	\N	\N	\N	\N
fr-494688534	Sarl Codexma	FR	\N	\N	\N	\N	\N	\N	\N	\N	\N	\N	\N	\N
xx-97300a026	Tavares Raimundo	FR	\N	\N	\N	\N	\N	\N	\N	\N	\N	\N	\N	\N
fr-509853388	Fenix Sarl	FR	\N	\N	\N	\N	\N	\N	\N	\N	\N	\N	\N	\N
fr-824490759	Patawa Sas	FR	\N	\N	\N	\N	\N	\N	\N	\N	\N	\N	\N	\N
fr-453077430	Joris Noéli	FR	\N	\N	\N	\N	\N	\N	\N	\N	\N	\N	\N	\N
xx-97300a027	Tchakaichou Tiado	FR	\N	\N	\N	\N	\N	\N	\N	\N	\N	\N	\N	\N
xx-97300a005	Asente Lesley Wilfried	FR	\N	\N	\N	\N	\N	\N	\N	\N	\N	\N	\N	\N
xx-97300a010	Compagnie Des Anciens Placers	FR	\N	\N	\N	\N	\N	\N	\N	\N	\N	\N	\N	\N
xx-97300a016	Egmann Marilea	FR	\N	\N	\N	\N	\N	\N	\N	\N	\N	\N	\N	\N
xx-97300a015	Djanie Rinaldo	FR	\N	\N	\N	\N	\N	\N	\N	\N	\N	\N	\N	\N
xx-97300a025	Société P.g.r.	FR	\N	\N	\N	\N	\N	\N	\N	\N	\N	\N	\N	\N
xx-97300a011	Compagnie Minière Bassin D'approuague	FR	\N	\N	\N	\N	\N	\N	\N	\N	\N	\N	\N	\N
xx-97300a007	Cedia Jean-marc	FR	\N	\N	\N	\N	\N	\N	\N	\N	\N	\N	\N	\N
fr-528403173	Apanta Adam	FR	\N	\N	\N	\N	\N	\N	\N	\N	\N	\N	\N	\N
xx-97300a013	De Sousa Trajano Jades Tadeu	FR	\N	\N	\N	\N	\N	\N	\N	\N	\N	\N	\N	\N
xx-97300a014	Deroche Henri Michel	FR	\N	\N	\N	\N	\N	\N	\N	\N	\N	\N	\N	\N
xx-97300a008	Chanel Joseph	FR	\N	\N	\N	\N	\N	\N	\N	\N	\N	\N	\N	\N
fr-533947149	Sarl Tektite	FR	\N	\N	\N	\N	\N	\N	\N	\N	\N	\N	\N	\N
xx-97300a020	Phoenix Eurl	FR	\N	\N	\N	\N	\N	\N	\N	\N	\N	\N	\N	\N
xx-97300a022	Rybarczyk Nicolas	FR	\N	\N	\N	\N	\N	\N	\N	\N	\N	\N	\N	\N
xx-97300a018	Entreprise Minière Rodrigues	FR	\N	\N	\N	\N	\N	\N	\N	\N	\N	\N	\N	\N
fr-438934449	Equinoxe Ressources	FR	438934449	\N	\N	\N	\N	\N	\N	\N	\N	\N	\N	\N
test	test	\N	\N	\N	\N	\N	\N	\N	\N	\N	\N	\N	\N	\N
fr-030000001	Casema	\N	\N	\N	\N	\N	\N	\N	\N	\N	\N	\N	\N	\N
fr-030000002	Garon	\N	\N	\N	\N	\N	\N	\N	\N	\N	\N	\N	\N	\N
fr-030000005	Mercier	\N	\N	\N	\N	\N	\N	\N	\N	\N	\N	\N	\N	\N
fr-030000006	Sacab	\N	\N	\N	\N	\N	\N	\N	\N	\N	\N	\N	\N	\N
fr-030000008	SNC Octant	\N	\N	\N	\N	\N	\N	\N	\N	\N	\N	\N	\N	\N
fr-347619165	SABLIMARIS	FR	347619165	\N	SAS, société par actions simplifiée	PME	1988-07-01	36 Rue SAINT CLAUDE 	17000	LA ROCHELLE	\N	\N	\N	\N
fr-348021619	SOC ATLANTIQUE CHARENTES AGREGATS (SACA)	FR	348021619	\N	SA à conseil d'administration (s.a.i.)	\N	1988-06-01	3 Rue PAUL MORCHAIN 	17300	ROCHEFORT	\N	\N	\N	\N
fr-352500748	PROMO SON	FR	352500748	\N	Entrepreneur individuel	PME	1989-10-23	Route DE MONTABO 	97300	CAYENNE	\N	\N	\N	\N
fr-351483722	GEOMETHANE	FR	351483722	\N	Groupement d'intérêt économique (GIE) 	PME	1989-07-21	2 Rue DES MARTINETS 	92500	RUEIL MALMAISON	\N	\N	\N	\N
fr-376880183	SABLIERS DE L'ODET	FR	376880183	\N	SAS, société par actions simplifiée	PME	1968-01-01	PORT DU CORNIGUEL 	29000	QUIMPER	\N	\N	\N	\N
fr-381224393	GRIS NEZ	FR	381224393	\N	Groupement d'intérêt économique (GIE) 	PME	1991-03-01	Rue DU 11 NOVEMBRE 1918 	76400	FECAMP	\N	\N	\N	\N
fr-390815280	Pierrez Eric	FR	390815280	\N	Entrepreneur individuel	\N	1993-04-05	CRIQUE SAPOKAYE 	97353	REGINA	\N	\N	\N	\N
fr-402960397	BUTAGAZ	FR	402960397	\N	SAS, société par actions simplifiée	ETI	1995-11-17	47 Rue RASPAIL 	92300	LEVALLOIS PERRET	\N	\N	\N	\N
fr-408589158	Pedrosa Colares José Adriano	FR	408589158	\N	Entrepreneur individuel	\N	1996-08-24	CRIQUE ALICORNE 	97314	SAUL	\N	\N	\N	\N
fr-408483675	PRIMAGAZ LAVERA	FR	408483675	\N	SAS, société par actions simplifiée	ETI	1996-07-30	22 Place DES VOSGES 	92400	COURBEVOIE	92979	\N	\N	\N
fr-419847397	Pecher Charles	FR	419847397	\N	Entrepreneur individuel	\N	1998-08-03	Avenue STEPHANE BEREAU 	97360	MANA	\N	\N	\N	\N
fr-422070771	COMPAGNIE MINIERE HUILA	FR	422070771	\N	Société à responsabilité limitée (sans autre indication)	\N	1999-03-01	378 Route DE LA MADELEINE 	97300	CAYENNE	\N	\N	\N	\N
fr-443197777	Cedia Jean Marc	FR	443197777	\N	Entrepreneur individuel	\N	2002-08-02	13 Cité N'ZILA 	97300	CAYENNE	\N	\N	\N	\N
fr-438726655	WAPA	FR	438726655	\N	Entrepreneur individuel	PME	2001-07-30	49 Rue LALLOUETTE 	97300	CAYENNE	\N	\N	\N	\N
fr-440786903	EG ACTIVITES	FR	440786903	\N	SARL unipersonnelle 	PME	2002-02-06	Route DE REMIRE 	97354	REMIRE MONTJOLY	\N	\N	\N	\N
fr-448998682	BATMINE SARL	FR	448998682	\N	Société à responsabilité limitée (sans autre indication)	PME	2003-07-01	2 Rue ERNEST PREVOT 	97300	CAYENNE	\N	\N	\N	\N
fr-445248545	Cartier Gilles	FR	445248545	\N	Entrepreneur individuel	PME	2003-01-01	8 Rue ZAZI INGLANTIN 	97310	KOUROU	\N	\N	\N	\N
fr-449538974	AMAZONIA CHALETS	FR	449538974	\N	Entrepreneur individuel	\N	2000-02-01	Route DE L'EST 	97311	ROURA	\N	\N	\N	\N
fr-479443558	Bernardin René	FR	479443558	\N	Entrepreneur individuel	\N	2004-11-15	Avenue DIFOU 	97370	MARIPASOULA	\N	\N	\N	\N
fr-523359024	ABOEKA METAL	FR	523359024	\N	Entrepreneur individuel	PME	2010-07-24	1 A Allée DES PAGANIS BTZ 	97320	SAINT LAURENT DU MARONI	\N	\N	\N	\N
fr-529221749	TOTAL RAFFINAGE FRANCE	FR	529221749	\N	Société par actions simplifiée à associé unique ou société par actions simplifiée unipersonnelle 	GE	2010-12-10	2 Place JEAN MILLIER 	92400	COURBEVOIE	\N	\N	\N	\N
fr-672049616	GEOSEL MANOSQUE	FR	672049616	\N	SAS, société par actions simplifiée	ETI	1900-01-01	2 Rue DES MARTINETS 	92500	RUEIL MALMAISON	92569	\N	\N	\N
fr-790902332	Entreprise Miniere Rodrigues	FR	790902332	\N	Entrepreneur individuel	PME	2013-01-29	26 Cité CHATENAY 	97300	CAYENNE	\N	\N	\N	\N
fr-794389387	MAISON GUYANE REHABILITATION ET CONSTRUCTION	FR	794389387	\N	SARL unipersonnelle 	PME	2013-07-19	3 Rue BOULANGERE 	97351	MATOURY	\N	\N	\N	\N
fr-793697558	Laguerre Jimmy	FR	793697558	\N	Entrepreneur individuel	PME	2013-06-01	18 Lotissement LES CEDRES 	97300	CAYENNE	\N	\N	\N	\N
fr-799938246	Mine Etoile Du Matin	FR	799938246	\N	Entrepreneur individuel	PME	2014-01-27	19 Résidence DU LEVANT 	97300	CAYENNE	\N	\N	\N	\N
fr-811348432	SOCIETE DE CARRIERE DE MINES (SOCARMINES)	FR	811348432	\N	Société à responsabilité limitée (sans autre indication)	PME	2015-05-01	Rue DU CAURALE SOLEIL 	97300	CAYENNE	\N	\N	\N	\N
fr-820192342	COMPAGNIE REICOO	FR	820192342	\N	Société à responsabilité limitée (sans autre indication)	PME	2016-04-01	LE BOURG 	97312	SAINT ELIE	\N	\N	\N	\N
fr-821136710	SASU SOFERRO (SOFERRO)	FR	821136710	\N	Société par actions simplifiée à associé unique ou société par actions simplifiée unipersonnelle 	PME	2016-06-27	145 Avenue FELIX EBOUE 	97351	MATOURY	\N	\N	\N	\N
fr-819004854	DIVIMINES	FR	819004854	\N	SAS, société par actions simplifiée	PME	2016-01-05	5 Rue DES MOMBINS 	97354	REMIRE MONTJOLY	\N	\N	\N	\N
fr-831101555	LA PEPITE D OR SAS	FR	831101555	\N	SAS, société par actions simplifiée	\N	2017-07-19	27 Rue DES PINS 	97310	KOUROU	\N	\N	\N	\N
fr-095580841	TEREGA (TIGF)	FR	095580841	\N	SA à conseil d'administration (s.a.i.)	ETI	1955-01-01	40 Avenue DE L EUROPE 	64000	PAU	\N	\N	\N	\N
fr-303195192	CIE MINIERE DE BOULANGER	FR	303195192	\N	SA à conseil d'administration (s.a.i.)	PME	1974-01-01	1897 Route DE MONTJOLY 	97354	REMIRE MONTJOLY	\N	\N	\N	\N
fr-296400427	CORPORATION DE LA FONTAINE SALEE	FR	296400427	\N	Association syndicale autorisée 	\N	1991-01-01	Place DE LA TROMPE 	64270	SALIES DE BEARN	\N	\N	\N	\N
fr-319712873	LUNDIN ILE DE FRANCE	FR	319712873	\N	SA à conseil d'administration (s.a.i.)	\N	1980-09-01	MACLAUNAY 	51210	MONTMIRAIL	\N	\N	\N	\N
fr-315014035	DEPARTEMENT D'OUTRE MER IMPORT EXPORT (DOMIEX)	FR	315014035	\N	Société à responsabilité limitée (sans autre indication)	PME	1979-01-01	14 Rue DES EPICES 	97354	REMIRE MONTJOLY	\N	\N	\N	\N
fr-302556832	ELF ANTAR FRANCE	FR	302556832	\N	SA à conseil d'administration (s.a.i.)	\N	1985-05-17	24 Cours MICHELET 	92800	PUTEAUX	\N	\N	\N	\N
fr-304350887	SA GEOVEXIN	FR	304350887	\N	SA à conseil d'administration (s.a.i.)	PME	1900-01-01	2 Rue DES MARTINETS 	92500	RUEIL MALMAISON	92569	\N	\N	\N
fr-324558154	Barbosa José Grégoire	FR	324558154	\N	Entrepreneur individuel	PME	1982-02-12	245 COGNEAU LAMIRANDE 	97351	MATOURY	\N	\N	\N	\N
fr-304991342	Constable José	FR	304991342	\N	Entrepreneur individuel	\N	1995-11-07	CRIQUE GRAND VEVONY 	97353	REGINA	\N	\N	\N	\N
fr-311933568	DEFTA AIRAX	FR	311933568	\N	Société par actions simplifiée à associé unique ou société par actions simplifiée unipersonnelle 	ETI	1978-01-01	2 Rue BOLIVERT 	25320	CHEMAUDIN ET VAUX	\N	\N	\N	\N
fr-304516420	DRAGAGE TRANSPORTS ET TRAVAUX MARITIMES (DTM)	FR	304516420	\N	SAS, société par actions simplifiée	PME	1975-01-01	36 Rue SAINT CLAUDE 	17000	LA ROCHELLE	\N	\N	\N	\N
fr-314989930	LES SABLIERS REUNIS DE LA LOIRE (SARELO)	FR	314989930	\N	Société à responsabilité limitée (sans autre indication)	ETI	1979-01-01	Route D'ANCENIS 	44670	JUIGNE DES MOUTIERS	\N	\N	\N	\N
fr-303192959	TANON ET CIE	FR	303192959	\N	SA à conseil d'administration (s.a.i.)	PME	1974-01-01	Route DE BADUEL 	97300	CAYENNE	\N	\N	\N	\N
fr-303697924	SOCIETE DES MINES DE JOUAC	FR	303697924	\N	Société en nom collectif 	GE	1983-05-24	1 Place JEAN MILLIER 	92400	COURBEVOIE	\N	\N	\N	\N
fr-318992690	SOCIETE DE TRANSPORTS FLUVIO MARITIMES DE L'OUEST (STFMO)	FR	318992690	\N	SA à conseil d'administration (s.a.i.)	PME	1980-05-29	87 Rue LOUIS PASTEUR 	44550	MONTOIR DE BRETAGNE	\N	\N	\N	\N
fr-302420658	SOCIETE D'ENTREPRISES, CARRIERES ET MINES DE L'ESTEREL S.E.C.M.E. (SECME)	FR	302420658	\N	Société par actions simplifiée à associé unique ou société par actions simplifiée unipersonnelle 	GE	1975-04-01	17 Place DES REFLETS 	92400	COURBEVOIE	\N	\N	\N	\N
fr-309024685	GRAVES DE MER (GDM)	FR	309024685	\N	Société en nom collectif 	GE	1977-01-01	ZONE INDUSTRIELLE 	76370	ROUXMESNIL BOUTEILLES	\N	\N	\N	\N
fr-339718967	SOCIETE D'INDUSTRIALISATION ET DE COMMERCIALISATION DE L'APEI DE FRONTIGNAN LA PEYRADE ( SODICAPEI ) (SODICAPEI)	FR	339718967	\N	SAS, société par actions simplifiée	ETI	1986-12-12	1 MINE DES USCLADES 1 	34560	VILLEVEYRAC	\N	\N	\N	\N
fr-347720997	HADSON FRANCE SNC	FR	347720997	\N	Société en nom collectif 	\N	1988-08-03	8 Rue DE TEMARA 	78100	SAINT GERMAIN EN LAYE	\N	\N	\N	\N
fr-338878242	NIZEROLLES SA	FR	338878242	\N	SA à conseil d'administration (s.a.i.)	ETI	1986-09-24	43 Quai DE GRENELLE 	75015	PARIS 15	\N	\N	\N	\N
fr-352544571	YESEMBA CONSTRUCTION	FR	352544571	\N	Entrepreneur individuel	PME	1989-11-30	7781 Avenue GASTON MONERVILLE 	97320	SAINT LAURENT DU MARONI	\N	\N	\N	\N
fr-333707008	Villeroy Joël	FR	333707008	\N	Entrepreneur individuel	PME	1985-10-07	1 Rue DU DOC ETIENNE GIPPET 	97300	CAYENNE	\N	\N	\N	\N
fr-368500773	LES GRAVES DE L'ESTUAIRE	FR	368500773	\N	SAS, société par actions simplifiée	PME	1968-01-01	Route DU PORT PETROLIER 	76600	LE HAVRE	\N	\N	\N	\N
fr-331129601	CLYDE EXPRO PLC	GB	331129601	\N	Société commerciale étrangère immatriculée au RCS	\N	1973-03-08	CODDINGTON LEDBURY 	\N	HEREFORDSHIRE	\N	\N	\N	\N
fr-344778626	SARL COPERMER	FR	344778626	\N	Société à responsabilité limitée (sans autre indication)	PME	1988-04-15	PORT DE COMMERCE 	22740	LEZARDRIEUX	\N	\N	\N	\N
fr-327528733	AGIP EXPLORATION ET EXPLOITATION FRANCE	FR	327528733	\N	SA à conseil d'administration (s.a.i.)	\N	1983-06-01	75 Avenue PARMENTIER 	75011	PARIS 11	\N	\N	\N	\N
fr-339146284	COMPAGNIE MINIERE MONTAGNE D'OR (SOTRAPMAG)	FR	339146284	\N	SAS, société par actions simplifiée	PME	1986-08-01	1 Rue DE L'INDIGOTERIE 	97354	REMIRE MONTJOLY	\N	\N	\N	\N
fr-333517530	BIJOUTERIE REUNIF	FR	333517530	\N	Entrepreneur individuel	PME	1986-01-01	Route DE L'EST 	97356	MONTSINERY TONNEGRANDE	\N	\N	\N	\N
fr-391808763	LES QUATRE   T   D'OR	FR	391808763	\N	Société à responsabilité limitée (sans autre indication)	PME	1993-07-01	CRIQUE TI LEBLOND 	97315	SINNAMARY	\N	\N	\N	\N
fr-390919082	EURO RESSOURCES	FR	390919082	\N	SA à conseil d'administration (s.a.i.)	PME	1993-05-01	23 Rue DU ROULE 	75001	PARIS 1	\N	\N	\N	\N
fr-377721576	Difou Mola	FR	377721576	\N	Entrepreneur individuel	PME	1990-04-04	Lieu-dit ABOUNASOUNGA 	97340	GRAND SANTI	\N	\N	\N	\N
fr-388249229	SA TERRE	FR	388249229	\N	SAS, société par actions simplifiée	PME	1992-07-15	14 Route DE BEAUGENCY 	41220	LA FERTE SAINT CYR	\N	\N	\N	\N
fr-383789831	SOC MINIERE GUYANAISE (SOMIG)	FR	383789831	\N	SARL unipersonnelle 	PME	1991-10-01	98 Résidence BEAUREGARD 	97354	REMIRE MONTJOLY	\N	\N	\N	\N
fr-401862297	SOCIETE QUEMENEUR	FR	401862297	\N	Société à responsabilité limitée (sans autre indication)	PME	1995-04-01	17 Rue DES EMBRUNS 	29810	LAMPAUL PLOUARZEL	\N	\N	\N	\N
fr-408586550	GRANULATS MARINS DE NORMANDIE (GMN)	FR	408586550	\N	Groupement d'intérêt économique (GIE) 	PME	1996-06-09	Route DE L ESTUAIRE 	76600	LE HAVRE	\N	\N	\N	\N
fr-428162135	GIE LE ST NICOLAS	FR	428162135	\N	Groupement d'intérêt économique (GIE) 	GE	1999-11-09		27700	LES TROIS LACS	\N	\N	\N	\N
fr-479607335	STATION ANTILLAISE DE GRANULATS (SAG)	FR	479607335	\N	SAS, société par actions simplifiée	PME	2004-09-01	18 Boulevard DE LA POINTE JARRY 	97122	BAIE MAHAULT	\N	\N	\N	\N
fr-528362304	GRANULATS NORD GASCOGNE (GNG)	FR	528362304	\N	Groupement d'intérêt économique (GIE) 	PME	2010-09-17	2 Rue DU VERSEAU 	94150	RUNGIS	\N	\N	\N	\N
fr-539702506	GROUPEMENT D'INTERET ECONOMIQUE LOIRE GRAND LARGE	FR	539702506	\N	Autre personne morale de droit privé 	PME	2012-01-26	3 Rue DU CHARRON 	44800	SAINT HERBLAIN	\N	\N	\N	\N
fr-623820651	GAYAM	FR	623820651	\N	SAS, société par actions simplifiée	PME	1962-01-01	15 Avenue PIERRE MENDES FRANCE 	14000	CAEN	\N	\N	\N	\N
fr-589200575	LAFARGE GRANULATS OUEST	FR	589200575	\N	SAS, société par actions simplifiée	GE	1958-01-01	125 Rue ROBERT SCHUMAN 	44800	SAINT HERBLAIN	\N	\N	\N	\N
fr-788183382	LES SABLIERES DE L ATLANTIQUE	FR	788183382	\N	SA à conseil d'administration (s.a.i.)	PME	1972-01-01	87 Rue LOUIS PASTEUR 	44550	MONTOIR DE BRETAGNE	\N	\N	\N	\N
fr-815304399	HEIDELBERGCEMENT FRANCE S.A.S	FR	815304399	\N	SAS, société par actions simplifiée	GE	2015-12-11	Rue DES TECHNODES 	78930	GUERVILLE	\N	\N	\N	\N
fr-391195997	COMPAGNIE D'EXPLOITATION MINIERE DE LA CRIQUE IPOUCIN (CEMCI)	FR	391195997	\N	Société à responsabilité limitée (sans autre indication)	PME	1993-01-01	98 Résidence BEAUREGARD 	97354	REMIRE MONTJOLY	\N	\N	\N	\N
fr-398522037	SOC DES MINES DE ST ELIE	FR	398522037	\N	Société par actions simplifiée à associé unique ou société par actions simplifiée unipersonnelle 	PME	1994-09-29	LE BOURG 	97312	SAINT ELIE	\N	\N	\N	\N
fr-419619077	IPC PETROLEUM GASCOGNE	FR	419619077	\N	Société en nom collectif 	PME	1998-06-26	MACLAUNAY 	51210	MONTMIRAIL	\N	\N	\N	\N
fr-420282022	LEADER MINING	FR	420282022	\N	Entrepreneur individuel	\N	1998-10-01	CRIQUE LOUISE 	97312	SAINT ELIE	\N	\N	\N	\N
fr-438934119	EQUINOXE RESSOURCES SARL	FR	438934119	\N	Société à responsabilité limitée (sans autre indication)	PME	2001-08-13	1 Rue THIERS 	97320	SAINT LAURENT DU MARONI	\N	\N	\N	\N
fr-431931369	ROJAS COMMERCE	FR	431931369	\N	Entrepreneur individuel	PME	1999-02-01	9577 Avenue GASTON MONNERVILLE 	97320	SAINT LAURENT DU MARONI	\N	\N	\N	\N
fr-444749733	LA PIOCHE MINIERE	FR	444749733	\N	Société à responsabilité limitée (sans autre indication)	\N	2002-12-16	7 Rue DES AVOCATIERS 	97310	KOUROU	\N	\N	\N	\N
fr-448085910	HG-GUYANE (HG)	FR	448085910	\N	Société à responsabilité limitée (sans autre indication)	PME	2003-04-08	34 Rue JUSTIN CATAYEE 	97300	CAYENNE	\N	\N	\N	\N
fr-488362955	NOUVELLE COMPAGNIE DES TRAVAUX AURIFERES (NCTA)	FR	488362955	\N	Société à responsabilité limitée (sans autre indication)	PME	2006-01-01	44 Rue PINOT 	97351	MATOURY	\N	\N	\N	\N
fr-487650632	STORENGY FRANCE	FR	487650632	\N	SA à conseil d'administration (s.a.i.)	GE	2005-12-06	12 Rue RAOUL NORDLING 	92270	BOIS COLOMBES	\N	\N	\N	\N
fr-508738879	CELTIQUE ENERGIE PETROLEUM	FR	508738879	\N	Société à responsabilité limitée (sans autre indication)	\N	2008-10-01	12 Rue PERNELLE 	75004	PARIS 4	\N	\N	\N	\N
fr-530864792	HARDMAN PETROLEUM FRANCE SAS	FR	530864792	\N	Société étrangère non immatriculée au RCS 	PME	2011-02-21	Route DE LA MADELEINE 	97300	CAYENNE	\N	\N	\N	\N
fr-533547279	GUYANE MINES ET CARRIERES SARL (G.M. C. SARL)	FR	533547279	\N	Société à responsabilité limitée (sans autre indication)	PME	2011-07-01		97370	MARIPASOULA	\N	\N	\N	\N
fr-712025048	COMPAGNIE INDUSTRIELLE ET MINIERE (CIM)	FR	712025048	\N	SAS, société par actions simplifiée	GE	1999-12-01	25 Rue DE CLICHY 	75009	PARIS 9	\N	\N	\N	\N
fr-654800689	CIMENTS CALCIA	FR	654800689	\N	SAS, société par actions simplifiée	GE	1965-01-01	Rue DES TECHNODES 	78930	GUERVILLE	\N	\N	\N	\N
fr-790063911	SPENCE MINING COMPANY (SMC)	FR	790063911	\N	Société par actions simplifiée à associé unique ou société par actions simplifiée unipersonnelle 	PME	2012-11-07	Lotissement COLLERY II 	97300	CAYENNE	\N	\N	\N	\N
fr-792085169	NOUVEAU PROGRES GUYANE	FR	792085169	\N	Société à responsabilité limitée (sans autre indication)	PME	2013-03-26	432 Route DE LA MADELEINE 	97300	CAYENNE	\N	\N	\N	\N
fr-811348200	SOCIETE MINIERE TORRES	FR	811348200	\N	Société à responsabilité limitée (sans autre indication)	PME	2015-03-23	PK 6 DEGRAD SARAMACA 	97310	KOUROU	\N	\N	\N	\N
fr-813079365	MINES 3C SARL (M3C SARL)	FR	813079365	\N	Société à responsabilité limitée (sans autre indication)	PME	2015-08-01	Rue DU CAURALE SOLEIL 	97300	CAYENNE	\N	\N	\N	\N
fr-818854432	SOCIETE GENERALE DE TRAVAUX ET SERVICES (SGTS SAS)	FR	818854432	\N	SAS, société par actions simplifiée	PME	2016-04-03	1630 F Route DE DEGRAD DES CANNES 	97354	REMIRE MONTJOLY	\N	\N	\N	\N
fr-832854152	MINERATION IRACOUBO	FR	832854152	\N	Société à responsabilité limitée (sans autre indication)	\N	2017-10-01	36 Rue FRANTZ FANON ROCHE 	97310	KOUROU	\N	\N	\N	\N
fr-391727450	VERMILION MORAINE	FR	391727450	\N	SAS, société par actions simplifiée	ETI	1993-06-24	1762 Route DE PONTENX 	40160	PARENTIS EN BORN	\N	\N	\N	\N
fr-394926877	MATERIAUX BAIE DE SEINE (MBS)	FR	394926877	\N	SAS, société par actions simplifiée	GE	1994-04-06	PARC DES MARAIS 	76700	GONFREVILLE L'ORCHER	\N	\N	\N	\N
fr-392068102	GEOPETROL	FR	392068102	\N	SA à conseil d'administration (s.a.i.)	PME	1993-07-15	41 Boulevard DES CAPUCINES 	75002	PARIS 2	\N	\N	\N	\N
fr-414885863	GRANULATS OUEST (GO)	FR	414885863	\N	SAS, société par actions simplifiée	GE	1997-12-17	3 Rue DU CHARRON 	44800	SAINT HERBLAIN	44804	\N	\N	\N
fr-422052514	SOCIETE MINIERE YAOU DORLIN	FR	422052514	\N	SAS, société par actions simplifiée	PME	1999-01-01	ZONE INDUSTRIELLE DEGRAD CANNES 	97354	REMIRE MONTJOLY	\N	\N	\N	\N
fr-420007692	GIE MANCHE EST (GME)	FR	420007692	\N	Groupement d'intérêt économique (GIE) 	GE	1998-09-01	ZI DE LA ZONE BLEUE 	76370	ROUXMESNIL BOUTEILLES	\N	\N	\N	\N
fr-431802727	GRANDS PLACERS	FR	431802727	\N	Entrepreneur individuel	PME	2000-07-03	Route DE BOURDA 	97300	CAYENNE	\N	\N	\N	\N
fr-451259790	GRANULATS DE LA MANCHE ORIENTALE (GMO)	FR	451259790	\N	Groupement d'intérêt économique (GIE) 	PME	2003-11-01	251 Avenue DU BOIS 	59130	LAMBERSART	\N	\N	\N	\N
fr-479920035	NEPTUNE ENERGY FRANCE	FR	479920035	\N	Société par actions simplifiée à associé unique ou société par actions simplifiée unipersonnelle 	GE	2004-12-06	9 Allée DE L ARCHE 	92400	COURBEVOIE	\N	\N	\N	\N
fr-528859846	VARISCAN MINES	FR	528859846	\N	Société par actions simplifiée à associé unique ou société par actions simplifiée unipersonnelle 	PME	2010-12-01	10 Rue LEONARD DE VINCI 	45100	ORLEANS	\N	\N	\N	\N
fr-572081131	DENAIN-ANZIN MINERAUX SA	FR	572081131	\N	SA à conseil d'administration (s.a.i.)	\N	1957-01-01	154 Rue DE L'UNIVERSITE 	75007	PARIS 7	\N	\N	\N	\N
fr-789280971	GROUPEMENT D'INTERET ECONOMIQUE SUD ALTANTIQUE	FR	789280971	\N	Groupement d'intérêt économique (GIE) 	PME	2012-10-25	29 Rue DU DUC 	17000	LA ROCHELLE	\N	\N	\N	\N
fr-809831027	Pralier Sylvestre	FR	809831027	\N	Entrepreneur individuel	PME	2015-02-24	Cité CHATENAY 2 	97300	CAYENNE	\N	\N	\N	\N
fr-811999044	EXALL 79	FR	811999044	\N	SAS, société par actions simplifiée	PME	2015-06-01	5 Rue DE L'ARTISANAT 	97354	REMIRE MONTJOLY	\N	\N	\N	\N
fr-824314710	PARIS	FR	824314710	\N	Société à responsabilité limitée (sans autre indication)	PME	2016-12-08	PONT MAGGI 	97300	CAYENNE	\N	\N	\N	\N
fr-819464041	TERRE ET OR GUYANE	FR	819464041	\N	Société à responsabilité limitée (sans autre indication)	PME	2016-03-04	98 Résidence BEAUREGARD 	97354	REMIRE MONTJOLY	\N	\N	\N	\N
fr-831101522	COMPAGNIE MINIERE CECCON	FR	831101522	\N	SAS, société par actions simplifiée	\N	2017-07-17	3 Cité N'ZILA 	97300	CAYENNE	\N	\N	\N	\N
fr-833619125	RESSOURCES REUNION SAS	FR	833619125	\N	Société par actions simplifiée à associé unique ou société par actions simplifiée unipersonnelle 	\N	2017-11-08	1247 Route DES PLAGES 	97354	REMIRE MONTJOLY	\N	\N	\N	\N
fr-388522161	RAMBAUD CARRIERES	FR	388522161	\N	SAS, société par actions simplifiée	PME	1992-04-01	35 ROUTE DE THOUARS 	79200	CHATILLON SUR THOUET	\N	\N	\N	\N
fr-392425427	Abaadou Amoufini	FR	392425427	\N	Entrepreneur individuel	PME	1993-09-01	2 Rue NOUVEAU WACAPOU 	97370	MARIPASOULA	\N	\N	\N	\N
fr-415281138	SOC MINIERE PLACER AOMA	FR	415281138	\N	Société à responsabilité limitée (sans autre indication)	\N	1998-01-02	5 Avenue GASTON MONNERVILLE 	97300	CAYENNE	\N	\N	\N	\N
fr-433462660	AGELOR	FR	433462660	\N	Société à responsabilité limitée (sans autre indication)	PME	2000-10-24	69 B Avenue DE LA LIBERTE 	97300	CAYENNE	\N	\N	\N	\N
fr-489615294	MEHDI OR	FR	489615294	\N	Société à responsabilité limitée (sans autre indication)	\N	2006-04-13	Lotissement ZEPHIR 	97300	CAYENNE	\N	\N	\N	\N
fr-505332510	MINEA	FR	505332510	\N	Société à responsabilité limitée (sans autre indication)	PME	2008-08-01	132 Résidence BEAUREGARD 	97354	REMIRE MONTJOLY	\N	\N	\N	\N
fr-524468444	GRANULATS DE LA FACADE AQUITAINE (GFA)	FR	524468444	\N	Groupement d'intérêt économique (GIE) 	PME	2010-03-15	20 Rue THIERRY SABINE 	33700	MERIGNAC	\N	\N	\N	\N
fr-538269333	BONARETTO METAL INDUSTRIE (B.M.I)	FR	538269333	\N	SAS, société par actions simplifiée	PME	2011-12-28	24 Avenue PREFONTAINE 	97310	KOUROU	\N	\N	\N	\N
fr-552092181	VERMILION EMERAUDE REP	FR	552092181	\N	SAS, société par actions simplifiée	\N	1900-01-01	Lieu-dit LE PIOULAS 	40160	PARENTIS EN BORN	\N	\N	\N	\N
fr-790530224	AMAZON'OR	FR	790530224	\N	Société à responsabilité limitée (sans autre indication)	PME	2013-02-10	24 Avenue JEAN GALMOT 	97300	CAYENNE	\N	\N	\N	\N
fr-793173675	SOCIETE D EXPLOITATION AURIFERES GUYANAISE (S.E.A.G)	FR	793173675	\N	Société à responsabilité limitée (sans autre indication)	PME	2013-06-01	LES ECARTS DE LA DESIREE 	97351	MATOURY	\N	\N	\N	\N
fr-803949650	TRANSPORTS VILLETTE	FR	803949650	\N	Société par actions simplifiée à associé unique ou société par actions simplifiée unipersonnelle 	PME	2014-09-01	Lotissement VILLAGE SABRINA 	97351	MATOURY	\N	\N	\N	\N
fr-814636981	EURL C.M.P.	FR	814636981	\N	Société à responsabilité limitée (sans autre indication)	PME	2015-11-10	1630 C Route DE DEGRAD DES CANNES 	97354	REMIRE MONTJOLY	\N	\N	\N	\N
fr-829591924	COMPAGNIE FRANCAISE DU MATARONI (CFM)	FR	829591924	\N	Société par actions simplifiée à associé unique ou société par actions simplifiée unipersonnelle 	\N	2017-03-01	21 Rue MEZIN GILDON 	97354	REMIRE MONTJOLY	\N	\N	\N	\N
fr-828249896	COMPAGNIE MINIERE AURIFERE DE GUYANE (CMAG)	FR	828249896	\N	Société par actions simplifiée à associé unique ou société par actions simplifiée unipersonnelle 	\N	2017-02-22	113 ZONE INDUSTRIELLE DEGRAD CANNES 	97354	REMIRE MONTJOLY	\N	\N	\N	\N
fr-381151760	COMPAGNIE MINIERE ESPERANCE	FR	381151760	\N	SAS, société par actions simplifiée	PME	1991-01-01	LE BOURG 	97317	APATOU	\N	\N	\N	\N
fr-400446837	Adam Abango	FR	400446837	\N	Entrepreneur individuel	PME	1995-03-09	11 Boulevard DU MARONI 	97320	SAINT LAURENT DU MARONI	\N	\N	\N	\N
fr-403018427	SOCIETE MINIERE BONNE ENTENTE (SMBE)	FR	403018427	\N	Société à responsabilité limitée (sans autre indication)	PME	1995-11-16	1 Rue THIERS 	97320	SAINT LAURENT DU MARONI	\N	\N	\N	\N
fr-412431744	COMPAGNIE DES SALINS DU MIDI ET DES SALINES DE L'EST	FR	412431744	\N	Société par actions simplifiée à associé unique ou société par actions simplifiée unipersonnelle 	ETI	1997-06-05	92 Boulevard VICTOR HUGO 	92110	CLICHY	92115	\N	\N	\N
fr-435098512	NOUVELLE GENERATION	FR	435098512	\N	Société à responsabilité limitée (sans autre indication)	PME	2001-03-02	41 Rue DU LIEUTENANT BECKER 	97300	CAYENNE	\N	\N	\N	\N
fr-452092711	METAL GOLD RESSOURCES (M G R)	FR	452092711	\N	Société à responsabilité limitée (sans autre indication)	PME	2004-02-14	52 Lotissement ZONE ARTISANALE GALMOT 	97300	CAYENNE	\N	\N	\N	\N
fr-445214208	Souffrans	FR	445214208	\N	Entrepreneur individuel	PME	2003-02-06	67 Avenue DU GENERAL DE GAULLE 	97310	KOUROU	\N	\N	\N	\N
fr-492428552	Deroche Joséphine	FR	492428552	\N	Entrepreneur individuel	PME	2006-11-06	296 Route DE L'AEROPORT 	97370	MARIPASOULA	\N	\N	\N	\N
fr-492514955	MYDAS	FR	492514955	\N	Société à responsabilité limitée (sans autre indication)	\N	2008-03-06	103 Rue CHRISTOPHE COLOMB 	97300	CAYENNE	\N	\N	\N	\N
fr-517872222	BLUEBACH RESSOURCES	FR	517872222	\N	Société à responsabilité limitée (sans autre indication)	PME	2009-10-27	178 Boulevard HAUSSMANN 	75008	PARIS 8	\N	\N	\N	\N
fr-528956162	PRO EXPERTS 4	FR	528956162	\N	Société à responsabilité limitée (sans autre indication)	PME	2011-01-12	7 Rue DES AVOCATIERS 	97310	KOUROU	\N	\N	\N	\N
fr-537901332	PHENIX	FR	537901332	\N	SARL unipersonnelle 	PME	2011-11-15	1462 Route DES PLAGES 	97354	REMIRE MONTJOLY	\N	\N	\N	\N
fr-558501912	ELECTRICITE DE STRASBOURG	FR	558501912	\N	SA à conseil d'administration (s.a.i.)	GE	1955-01-01	26 Boulevard DU PRESIDENT WILSON 	67000	STRASBOURG	\N	\N	\N	\N
fr-633820337	SOC PECHINEY SAINT GOBAIN	FR	633820337	\N	SA à conseil d'administration (s.a.i.)	\N	1900-01-01	Rue DE L ORATOIRE 	14000	CAEN	\N	\N	\N	\N
fr-703002535	GEOGAZ LAVERA	FR	703002535	\N	SA à conseil d'administration (s.a.i.)	PME	1900-01-01	2 Rue DES MARTINETS 	92500	RUEIL MALMAISON	92569	\N	\N	\N
fr-789083805	COMPAGNIE MINIERE DE L'ININI (C.M.I)	FR	789083805	\N	Société par actions simplifiée à associé unique ou société par actions simplifiée unipersonnelle 	PME	2012-10-30	39 Avenue SAINT ANGE METHON 	97354	REMIRE MONTJOLY	\N	\N	\N	\N
fr-793025370	NINOR	FR	793025370	\N	Société à responsabilité limitée (sans autre indication)	PME	2013-05-02	CARREFOUR DU LARIVOT 	97351	MATOURY	\N	\N	\N	\N
fr-811348325	SOLEIL	FR	811348325	\N	SAS, société par actions simplifiée	PME	2015-01-01	21 Rue JOSEPH SYMPHORIEN 	97320	SAINT LAURENT DU MARONI	\N	\N	\N	\N
fr-823507553	TORTUE	FR	823507553	\N	Société par actions simplifiée à associé unique ou société par actions simplifiée unipersonnelle 	PME	2016-10-30	1462 Route DES PLAGES 	97354	REMIRE MONTJOLY	\N	\N	\N	\N
fr-824544134	AMAZONIE RESSOURCES MINIERES (A.R.M)	FR	824544134	\N	Société par actions simplifiée à associé unique ou société par actions simplifiée unipersonnelle 	PME	2016-12-16	17 Lotissement LES LOUSSAIS 	97351	MATOURY	\N	\N	\N	\N
fr-390455814	COMPAGNIE ARMORICAINE NAVIGATION (CAN)	FR	390455814	\N	SA à conseil d'administration (s.a.i.)	ETI	1993-04-05	ZONE INDUSTRIELLE 	22260	QUEMPER GUEZENNEC	\N	\N	\N	\N
fr-424505360	ENTREPRISE DOS SANTOS	FR	424505360	\N	Entrepreneur individuel	PME	1999-07-16	46 Allée DES CAMELIAS 	97320	SAINT LAURENT DU MARONI	\N	\N	\N	\N
fr-431479500	ATENOR	FR	431479500	\N	Société à responsabilité limitée (sans autre indication)	PME	2000-05-17	Avenue SAINT ANGE METHON 	97354	REMIRE MONTJOLY	\N	\N	\N	\N
fr-453852295	GALLI COZ	FR	453852295	\N	SA à conseil d'administration (s.a.i.)	PME	2004-06-03	50 Rue DU MIDI 	94300	VINCENNES	\N	\N	\N	\N
fr-457202331	ETABLISSEMENTS MAUREL ET PROM	FR	457202331	\N	SA à conseil d'administration (s.a.i.)	PME	1957-01-01	51 Rue D'ANJOU 	75008	PARIS 8	\N	\N	\N	\N
fr-504838699	INVESTAQ ENERGIE	FR	504838699	\N	Société par actions simplifiée à associé unique ou société par actions simplifiée unipersonnelle 	PME	2008-06-12	32 Avenue HOCHE 	75008	PARIS 8	\N	\N	\N	\N
fr-500460407	POROS	FR	500460407	\N	SAS, société par actions simplifiée	PME	2007-10-08	7 Rue DE LA LIBERATION 	95880	ENGHIEN LES BAINS	\N	\N	\N	\N
fr-568500649	PECHELBRONN	FR	568500649	\N	Société en commandite par actions 	\N	1958-12-25	45 Boulevard HAUSSMANN 	75009	PARIS 9	\N	\N	\N	\N
fr-537433187	CARRIERES ET MATERIAUX DU GRAND OUEST	FR	537433187	\N	SAS, société par actions simplifiée	GE	2011-10-04	2 Rue GASPARD CORIOLIS 	44300	NANTES	\N	\N	\N	\N
fr-729800706	PLACOPLATRE	FR	729800706	\N	SA à conseil d'administration (s.a.i.)	GE	1900-01-01	34 Avenue FRANKLIN ROOSEVELT 	92150	SURESNES	\N	\N	\N	\N
fr-793399551	SAS ALTA ROCCA	FR	793399551	\N	Société par actions simplifiée à associé unique ou société par actions simplifiée unipersonnelle 	PME	2013-06-03	13 Lotissement CALIMBE II 	97300	CAYENNE	97346	\N	\N	\N
fr-799119441	GEOTHERMIE DE GUADELOUPE	FR	799119441	\N	SAS, société par actions simplifiée	PME	2013-12-09	23 TERRASSES DE LA DIGUE 	97190	LE GOSIER	\N	\N	\N	\N
fr-821591286	MAC MAHON (M.M.)	FR	821591286	\N	Société à responsabilité limitée (sans autre indication)	PME	2016-09-01	13 Lotissement CALIMBE I 	97300	CAYENNE	\N	\N	\N	\N
fr-820959948	OR AMAZONIE PRESTA	FR	820959948	\N	SAS, société par actions simplifiée	PME	2016-07-01	406 Route DE SUZINI 	97300	CAYENNE	\N	\N	\N	\N
fr-814981379	SAS AMOURETTE Y.A	FR	814981379	\N	Société par actions simplifiée à associé unique ou société par actions simplifiée unipersonnelle 	PME	2015-10-16	78 Rue VICTOR SCHOELCHER 	97300	CAYENNE	\N	\N	\N	\N
fr-827791120	CIE MINIERE PHOENIX	FR	827791120	\N	SAS, société par actions simplifiée	\N	2017-01-02	14 Rue DES EPICES 	97354	REMIRE MONTJOLY	\N	\N	\N	\N
fr-400790614	SARL SOMIRAL	FR	400790614	\N	Société à responsabilité limitée (sans autre indication)	PME	1994-11-15	Résidence LES MOMBINS 	97354	REMIRE MONTJOLY	\N	\N	\N	\N
fr-411102635	Passedat Bruno	FR	411102635	\N	Entrepreneur individuel	\N	1997-01-20	Lieu-dit FOURQUET ET RIELS 	82240	PUYLAROQUE	\N	\N	\N	\N
fr-420768319	Difou Casimir	FR	420768319	\N	Entrepreneur individuel	\N	1998-11-16	CRIQUE BAMBA 	97316	PAPAICHTON	\N	\N	\N	\N
fr-442472197	CIE MINIERE DE L'OUEST GUYANAIS (CMOG)	FR	442472197	\N	Société à responsabilité limitée (sans autre indication)	\N	2002-06-04	Résidence MARYFLOR 	97320	SAINT LAURENT DU MARONI	\N	\N	\N	\N
fr-432993525	Monsieur Azad Yusuf	FR	432993525	\N	Entrepreneur individuel	PME	2001-02-01	42 R TOULOUSE LAUTREC 	97310	KOUROU	\N	\N	\N	\N
fr-477515381	SOUTH AMERICA GOLD MINING (SAGM)	FR	477515381	\N	Société à responsabilité limitée (sans autre indication)	PME	2004-10-01	2 Rue LOUIS MOLE 	97300	CAYENNE	\N	\N	\N	\N
fr-490053378	THERMOPYLES	FR	490053378	\N	Société par actions simplifiée à associé unique ou société par actions simplifiée unipersonnelle 	PME	2006-05-12	50 Rue DU MIDI 	94300	VINCENNES	\N	\N	\N	\N
fr-538720897	De Boisvilliers Rudy	FR	538720897	\N	Entrepreneur individuel	\N	2011-12-22	WAYABO MATITI 	97310	KOUROU	\N	\N	\N	\N
fr-625780135	INOVYN FRANCE	FR	625780135	\N	Société par actions simplifiée à associé unique ou société par actions simplifiée unipersonnelle 	ETI	1957-01-01	2 Avenue DE LA REPUBLIQUE 	39500	TAVAUX	\N	\N	\N	\N
fr-790368518	SOCIETE AURIFERE DE GUYANE (SAG)	FR	790368518	\N	Société à responsabilité limitée (sans autre indication)	PME	2013-01-07	53 Lotissement ZONE ARTISANALE GALMOT 	97300	CAYENNE	\N	\N	\N	\N
fr-788214187	CIE EUROPEENNE TRANSPORTS ATLANTIQUE (CETRA)	FR	788214187	\N	SAS, société par actions simplifiée	ETI	1973-01-01	Avenue DE LA GARE 	44480	DONGES	\N	\N	\N	\N
fr-799534920	Compagnie Miniere Marwina	FR	799534920	\N	Entrepreneur individuel	PME	2014-01-07	Résidence SAINT MAURICE N°3 APPT F ETG 2 	97320	SAINT LAURENT DU MARONI	\N	\N	\N	\N
fr-821212651	BONOR SAS	FR	821212651	\N	SAS, société par actions simplifiée	PME	2016-07-01	24 Rue PREFONTAINE 	97310	KOUROU	\N	\N	\N	\N
fr-399380302	COMPAGNIE MINIERE DE SIKINI (CMS)	FR	399380302	\N	Société à responsabilité limitée (sans autre indication)	PME	1995-01-01	Lieu-dit COUNAMARY 	97353	REGINA	\N	\N	\N	\N
fr-404167645	CIE MINIERE PROVIDENCE (CMP)	FR	404167645	\N	SARL unipersonnelle 	\N	1996-03-15	41 Rue DU LIEUTENANT BECKER 	97300	CAYENNE	\N	\N	\N	\N
fr-424882066	Amayota Denis	FR	424882066	\N	Entrepreneur individuel	\N	1999-10-28	15 Cité PASCALINE 	97300	CAYENNE	\N	\N	\N	\N
fr-420672263	RTG	FR	420672263	\N	Entrepreneur individuel	\N	1998-11-01	CARREFOUR DE PETIT SAUT 	97310	KOUROU	\N	\N	\N	\N
fr-440095750	CIE MINIERE JOTA	FR	440095750	\N	Société à responsabilité limitée (sans autre indication)	PME	2001-12-01	14 Rue DES EPICES 	97354	REMIRE MONTJOLY	\N	\N	\N	\N
fr-448669838	MARONI PHOTO ADMINISTRATIFS	FR	448669838	\N	Entrepreneur individuel	PME	2003-05-26	3 Avenue DES EMERILLONS 	97370	MARIPASOULA	\N	\N	\N	\N
fr-502023468	COMPAGNIE MINIERE JOHNNY ET JEAN SARL (C.M.2.J SARL)	FR	502023468	\N	Société à responsabilité limitée (sans autre indication)	PME	2008-01-16	DEGRAD CORREZE 	97311	ROURA	\N	\N	\N	\N
fr-529069825	CONCORDE ENERGIE PARIS	FR	529069825	\N	SARL unipersonnelle 	PME	2010-10-27	1 Avenue ST REMY 	57600	FORBACH	\N	\N	\N	\N
fr-662006543	ERAP	FR	662006543	\N	Établissement public national à caractère industriel ou commercial non doté d'un comptable public 	\N	1985-04-22	139 Rue DE BERCY 	75012	PARIS 12	\N	\N	\N	\N
fr-777344664	GYPSE LAMBERT	FR	777344664	\N	SA à conseil d'administration (s.a.i.)	\N	1974-05-29	34 Avenue FRANKLIN ROOSEVELT 	92150	SURESNES	\N	\N	\N	\N
fr-791652399	AMAZONE GOLD	FR	791652399	\N	SAS, société par actions simplifiée	PME	2013-02-01	21 Résidence ELVINA 	97354	REMIRE MONTJOLY	\N	\N	\N	\N
fr-792651259	COMPAGNIE MINIERE HORTH (CMH)	FR	792651259	\N	SAS, société par actions simplifiée	PME	2013-04-03	49 Rue LALLOUETTE 	97300	CAYENNE	\N	\N	\N	\N
fr-811383462	SEMIR (SOCIETE EXPLOITATION MINIERE REUNIF)	FR	811383462	\N	Société à responsabilité limitée (sans autre indication)	PME	2015-05-06	18 Boulevard NELSON MADIBA MANDELA 	97300	CAYENNE	\N	\N	\N	\N
fr-804686582	SGZ FRANCE SAS	FR	804686582	\N	Société par actions simplifiée à associé unique ou société par actions simplifiée unipersonnelle 	PME	2014-09-04	18 Rue JEAN MERMOZ 	75008	PARIS 8	\N	\N	\N	\N
fr-822591715	CUB OR GUYANE (C.O.G.)	FR	822591715	\N	SAS, société par actions simplifiée	PME	2016-07-20	Résidence BEAUREGARD 	97354	REMIRE MONTJOLY	\N	\N	\N	\N
fr-830984613	SOCIETE MINIERE AUROR (SMA)	FR	830984613	\N	Société par actions simplifiée à associé unique ou société par actions simplifiée unipersonnelle 	\N	2017-07-18	1630 F Route DE DEGRAD DES CANNES 	97354	REMIRE MONTJOLY	\N	\N	\N	\N
fr-401802863	ARMINA RESSOURCES MINIERES SARL	FR	401802863	\N	Société à responsabilité limitée (sans autre indication)	PME	1995-06-12	ZONE INDUSTRIELLE DEGRAD CANNES 	97354	REMIRE MONTJOLY	\N	\N	\N	\N
fr-414719435	SHELL EXPLORATION AND PRODUCTION FRANCE	FR	414719435	\N	Société par actions simplifiée à associé unique ou société par actions simplifiée unipersonnelle 	PME	1997-12-08	307 Rue ESTIENNE D ORVES 	92700	COLOMBES	92708	\N	\N	\N
fr-411178866	EXPLOITATION MINIERE DE LA CHALEUR	FR	411178866	\N	Groupement européen d'intérêt économique (GEIE) 	GE	1997-01-02	Route DE SOULTZ 	67250	KUTZENHAUSEN	\N	\N	\N	\N
fr-428758254	SOC GUY DE GRANULATS (SGDG)	FR	428758254	\N	SAS, société par actions simplifiée	ETI	2000-01-01	Lotissement MARENGO 	97300	CAYENNE	\N	\N	\N	\N
fr-448302877	Bagadi Yani	FR	448302877	\N	Entrepreneur individuel	\N	2003-04-12	Chemin MORTHIUM 	97351	MATOURY	\N	\N	\N	\N
fr-478826316	VERMILION PYRENEES	FR	478826316	\N	SAS, société par actions simplifiée	ETI	2004-09-24	1762 Route DE PONTENX 	40160	PARENTIS EN BORN	\N	\N	\N	\N
fr-484860507	TOISON D OR	FR	484860507	\N	Société à responsabilité limitée (sans autre indication)	PME	2005-11-02	Lotissement DOMAINES PARC LINDOR 	97354	REMIRE MONTJOLY	\N	\N	\N	\N
fr-562034629	SOC PETROREP	FR	562034629	\N	SA à conseil d'administration (s.a.i.)	PME	1956-01-01	42 Avenue RAYMOND POINCARE 	75116	PARIS 16	\N	\N	\N	\N
fr-791706666	MINIERE DE GUYANE	FR	791706666	\N	Société par actions simplifiée à associé unique ou société par actions simplifiée unipersonnelle 	PME	2013-03-01	1 Avenue GUSTAVE CHARLERY 	97300	CAYENNE	\N	\N	\N	\N
fr-789935145	SOCIETE MINIERE DE KOUROU (SMK)	FR	789935145	\N	Société à responsabilité limitée (sans autre indication)	PME	2012-12-11	Cité OULAPA TOPAZE 	97310	KOUROU	\N	\N	\N	\N
fr-792731622	SOCIETE MINIERE HAUT MANA (S.M.H.M.)	FR	792731622	\N	Société à responsabilité limitée (sans autre indication)	PME	2013-04-16	41 Rue DU LIEUTENANT BECKER 	97300	CAYENNE	\N	\N	\N	\N
fr-807407630	GROUPE AL MACTOUM	FR	807407630	\N	SAS, société par actions simplifiée	PME	2014-10-23	18 Rue KOUSET ALBINA 	97320	SAINT LAURENT DU MARONI	\N	\N	\N	\N
fr-857804660	SOCIETE DES DRAGAGE D'ANCENIS	FR	857804660	\N	Société par actions simplifiée à associé unique ou société par actions simplifiée unipersonnelle 	ETI	1957-01-01	Route D ANCENIS 	44670	JUIGNE DES MOUTIERS	\N	\N	\N	\N
fr-395042054	CARR PRODUCTION FRANCE	FR	395042054	\N	Société à responsabilité limitée (sans autre indication)	\N	1994-06-20	95 Rue LA BOETIE 	75008	PARIS 8	\N	\N	\N	\N
fr-404307910	Amayota Gérard	FR	404307910	\N	Entrepreneur individuel	PME	1996-04-02	10 Allée JEAN PAUL SARTRE 	97320	SAINT LAURENT DU MARONI	\N	\N	\N	\N
fr-420610438	NOVAPEX	FR	420610438	\N	Société par actions simplifiée à associé unique ou société par actions simplifiée unipersonnelle 	GE	1998-09-01	21 Chemin DE LA SAUVEGARDE 	69130	ECULLY	69134	\N	\N	\N
fr-432161453	NANCIBO TRAVAUX	FR	432161453	\N	Société à responsabilité limitée (sans autre indication)	PME	2000-07-01	Route DE MONTJOLY 	97354	REMIRE MONTJOLY	\N	\N	\N	\N
fr-448056135	GUYAMINE	FR	448056135	\N	Société à responsabilité limitée (sans autre indication)	PME	2003-04-15	1918 Route DE MONTABO 	97300	CAYENNE	\N	\N	\N	\N
fr-448591529	SOCIETE AURIFERE GUYANAISE DES MINES (SAG)	FR	448591529	\N	Société à responsabilité limitée (sans autre indication)	PME	2003-05-05	461 Route DE LA MADELEINE 	97300	CAYENNE	\N	\N	\N	\N
fr-493318794	BRIDGEOIL	FR	493318794	\N	Société par actions simplifiée à associé unique ou société par actions simplifiée unipersonnelle 	PME	2006-12-15	49 Rue ARSENE ET JEAN LAMBERT 	86100	CHATELLERAULT	\N	\N	\N	\N
fr-497818526	ROBERT EDA	FR	497818526	\N	Entrepreneur individuel	PME	2007-05-02	PROMENADE LAWA 	97370	MARIPASOULA	\N	\N	\N	\N
fr-532631272	SOGEMI	FR	532631272	\N	Société à responsabilité limitée (sans autre indication)	PME	2011-05-23	DEGRAD DES CANNES 	97354	REMIRE MONTJOLY	\N	\N	\N	\N
fr-539937888	SOCIETE DE VALORISATION DU SOL AMAZONIA (S.V.S. AMAZONIA)	FR	539937888	\N	Société à responsabilité limitée (sans autre indication)	PME	2012-02-15	BOURG DE SAUL 	97314	SAUL	\N	\N	\N	\N
fr-552005969	CEMEX GRANULATS	FR	552005969	\N	SA à conseil d'administration (s.a.i.)	ETI	1984-01-01	2 Rue DU VERSEAU 	94150	RUNGIS	94583	\N	\N	\N
fr-572172609	EURAFREP	FR	572172609	\N	SA à conseil d'administration (s.a.i.)	\N	1957-12-25	64 Rue DU RANELAGH 	75016	PARIS 16	\N	\N	\N	\N
fr-792370082	SIAL	FR	792370082	\N	SAS, société par actions simplifiée	PME	2013-03-20	1530 C Route NATIONALE 2 	97351	MATOURY	\N	\N	\N	\N
fr-810406157	OROGUY	FR	810406157	\N	Société par actions simplifiée à associé unique ou société par actions simplifiée unipersonnelle 	PME	2015-02-01	1897 Route DE MONTJOLY 	97354	REMIRE MONTJOLY	\N	\N	\N	\N
fr-818182156	TDG MINES ET LOCATIONS	FR	818182156	\N	SAS, société par actions simplifiée	PME	2016-01-01	67 Allée DU LAC BLEU 	97320	SAINT LAURENT DU MARONI	\N	\N	\N	\N
fr-822454872	AMAZON RESOURCES	FR	822454872	\N	SAS, société par actions simplifiée	PME	2016-10-01	24 Avenue PREFONTAINE 	97310	KOUROU	\N	\N	\N	\N
fr-097180582	THERMES DE SALIES-DE-BEARN	FR	097180582	\N	SA à conseil d'administration (s.a.i.)	PME	1971-01-01	Cours DU JARDIN PUBLIC 	64270	SALIES DE BEARN	\N	\N	\N	\N
fr-402174957	AU PETIT COIN D OR	FR	402174957	\N	Entrepreneur individuel	\N	1995-09-12	10 Avenue LEONARD DOMERGER 	97370	MARIPASOULA	\N	\N	\N	\N
fr-429485295	Mejia Munoz César Félipe	FR	429485295	\N	Entrepreneur individuel	\N	2000-02-11	1152 Route DE TROU BIRAN 	97300	CAYENNE	\N	\N	\N	\N
fr-421255274	PANDEL GUYABOIS	FR	421255274	\N	Entrepreneur individuel	PME	1998-12-14	Avenue STEPHANE BEREAU 	97360	MANA	\N	\N	\N	\N
fr-450946785	CARIDISTRIBUTION EURL	FR	450946785	\N	SARL unipersonnelle 	PME	2003-12-01	3 Lotissement LES COMOUS 	97351	MATOURY	\N	\N	\N	\N
fr-479881302	SANDS RESSOURCES	FR	479881302	\N	Société à responsabilité limitée (sans autre indication)	PME	2005-01-01	Lotissement COLLERY 	97300	CAYENNE	\N	\N	\N	\N
fr-498658004	DEME BUILDING MATERIALS NV	BE	498658004	\N	Société étrangère non immatriculée au RCS 	PME	2005-06-30	SCHELDEDIJK 30 	\N	2070 ZWIJNDRECHT	\N	\N	\N	\N
fr-491830576	COMPAGNIE D EXPLOITATION MINIERE D AMERIQUE DU SUD (CEMAS) (CEMAS)	FR	491830576	\N	SARL unipersonnelle 	PME	2006-10-01	Route NATIONALE 2 	97351	MATOURY	\N	\N	\N	\N
fr-513863217	SOCIETE GUYANAISE DES MINES D'OR (SOGUMINOR)	FR	513863217	\N	Société à responsabilité limitée (sans autre indication)	PME	2009-07-22	8 QUESNEL OUEST 	97356	MONTSINERY TONNEGRANDE	\N	\N	\N	\N
fr-789740578	COMPAGNIE MINIERE DE SAINT LAURENT DU MARONI (C.M.S.L.M)	FR	789740578	\N	Société à responsabilité limitée (sans autre indication)	PME	2012-12-01	2 Rue DU BAC 	97320	SAINT LAURENT DU MARONI	\N	\N	\N	\N
fr-793231762	ELDORADO (ELDORADO SARL)	FR	793231762	\N	Société à responsabilité limitée (sans autre indication)	PME	2013-07-01	15 Rue ELIE ELFORT 	97313	SAINT GEORGES	\N	\N	\N	\N
fr-794312231	SOCIETE MINIERE DE L OUEST (S.M.O)	FR	794312231	\N	Société à responsabilité limitée (sans autre indication)	PME	2013-08-01	Route NATIONALE 2 	97351	MATOURY	\N	\N	\N	\N
fr-812141125	APS MULTI -SERVICES (CMHM)	FR	812141125	\N	Société par actions simplifiée à associé unique ou société par actions simplifiée unipersonnelle 	PME	2015-06-11	103 Rue ADAYA PATRICK 	97370	MARIPASOULA	\N	\N	\N	\N
fr-816020291	SOCIETE INDUSTRIELLE DU CENTRE (SIC)	FR	816020291	\N	SA à conseil d'administration (s.a.i.)	\N	1960-01-01	11 Rue ST YVES 	75014	PARIS 14	\N	\N	\N	\N
fr-969510940	ALUMINIUM PECHINEY	FR	969510940	\N	Société par actions simplifiée à associé unique ou société par actions simplifiée unipersonnelle 	GE	1970-01-01	725 Rue ARISTIDE BERGES 	38340	VOREPPE	\N	\N	\N	\N
\.


--
-- Data for Name: entreprises_etablissements; Type: TABLE DATA; Schema: public; Owner: postgres
--

COPY public.entreprises_etablissements (id, entreprise_id, nom, legal_siret, date_debut, date_fin) FROM stdin;
fr-309024685-00021-2012-12-31	fr-309024685	GRAVES DE MER (GDM)	30902468500021	2012-12-28	\N
fr-309024685-00021-2011-07-22	fr-309024685	GIE DES GRAVES DE MER (GDM)	30902468500021	1992-01-01	2012-12-27
fr-309024685-00021-1989-01-01	fr-309024685	DIE DES GRAVES DE MER (GDM)	30902468500021	1989-01-01	1991-12-31
fr-309024685-00021-1981-12-25	fr-309024685	GIE DES GRAVES DE MER (GDM)	30902468500021	1977-01-01	1988-12-31
fr-302556832-21604-2002-04-01	fr-302556832	ELF ANTAR FRANCE	30255683221604	2002-04-01	\N
fr-314989930-00040-2008-01-01	fr-314989930	LES SABLIERS REUNIS DE LA LOIRE (SARELO)	31498993000040	1979-01-01	\N
fr-315014035-00044-2011-07-05	fr-315014035	DEPARTEMENT D'OUTRE MER IMPORT EXPORT (DOMIEX)	31501403500044	1979-01-01	\N
fr-304516420-00078-2018-11-12	fr-304516420	DRAGAGE TRANSPORTS ET TRAVAUX MARITIMES (DTM)	30451642000078	1975-01-01	\N
fr-303195192-00032-2016-07-15	fr-303195192	CIE MINIERE DE BOULANGER	30319519200032	1974-01-01	\N
fr-311933568-00033-2011-09-30	fr-311933568	DEFTA AIRAX	31193356800033	2011-09-30	\N
fr-311933568-00033-2008-01-01	fr-311933568	TRELLEBORG AIRAX	31193356800033	2001-01-01	2011-09-29
fr-311933568-00033-1996-12-25	fr-311933568	AIRAX	31193356800033	1978-01-01	2000-12-31
fr-303697924-00130-2017-08-31	fr-303697924	SOCIETE DES MINES DE JOUAC	30369792400130	1995-01-01	\N
fr-303697924-00114-1993-10-12	fr-303697924	TOTAL COMPAGNIE MINIERE-FRANCE SNC	30369792400114	1988-01-01	1994-12-31
fr-303697924-00114-1983-05-24	fr-303697924	TOTAL COMPAGNIE MINIERE-FRANCE S N C	30369792400114	1900-01-01	1987-12-31
fr-296400427-00013-2008-01-01	fr-296400427	CORPORATION DE LA FONTAINE SALEE	29640042700013	1991-01-01	\N
fr-324377068-00055-2011-01-01	fr-324377068	MONSIEUR JEAN-PIERRE DE LANFRANCHI	32437706800055	1982-04-06	\N
fr-319712873-00052-2005-01-01	fr-319712873	LUNDIN ILE DE FRANCE	31971287300052	2002-01-01	\N
fr-319712873-00052-1995-01-01	fr-319712873	COPAREX ILE DE FRANCE	31971287300052	1995-01-01	2001-12-31
fr-319712873-00052-1985-01-01	fr-319712873	TRITON FRANCE	31971287300052	1980-09-01	1994-12-31
fr-324558154-00062-2018-08-06	fr-324558154	MONSIEUR JOSE BARBOSA	32455815400062	1982-02-12	\N
fr-324558154-xxxxx-1900-01-01	fr-324558154	\N	324558154xxxxx	1900-01-01	1982-02-11
fr-304350887-00051-2017-12-22	fr-304350887	SA GEOVEXIN	30435088700051	1900-01-01	\N
fr-323097899-00062-2012-12-31	fr-323097899	SOCIETE DES MINES DU BOURNEIX	32309789900062	1988-01-01	\N
fr-323097899-00039-1981-11-01	fr-323097899	MINIERE&METAL PENARROYA&CHENI	32309789900039	1981-11-01	1987-12-31
fr-302420658-00148-2010-07-01	fr-302420658	SOCIETE D'ENTREPRISES, CARRIERES ET MINES DE L'ESTEREL S.E.C.M.E. (SECME)	30242065800148	1975-04-01	\N
fr-303192959-00094-2012-01-22	fr-303192959	TANON ET CIE	30319295900094	1989-01-01	\N
fr-303192959-xxxxx-1974-01-01	fr-303192959	CCAF CIE COM ANT FRANC TANON	303192959xxxxx	1974-01-01	1988-12-31
fr-304991342-00029-2008-05-01	fr-304991342	MONSIEUR JOSE CONSTABLE	30499134200029	1900-01-01	\N
fr-318992690-00038-2013-04-10	fr-318992690	SOCIETE DE TRANSPORTS FLUVIO MARITIMES DE L'OUEST (STFMO)	31899269000038	1980-05-29	\N
fr-319632790-00857-2017-04-01	fr-319632790	ARKEMA FRANCE	31963279000857	2006-04-18	\N
fr-319632790-00410-2005-01-01	fr-319632790	ARKEMA	31963279000410	2005-01-01	2006-04-17
fr-319632790-00410-2004-12-25	fr-319632790	ARKENA	31963279000410	2004-01-01	2004-12-31
fr-319632790-00410-2002-12-25	fr-319632790	ATOFINA	31963279000410	1980-01-01	2003-12-31
fr-310380811-00086-2016-12-26	fr-310380811	GARROT-CHAILLAC	31038081100086	2016-12-26	\N
fr-310380811-00086-2014-06-17	fr-310380811	GARROT CHAILLAC	31038081100086	2014-06-17	2016-12-25
fr-310380811-00086-2011-06-08	fr-310380811	GARROT-CHAILLAC	31038081100086	1992-01-01	2014-06-16
fr-310380811-00052-1984-07-01	fr-310380811	SOCIETE COMMERCIALE GARROT CHAILLAC	31038081100052	1900-01-01	1991-12-31
fr-357200054-00017-2008-01-01	fr-357200054	ROQUETTE FRERES	35720005400017	1957-01-01	\N
fr-357200054-xxxxx-1900-01-01	fr-357200054	\N	357200054xxxxx	1900-01-01	1956-12-31
fr-339718967-00021-2008-12-18	fr-339718967	SOCIETE D'INDUSTRIALISATION ET DE COMMERCIALISATION DE L'APEI DE FRONTIGNAN LA PEYRADE ( SODICAPEI ) (SODICAPEI)	33971896700021	1992-01-01	\N
fr-339718967-00021-1986-12-12	fr-339718967	SOC INVES COMME ASS ENFAN INADA FRONT (SODICAPEI)	33971896700021	1986-12-12	1991-12-31
fr-352500748-00012-2008-01-01	fr-352500748	MONSIEUR PIERRE REY	35250074800012	1989-10-23	\N
fr-327528733-00030-1999-12-30	fr-327528733	AGIP EXPLORATION ET EXPLOITATION FRANCE	32752873300030	1999-12-30	\N
fr-329858427-00035-2004-01-21	fr-329858427	SOC D'EXPLOITATION DU SITE CHANGEMENT (SESIC)	32985842700035	1991-01-01	\N
fr-329858427-00035-1984-03-15	fr-329858427	SESIC EXPL DU SITE CHANGEMENT (SESIC)	32985842700035	1984-03-15	1990-12-31
fr-333517530-00031-2014-12-15	fr-333517530	MONSIEUR MAURICE REUNIF	33351753000031	1993-01-01	\N
fr-333517530-00023-1992-06-01	fr-333517530	MONSIEUR MAURICE REUNIE	33351753000023	1986-01-01	1992-12-31
fr-330013566-00030-1995-06-23	fr-330013566	BARYTINE DE HAINAUT	33001356600030	1995-06-23	\N
fr-352544571-00024-2011-06-30	fr-352544571	MONSIEUR ANTOINE YESEMBA	35254457100024	1989-11-30	\N
fr-331129601-00026-2008-01-01	fr-331129601	CLYDE EXPRO PLC	33112960100026	1900-01-01	\N
fr-344778626-00053-2008-01-01	fr-344778626	SARL COPERMER	34477862600053	1988-04-15	\N
fr-338878242-00043-2017-11-20	fr-338878242	NIZEROLLES SA	33887824200043	1986-09-24	\N
fr-348021619-00021-2008-07-28	fr-348021619	SOC ATLANTIQUE CHARENTES AGREGATS (SACA)	34802161900021	1989-01-01	\N
fr-348021619-00021-1988-06-01	fr-348021619	SOCIETE ATLANTIQUECHARENTES AGREGATS (SACA)	34802161900021	1988-06-01	1988-12-31
fr-347720997-00027-1994-01-01	fr-347720997	HADSON FRANCE SNC	34772099700027	1994-01-01	\N
fr-347720997-00027-1988-12-25	fr-347720997	SNC HADSON FRANCE	34772099700027	1988-08-03	1993-12-31
fr-347720997-xxxxx-1900-01-01	fr-347720997	\N	347720997xxxxx	1900-01-01	1988-08-02
fr-368500773-00016-2018-06-28	fr-368500773	LES GRAVES DE L'ESTUAIRE	36850077300016	1968-01-01	\N
fr-339146284-00114-2016-07-11	fr-339146284	COMPAGNIE MINIERE MONTAGNE D'OR (SOTRAPMAG)	33914628400114	2016-07-11	\N
fr-339146284-00114-2015-11-20	fr-339146284	SOCIETE DE TRAVAUX PUBLICS ET DE MINES AURIFERES EN GUYANE (SOTRAPMAG)	33914628400114	1998-01-01	2016-07-10
fr-339146284-xxxxx-1990-01-01	fr-339146284	SOC DE TR ET DE MINES AURIFERES (SOTRAPMAG)	339146284xxxxx	1990-01-01	1997-12-31
fr-339146284-xxxxx-1986-08-01	fr-339146284	SOC DE TP ET DE MINES AURIFERES (SOTRAPMAG)	339146284xxxxx	1986-08-01	1989-12-31
fr-347619165-00058-2012-06-22	fr-347619165	SABLIMARIS	34761916500058	2005-11-29	\N
fr-347619165-00017-1993-12-25	fr-347619165	DRAGAGES TRAVAUX MARITIMES BRETAGNE	34761916500017	1988-07-01	2005-11-28
fr-333707008-00046-2010-06-01	fr-333707008	MONSIEUR JOEL VILLEROY	33370700800046	1985-10-07	\N
fr-333707008-xxxxx-1900-01-01	fr-333707008	\N	333707008xxxxx	1900-01-01	1985-10-06
fr-381224393-00037-2010-11-29	fr-381224393	GRIS NEZ	38122439300037	1991-03-01	\N
fr-381151760-00034-2008-06-15	fr-381151760	COMPAGNIE MINIERE ESPERANCE	38115176000034	1991-01-01	\N
fr-391774650-00041-2012-09-05	fr-391774650	MONSIEUR MARIO SANTANA DE OLIVEIRA	39177465000041	1993-06-11	\N
fr-403018427-00043-1998-12-31	fr-403018427	0OCIETE MINIERE BONNE ENTENTE (SMBE)	40301842700043	1998-12-31	1998-12-31
fr-400790614-00038-2016-10-11	fr-400790614	SARL SOMIRAL	40079061400038	1994-11-15	\N
fr-402960397-00048-2012-02-01	fr-402960397	BUTAGAZ	40296039700048	2012-02-01	\N
fr-411309867-00017-2002-09-30	fr-411309867	SOC GENERALE DES MINES	41130986700017	2002-09-30	\N
fr-404307910-xxxxx-1900-01-01	fr-404307910	\N	404307910xxxxx	1900-01-01	1996-04-01
fr-412431744-00025-1997-06-05	fr-412431744	SALINS EUROPE	41243174400025	1997-06-05	1997-12-31
fr-421176744-00017-2008-01-01	fr-421176744	MARONI EXPLOITATION MINIERE	42117674400017	1998-12-11	\N
fr-424816403-00036-2010-03-15	fr-424816403	COMPAGNIE MINIERE A.T.W.	42481640300036	1999-09-18	\N
fr-420768319-00014-2008-01-01	fr-420768319	MONSIEUR CASIMIR DIFOU	42076831900014	1998-11-16	\N
fr-442715074-00013-2008-01-01	fr-442715074	COMPAGNIE MINIERE ALOUKOU	44271507400013	2002-05-22	\N
fr-443197777-00016-2008-09-24	fr-443197777	MONSIEUR JEAN CEDIA	44319777700016	2002-08-02	\N
fr-450039466-00013-2009-03-25	fr-450039466	SOCIETE GUYANAISE DES MINES (SOGUMINES)	45003946600013	2003-09-16	\N
fr-445248545-00029-2018-06-15	fr-445248545	MONSIEUR GILLES CARTIER	44524854500029	2003-01-01	\N
fr-484376330-00011-2011-12-01	fr-484376330	EXCEED ENERGY (FRANCE) S A S	48437633000011	2005-09-30	2013-02-24
fr-477515381-00010-2014-12-23	fr-477515381	SOUTH AMERICA GOLD MINING (SAGM)	47751538100010	2004-10-01	\N
fr-457202331-00072-2018-12-14	fr-457202331	ETABLISSEMENTS MAUREL ET PROM	45720233100072	1957-01-01	\N
fr-500661806-00033-2017-04-05	fr-500661806	REDEN ENERGIE	50066180600033	2017-04-05	2018-01-28
fr-504838699-00016-2008-06-12	fr-504838699	SCDM INVEST-2	50483869900016	2008-06-12	2009-07-27
fr-490096591-00014-2007-02-28	fr-490096591	PARNASSE VINGT QUATRE	49009659100014	2006-05-10	2007-02-28
fr-529221749-00011-2013-01-01	fr-529221749	TOTAL RAFFINAGE FRANCE	52922174900011	2011-12-16	\N
fr-513863217-00024-2012-03-26	fr-513863217	SOCIETE GUYANAISE DES MINES D'OR (SOGUMINOR)	51386321700024	2009-07-22	\N
fr-532662392-00010-2017-09-30	fr-532662392	ELECTERRE DE FRANCE	53266239200010	2011-05-01	\N
fr-572081131-00508-2007-02-28	fr-572081131	DENAIN-ANZIN MINERAUX SA	57208113100508	1957-01-01	\N
fr-572199164-00045-2002-01-01	fr-572199164	UNDIN INTERNATIONAL	57219916400045	2002-01-01	2002-12-31
fr-589200575-00183-2005-04-22	fr-589200575	SOCIETE RENNAISE DE DRAGAGES	58920057500183	1958-01-01	2007-05-31
fr-712025048-00208-2015-11-16	fr-712025048	COMPAGNIE INDUSTRIELLE ET MINIERE (CIM)	71202504800208	1900-01-01	\N
fr-788811826-00023-2014-06-03	fr-788811826	AMAZON METAL (A. M.)	78881182600023	2012-12-01	\N
fr-790063911-00016-2012-11-07	fr-790063911	SPENCE MINING COMPANY (SMC)	79006391100016	2012-11-07	\N
fr-789935145-00019-2016-04-20	fr-789935145	SOCIETE MINIERE DE KOUROU (SMK)	78993514500019	2012-12-11	\N
fr-799119441-00027-2017-04-30	fr-799119441	GEOTHERMIE DE GUADELOUPE	79911944100027	2013-12-09	\N
fr-792884827-00017-2016-01-26	fr-792884827	GOLD'OR	79288482700017	2013-05-02	\N
fr-811999044-00019-2015-06-01	fr-811999044	EXALL 79	81199904400019	2015-06-01	\N
fr-803975135-00028-2016-03-01	fr-803975135	CORDIER MINES	80397513500028	2014-08-01	\N
fr-803949650-00011-2016-01-01	fr-803949650	TRANSPORTS VILLETTE	80394965000011	2014-09-01	\N
fr-821136710-00018-2016-12-31	fr-821136710	SASU SOFERRO (SOFERRO)	82113671000018	2016-12-31	\N
fr-815304399-00026-2018-06-29	fr-815304399	HEIDELBERGCEMENT FRANCE S.A.S	81530439900026	2015-12-11	\N
fr-833619125-00028-2018-09-20	fr-833619125	RESSOURCES REUNION SAS	83361912500028	2017-11-08	\N
fr-097180582-00013-2011-12-07	fr-097180582	THERMES DE SALIES-DE-BEARN	09718058200013	2011-12-07	\N
fr-824544134-00011-2019-01-01	fr-824544134	AMAZONIE RESSOURCES MINIERES (A.R.M)	82454413400011	2016-12-16	\N
fr-351483722-00036-2013-05-13	fr-351483722	GEOMETHANE	35148372200036	1989-07-21	\N
fr-382461325-00104-2014-01-28	fr-382461325	NEWMONT LASOURCE	38246132500104	2002-01-01	\N
fr-390919082-xxxxx-2002-12-25	fr-390919082	GUYANOR RESSOURCES	390919082xxxxx	1993-05-01	2004-12-31
fr-391727450-00036-2004-12-25	fr-391727450	MADISON ENERGY FRANCE SCS	39172745000036	2001-01-01	2005-11-01
fr-392068102-00046-2017-07-24	fr-392068102	GEOPETROL	39206810200046	1993-07-15	\N
fr-402207153-00048-2008-01-01	fr-402207153	CBJ-FRANCE	40220715300048	1995-09-06	2008-08-20
fr-402174957-00025-2012-12-31	fr-402174957	MADAME PATRICIA BEAUSOLEIL	40217495700025	1995-09-12	\N
fr-411129612-00031-2015-12-31	fr-411129612	CHLORALP	41112961200031	1997-01-01	\N
fr-409160132-00018-1997-12-25	fr-409160132	ELF AQUITAINE EXPLORATION PRODUCTION FR	40916013200018	1996-10-01	2002-12-31
fr-414719435-00037-2009-10-15	fr-414719435	SHELL  DIVERSIFICATIONS ET ACTIVITES PET	41471943500037	1997-12-08	2009-10-25
fr-424882066-00030-2005-08-19	fr-424882066	MONSIEUR DENIS AMAYOTA	42488206600030	1999-10-28	\N
fr-420672263-00027-2015-12-21	fr-420672263	MONSIEUR ALAN ANDREW	42067226300027	1998-11-01	\N
fr-440786903-00011-2016-05-25	fr-440786903	EG ACTIVITES	44078690300011	2002-01-01	\N
fr-441394111-00013-2008-01-01	fr-441394111	MONSIEUR ANTONIO PRATES DA SILVA	44139411100013	2002-04-02	\N
fr-452092711-00020-2008-01-01	fr-452092711	METAL GOLD RESSOURCES (M G R)	45209271100020	2004-02-14	\N
fr-448419267-00043-2017-12-31	fr-448419267	MONSIEUR STEPHANE PLAT	44841926700043	2003-04-29	\N
fr-479443558-00016-2004-12-25	fr-479443558	MONSIEUR RENE BERNADIN	47944355800016	2004-11-15	\N
fr-479920035-00025-2010-10-18	fr-479920035	GDF SUEZ E ET P FRANCE	47992003500025	2009-10-29	2016-04-13
fr-484860507-xxxxx-2005-01-01	fr-484860507	\N	484860507xxxxx	2005-01-01	2005-11-01
fr-493318794-00028-2013-05-15	fr-493318794	BRIDGEOIL	49331879400028	2006-12-15	\N
fr-490053378-00025-2011-10-31	fr-490053378	THERMOPYLES	49005337800025	2006-05-12	\N
fr-489179820-00019-2008-03-12	fr-489179820	MONSIEUR ANTONIO MARQUES DA CRUZ	48917982000019	2006-03-20	\N
fr-517393807-00014-2018-11-21	fr-517393807	SOCIETE MINIERE BONNE VOLONTE (SMBV)	51739380700014	2009-10-08	\N
fr-518087630-00019-2010-03-18	fr-518087630	EQUATOR	51808763000019	2009-11-10	\N
fr-538695040-00013-2011-12-21	fr-538695040	DIFI 7	53869504000013	2011-12-21	2012-07-01
fr-552092181-00114-2008-01-01	fr-552092181	VERMILION EMERAUDE REP	55209218100114	2006-09-01	\N
fr-542107651-13030-2016-03-01	fr-542107651	ENGIE	54210765113030	2015-08-04	\N
fr-633820337-00010-1984-12-25	fr-633820337	SOC PECHINEY SAINT GOBAIN	63382033700010	1984-12-25	\N
fr-623820651-00080-2014-01-01	fr-623820651	GAYAM	62382065100080	2001-01-01	\N
fr-722043007-00045-1996-12-25	fr-722043007	COPAREX CHAMPAGNE	72204300700045	1994-01-01	2001-12-31
fr-777344664-00159-2001-10-31	fr-777344664	GYPSE LAMBERT	77734466400159	2001-10-31	\N
fr-791706666-00025-2018-11-30	fr-791706666	MINIERE DE GUYANE	79170666600025	2013-03-01	\N
fr-793231762-00014-2013-07-01	fr-793231762	ELDORADO (ELDORADO SARL)	79323176200014	2013-07-01	\N
fr-792731622-00025-2016-10-27	fr-792731622	SOCIETE MINIERE HAUT MANA (S.M.H.M.)	79273162200025	2013-04-16	\N
fr-813428315-00010-2016-03-01	fr-813428315	SOCIETE MINIERE DE REGINA SOMIREG	81342831500010	2015-09-08	\N
fr-812141125-00029-2017-04-14	fr-812141125	APS MULTI -SERVICES (CMHM)	81214112500029	2017-04-14	\N
fr-821591286-00017-2016-09-01	fr-821591286	MAC MAHON (M.M.)	82159128600017	2016-09-01	\N
fr-814636981-00015-2015-11-10	fr-814636981	EURL C.M.P.	81463698100015	2015-11-10	\N
fr-829591924-00016-2017-03-01	fr-829591924	COMPAGNIE FRANCAISE DU MATARONI (CFM)	82959192400016	2017-03-01	\N
fr-832854152-00010-2018-04-03	fr-832854152	MINERATION IRACOUBO	83285415200010	2017-10-01	\N
fr-331477158-00140-2018-10-01	fr-331477158	AUPLATA	33147715800140	2006-06-30	\N
fr-382461325-xxxxx-1999-01-01	fr-382461325	NORMANDY LASOURCE	382461325xxxxx	1999-01-01	2001-12-31
fr-387752975-00020-2008-09-24	fr-387752975	HADES MINING	38775297500020	1992-06-01	\N
fr-391727450-00077-2012-12-21	fr-391727450	VERMILION MORAINE	39172745000077	2012-12-21	\N
fr-395190473-00045-2004-12-25	fr-395190473	ASARCO GUYANE FRANCAISE SARL	39519047300045	1994-05-26	2004-12-31
fr-401802863-00019-1995-06-12	fr-401802863	WMC MINIERE SARL	40180286300019	1995-06-12	2000-12-31
fr-401862297-00017-2016-10-05	fr-401862297	SOCIETE QUEMENEUR	40186229700017	1995-04-01	\N
fr-410964837-00026-2008-01-01	fr-410964837	VERMILION REP SAS	41096483700026	2004-01-01	\N
fr-411102635-xxxxx-1900-01-01	fr-411102635	\N	411102635xxxxx	1900-01-01	1997-01-19
fr-419619077-00029-2000-12-25	fr-419619077	COPAREX GASCOGNE	41961907700029	1998-06-26	2001-12-31
fr-420610438-00079-2017-06-19	fr-420610438	NOVAPEX	42061043800079	2003-01-01	\N
fr-428758254-00042-2010-01-01	fr-428758254	SOC GUY DE GRANULATS (SGDG)	42875825400042	2000-01-01	\N
fr-421255274-00027-2009-10-21	fr-421255274	MONSIEUR RONALD PANDEL	42125527400027	1998-12-14	\N
fr-438296378-00021-2009-04-04	fr-438296378	MONSIEUR GUY RIGOTTIER-GOIS	43829637800021	2001-07-07	\N
fr-442472197-00015-2008-12-31	fr-442472197	CIE MINIERE DE L'OUEST GUYANAIS (CMOG)	44247219700015	2002-06-04	\N
fr-444749733-00036-2008-07-31	fr-444749733	LA PIOCHE MINIERE	44474973300036	2002-12-16	\N
fr-445248545-xxxxx-1900-01-01	fr-445248545	\N	445248545xxxxx	1900-01-01	2002-12-31
fr-484376330-00052-2018-09-28	fr-484376330	PETROMANAS ENERGY (FRANCE) S.A.S.	48437633000052	2013-02-25	\N
fr-484334016-00033-2017-02-19	fr-484334016	SOCIETE SAINT ELOI	48433401600033	2005-09-15	\N
fr-479607335-00011-2004-12-25	fr-479607335	SOCIETE ANTILLAISE DE GRANULATS (SAG)	47960733500011	2004-09-01	2005-04-28
fr-500661806-00033-2018-01-29	fr-500661806	REDEN SOLAR	50066180600033	2018-01-29	\N
fr-504838699-00016-2018-06-01	fr-504838699	INVESTAQ ENERGIE	50483869900016	2009-07-28	\N
fr-490096591-00337-2018-06-29	fr-490096591	IMERYS CERAMICS FRANCE	49009659100337	2007-03-01	\N
fr-529221749-00011-2010-12-10	fr-529221749	DAJA 119	52922174900011	2010-12-10	2011-12-15
fr-528362304-00016-2010-09-17	fr-528362304	GRANULATS NORD GASCOGNE (GNG)	52836230400016	2010-09-17	\N
fr-568500649-00047-1991-06-28	fr-568500649	PECHELBRONN	56850064900047	1991-06-28	\N
fr-539702506-00012-2017-06-01	fr-539702506	GROUPEMENT D'INTERET ECONOMIQUE LOIRE GRAND LARGE	53970250600012	2012-01-26	\N
fr-572199164-00045-2017-05-29	fr-572199164	IPC PETROLEUM FRANCE	57219916400045	2017-05-29	\N
fr-729800706-00222-1997-12-25	fr-729800706	PLACOPLATRE LAMBERT	72980070600222	1997-01-01	1999-12-31
fr-662006543-00042-2002-12-02	fr-662006543	RECHERCHES ACTIVITE PETROLIERE (ERAP)	66200654300042	1900-01-01	2005-09-29
fr-654800689-00022-1996-12-25	fr-654800689	CALCIA	65480068900022	1992-01-01	1996-12-31
fr-703002535-00051-2018-12-06	fr-703002535	GEOGAZ LAVERA	70300253500051	1995-01-01	\N
fr-789280971-00019-2018-06-01	fr-789280971	GROUPEMENT D'INTERET ECONOMIQUE SUD ALTANTIQUE	78928097100019	2012-10-25	\N
fr-789594306-00019-2016-12-19	fr-789594306	TLS GEOTHERMICS	78959430600019	2012-11-19	\N
fr-794389387-00018-2013-07-19	fr-794389387	MAISON GUYANE BRESIL	79438938700018	2013-07-19	2014-04-30
fr-799372925-00021-2018-11-01	fr-799372925	VOLCANERGIE	79937292500021	2013-12-01	\N
fr-792731127-00017-2015-12-01	fr-792731127	COMPAGNIE D EXPLOITATION AURIFERIA (C.E.A)	79273112700017	2013-04-16	\N
fr-804070423-00012-2014-07-25	fr-804070423	GUYANE CORPORATION MINIERE	80407042300012	2014-07-25	\N
fr-811348200-00015-2015-09-01	fr-811348200	SOCIETE MINIERE TORRES	81134820000015	2015-03-23	\N
fr-818182156-00013-2017-05-02	fr-818182156	TDG MINES ET LOCATIONS	81818215600013	2016-01-01	\N
fr-821136710-00018-2016-10-14	fr-821136710	SARL SOFERRO (SOFERRO)	82113671000018	2016-06-27	2016-12-30
fr-822591715-00021-2018-06-07	fr-822591715	CUB OR GUYANE (C.O.G.)	82259171500021	2016-07-20	\N
fr-832266175-00013-2017-09-07	fr-832266175	SREDG	83226617500013	2017-09-07	\N
fr-840965693-00012-2018-06-27	fr-840965693	SOCIETE D'EXPLORATION DU NARBONNAIS	84096569300012	2018-06-27	2018-07-12
fr-095580841-00617-2015-02-02	fr-095580841	TRANSPORT ET INFRASTRUCTURES GAZ FRANCE (TIGF)	09558084100617	2012-05-29	2018-03-28
fr-331477158-00082-2006-05-31	fr-331477158	TEXMINE	33147715800082	1994-01-01	2006-06-29
fr-382461325-xxxxx-1991-05-28	fr-382461325	LASOURCE	382461325xxxxx	1991-05-28	1998-12-31
fr-382696276-00023-1995-12-19	fr-382696276	COPAREX	38269627600023	1995-12-19	\N
fr-391727450-00069-2012-04-20	fr-391727450	ZAZA ENERGY FRANCE	39172745000069	2012-04-20	2012-12-20
fr-403310758-00012-1996-12-25	fr-403310758	MONSIEUR DIDIER DIDIER	40331075800012	1996-02-05	1996-12-31
fr-401802863-00019-2001-12-25	fr-401802863	GOLD FIELDS MINIERE SARL	40180286300019	2001-01-01	2003-12-31
fr-394926877-00017-2018-05-03	fr-394926877	MATERIAUX BAIE DE SEINE (MBS)	39492687700017	1994-04-06	\N
fr-408483675-00042-2010-12-31	fr-408483675	PRIMAGAZ LAVERA	40848367500042	1996-07-30	\N
fr-414885863-00160-2016-12-31	fr-414885863	GRANULATS OUEST (GO)	41488586300160	1997-12-17	\N
fr-412431744-00025-1998-01-01	fr-412431744	SALINS OPERATIONS	41243174400025	1998-01-01	1998-12-31
fr-431479500-00040-2015-11-02	fr-431479500	ATENOR	43147950000040	2000-05-17	\N
fr-422123984-00052-2017-02-01	fr-422123984	COMPAGNIE MINIERE OR - COMINOR	42212398400052	1999-03-05	\N
fr-431931369-00034-2011-12-22	fr-431931369	MONSIEUR JOSE BORGES DA CRUZ	43193136900034	1999-02-01	\N
fr-438296378-xxxxx-1900-01-01	fr-438296378	\N	438296378xxxxx	1900-01-01	2001-07-06
fr-441755113-00012-2014-11-26	fr-441755113	STE MINIERE CINQ DEGRE (SM5)	44175511300012	2002-04-03	\N
fr-448302877-00031-2014-10-31	fr-448302877	MONSIEUR YANI BAGADI	44830287700031	2003-04-12	\N
fr-445214208-00057-2018-06-11	fr-445214208	MONSIEUR JOSE MARIEMA	44521420800057	2003-02-06	\N
fr-452798887-00017-2016-12-31	fr-452798887	VERMILION EXPLORATION SAS	45279888700017	2004-03-29	\N
fr-481446052-00013-2013-09-25	fr-481446052	UNION MINIERE DE SAUL	48144605200013	2005-03-10	\N
fr-479607335-00029-2016-12-31	fr-479607335	STATION ANTILLAISE DE GRANULATS (SAG)	47960733500029	2005-04-29	\N
fr-500661806-00033-2017-02-02	fr-500661806	FONROCHE SOLAIRE	50066180600033	2017-02-02	2017-04-04
fr-501152193-00048-2018-12-03	fr-501152193	LA FRANCAISE DE L'ENERGIE	50115219300048	2015-06-24	\N
fr-518090832-00024-2014-01-19	fr-518090832	MIKAGOLD	51809083200024	2009-11-10	\N
fr-523359024-00016-2016-01-02	fr-523359024	MONSIEUR ALPHONSE ABOEKA	52335902400016	2010-07-24	\N
fr-528956162-00010-2012-01-11	fr-528956162	PRO EXPERTS 4	52895616200010	2011-01-12	\N
fr-552005969-00415-2017-09-20	fr-552005969	CEMEX GRANULATS	55200596900415	2007-01-01	\N
fr-533547279-00018-2011-10-01	fr-533547279	GUYANE MINES ET CARRIERES SARL (G.M. C. SARL)	53354727900018	2011-07-01	\N
fr-572199164-00045-2008-01-01	fr-572199164	LUNDIN INTERNATIONAL	57219916400045	2003-01-01	2017-05-28
fr-589200575-00423-2017-12-31	fr-589200575	LAFARGE GRANULATS OUEST	58920057500423	2007-06-01	\N
fr-722043007-00045-2004-06-16	fr-722043007	LUNDIN CHAMPAGNE	72204300700045	2002-01-01	\N
fr-625780135-00053-1996-12-25	fr-625780135	COMPAGNIE DES MINES DE SEL DE POLIGNY	62578013500053	1957-01-01	1998-12-31
fr-790530224-00019-2016-09-26	fr-790530224	AMAZON'OR	79053022400019	2013-02-10	\N
fr-788214187-00015-2008-01-02	fr-788214187	CIE EUROPEENNE TRANSPORTS ATLANTIQUE (CETRA)	78821418700015	1973-01-01	\N
fr-793025370-00016-2015-10-01	fr-793025370	NINOR	79302537000016	2013-05-02	\N
fr-811383462-00017-2015-05-06	fr-811383462	SEMIR (SOCIETE EXPLOITATION MINIERE REUNIF)	81138346200017	2015-05-06	\N
fr-804906105-00015-2014-10-01	fr-804906105	GIGAMINES	80490610500015	2014-10-01	\N
fr-823507553-00027-2018-11-07	fr-823507553	TORTUE	82350755300027	2016-10-30	\N
fr-814908869-00013-2018-01-08	fr-814908869	HERA	81490886900013	2015-11-01	\N
fr-818854432-00023-2019-03-19	fr-818854432	SOCIETE GENERALE DE TRAVAUX ET SERVICES (SGTS SAS)	81885443200023	2016-04-03	\N
fr-840965693-00012-2018-07-13	fr-840965693	TUNGSTENE DU NARBONNAIS	84096569300012	2018-07-13	\N
fr-095580841-00617-2018-03-29	fr-095580841	TEREGA (TIGF)	09558084100617	2018-03-29	\N
fr-828249896-00022-2019-04-15	fr-828249896	COMPAGNIE MINIERE AURIFERE DE GUYANE (CMAG)	82824989600022	2017-02-22	\N
fr-331477158-00074-1984-12-01	fr-331477158	TEMSOL INTERNATIONAL	33147715800074	1984-12-01	1993-12-31
fr-391195997-00047-2008-01-01	fr-391195997	COMPAGNIE D'EXPLOITATION MINIERE DE LA CRIQUE IPOUCIN (CEMCI)	39119599700047	1993-01-01	\N
fr-388522161-00131-2013-11-27	fr-388522161	RAMBAUD CARRIERES	38852216100131	1992-04-01	\N
fr-395190473-00045-2008-08-21	fr-395190473	IAMGOLD GUYANE	39519047300045	2008-08-21	\N
fr-400716536-00018-2017-04-07	fr-400716536	GEOTHERMIE BOUILLANTE	40071653600018	1995-03-20	\N
fr-401802863-00043-2018-11-19	fr-401802863	ARMINA RESSOURCES MINIERES SARL	40180286300043	2010-03-30	\N
fr-402960397-00048-2012-01-29	fr-402960397	BUTAGAZ TRANSITION	40296039700048	2011-02-09	2012-01-31
fr-410964837-00026-1997-07-02	fr-410964837	VERMILION REP	41096483700026	1997-02-10	2003-12-31
fr-415281138-00016-2008-04-23	fr-415281138	SOC MINIERE PLACER AOMA	41528113800016	1998-01-02	\N
fr-417496957-00024-2009-12-31	fr-417496957	RECHERCHE ET EXPL MINIERE AURIFERE (REXMA)	41749695700024	1998-02-01	\N
fr-420610438-00038-1998-12-25	fr-420610438	RHOD DEUX	42061043800038	1998-09-01	2001-12-31
fr-429485295-00035-2011-12-13	fr-429485295	MONSIEUR CESAR MEJIA MUNOZ	42948529500035	2000-02-11	\N
fr-421255274-xxxxx-1900-01-01	fr-421255274	\N	421255274xxxxx	1900-01-01	1998-12-13
fr-432161453-00019-2008-01-01	fr-432161453	NANCIBO TRAVAUX	43216145300019	2000-07-01	\N
fr-448998682-00018-2008-01-01	fr-448998682	BATMINE SARL	44899868200018	2003-07-01	\N
fr-448575191-00037-2012-07-16	fr-448575191	COMPAGNIE DE TRAVAUX AURIFERE (CTA)	44857519100037	2003-05-05	\N
fr-453852295-00022-2018-10-31	fr-453852295	GALLI COZ	45385229500022	2004-06-03	\N
fr-479920035-00033-2018-03-12	fr-479920035	NEPTUNE ENERGY FRANCE	47992003500033	2018-03-12	\N
fr-487650632-00010-2008-01-01	fr-487650632	GDF INVESTISSEMENTS 37	48765063200010	2005-12-06	2008-12-30
fr-481010817-00015-2008-01-01	fr-481010817	SOC PETROLIERE PRODUCTION EXPLOITATION (SPPE)	48101081700015	2005-01-24	\N
fr-500661806-00033-2015-12-31	fr-500661806	FONROCHE ENERGIE	50066180600033	2007-10-11	2017-02-01
fr-492514955-00011-2008-03-06	fr-492514955	MYDAS	49251495500011	2006-10-24	\N
fr-505332510-00013-2008-08-01	fr-505332510	MINEA	50533251000013	2008-08-01	\N
fr-529069825-00022-2016-04-28	fr-529069825	CONCORDE ENERGIE PARIS	52906982500022	2010-10-27	\N
fr-532631272-00020-2018-12-17	fr-532631272	SOGEMI	53263127200020	2011-05-23	\N
fr-562034629-00013-2017-06-30	fr-562034629	SOC PETROREP	56203462900013	1956-01-01	\N
fr-533562906-00016-2011-06-28	fr-533562906	SOUTH ATLANTIC PETROLEUM JDN	53356290600016	2011-06-28	\N
fr-642014526-00627-2014-10-01	fr-642014526	RHODIA CHIMIE	64201452600627	1997-01-01	\N
fr-623820651-00056-2000-12-25	fr-623820651	GIRARD FOSSEZ ET CIE	62382065100056	2000-01-01	2000-12-31
fr-642058788-00091-1995-02-09	fr-642058788	INDUSTRIE ANHYDRIDE CARBONIQUE	64205878800091	1995-02-09	\N
fr-790368518-00029-2014-06-30	fr-790368518	SOCIETE AURIFERE DE GUYANE (SAG)	79036851800029	2013-01-07	\N
fr-789083805-00018-2018-01-01	fr-789083805	COMPAGNIE MINIERE DE L'ININI (C.M.I)	78908380500018	2012-10-30	\N
fr-765801287-00010-2008-01-01	fr-765801287	SOCIETE ANONYME DE LA SALINE D'EINVILLE	76580128700010	1965-01-01	2017-05-09
fr-794389387-00034-2015-08-06	fr-794389387	MAISON GUYANE REHABILITATION ET CONSTRUCTION	79438938700034	2014-05-01	\N
fr-792370082-00010-2013-10-15	fr-792370082	SIAL	79237008200010	2013-03-20	\N
fr-809831027-00010-2018-01-29	fr-809831027	MONSIEUR SYLVESTRE PRALIER	80983102700010	2015-02-24	\N
fr-814103982-00025-2017-07-27	fr-814103982	J.E MINERATION	81410398200025	2015-10-15	\N
fr-820959948-00010-2017-07-01	fr-820959948	OR AMAZONIE PRESTA	82095994800010	2016-07-01	\N
fr-816020291-00083-2010-12-17	fr-816020291	SOCIETE INDUSTRIELLE DU CENTRE (SIC)	81602029100083	1960-01-01	\N
fr-831101522-00017-2017-07-17	fr-831101522	COMPAGNIE MINIERE CECCON	83110152200017	2017-07-17	\N
fr-969510940-00394-2018-12-14	fr-969510940	ALUMINIUM PECHINEY	96951094000394	1970-01-01	\N
fr-383789831-00054-2008-01-01	fr-383789831	SOC MINIERE GUYANAISE (SOMIG)	38378983100054	1991-10-01	\N
fr-390919082-00086-2010-01-01	fr-390919082	EURO RESSOURCES	39091908200086	2005-01-01	\N
fr-391727450-00036-1993-06-24	fr-391727450	MIDLAND MADISON PETROLEUM COMPANY	39172745000036	1993-06-24	1996-12-31
fr-403018427-00043-1995-11-16	fr-403018427	SOCIETE MINIERE BONNE ENTENTE (SMBE)	40301842700043	1995-11-16	1998-12-30
fr-402207153-00048-2008-08-21	fr-402207153	IAMGOLD FRANCE	40220715300048	2008-08-21	\N
fr-399380302-00030-2009-10-15	fr-399380302	COMPAGNIE MINIERE DE SIKINI (CMS)	39938030200030	1995-01-01	\N
fr-411102635-00025-2012-01-01	fr-411102635	MONSIEUR BRUNO PASSEDAT	41110263500025	1997-01-20	\N
fr-419619077-00029-2008-01-01	fr-419619077	LUNDIN GASCOGNE	41961907700029	2002-01-01	2017-05-28
fr-417549029-00011-2000-12-25	fr-417549029	SA SOC DE MAINTENANCE PETROLIERE (SMP)	41754902900011	1998-01-16	2000-12-31
fr-422070771-00023-1999-12-25	fr-422070771	SOCIETE AURIFERE SABATIER	42207077100023	1999-03-01	1999-12-31
fr-419847397-00041-2014-09-01	fr-419847397	MONSIEUR CHARLES PECHER	41984739700041	1998-08-03	\N
fr-438726655-00022-2017-05-28	fr-438726655	MONSIEUR THOMAS HORTH	43872665500022	2001-07-30	\N
fr-435098512-00013-2008-01-01	fr-435098512	NOUVELLE GENERATION	43509851200013	2001-03-02	\N
fr-448085910-00041-2014-12-27	fr-448085910	HG-GUYANE (HG)	44808591000041	2003-04-08	\N
fr-448669838-00014-2008-01-01	fr-448669838	MONSIEUR FRANCOIS COMISSI	44866983800014	2003-05-26	\N
fr-478826316-00034-2008-12-17	fr-478826316	VERMILION PYRENEES	47882631600034	2008-12-17	\N
fr-479920035-00017-2008-05-02	fr-479920035	GDF E&P MANAGEMENT	47992003500017	2008-05-02	2009-10-28
fr-478328743-00032-2017-10-05	fr-478328743	SOCIETE L OR D OYAPOQUE (GOLDOYA)	47832874300032	2014-01-27	\N
fr-494240567-00011-2008-01-01	fr-494240567	RENOUVEAU ENERGIE RESSOURCES	49424056700011	2007-01-24	\N
fr-491830576-00014-2006-10-01	fr-491830576	CEMAS	49183057600014	2006-09-12	2006-12-05
fr-501152193-00048-2013-09-30	fr-501152193	EUROPEAN GAS	50115219300048	2007-11-20	2015-06-23
fr-511097669-00010-2009-03-02	fr-511097669	DEVON ENERGIE MONTELIMAR	51109766900010	2009-03-02	2010-09-26
fr-509221842-00016-2018-04-01	fr-509221842	TOTAL E&P GUYANE FRANCAISE	50922184200016	2009-09-24	\N
fr-538720897-00023-2015-12-07	fr-538720897	MONSIEUR RUDY DE BOISVILLIERS	53872089700023	2011-12-22	\N
fr-552005969-00415-2005-01-01	fr-552005969	MORILLON CORVOL	55200596900415	2005-01-01	2006-12-31
fr-542107651-13030-2015-04-24	fr-542107651	GDF SUEZ	54210765113030	2008-07-22	2015-08-03
fr-750644700-00015-2014-03-10	fr-750644700	SARL GUYANE GOLD MINE (GGM)	75064470000015	2012-03-27	\N
fr-729800706-00222-1900-01-01	fr-729800706	PLACOPLATRE S A	72980070600222	1900-01-01	1996-12-31
fr-654800689-00022-2008-05-30	fr-654800689	CIMENTS CALCIA	65480068900022	1997-01-01	\N
fr-750645095-00019-2012-04-01	fr-750645095	SARL METEOR	75064509500019	2012-04-01	2018-01-01
fr-790902332-00028-2014-07-01	fr-790902332	MONSIEUR ANTONIO RODRIGUES DOS SANTOS	79090233200028	2013-01-29	\N
fr-765801287-00010-2017-05-10	fr-765801287	SOCIETE DE LA SALINE D EINVILLE	76580128700010	2017-05-10	\N
fr-790653935-00029-2018-09-28	fr-790653935	SAS GAIA	79065393500029	2012-09-01	\N
fr-792085169-00011-2015-08-27	fr-792085169	NOUVEAU PROGRES GUYANE	79208516900011	2013-03-26	\N
fr-792677866-00016-2013-04-22	fr-792677866	MONSIEUR LUIZ REIS PINHEIRO	79267786600016	2013-04-22	\N
fr-798611158-00030-2019-04-12	fr-798611158	MONSIEUR RUDDY MONTANEDE	79861115800030	2013-12-01	\N
fr-811636448-00029-2016-05-17	fr-811636448	AU FORAGES	81163644800029	2015-04-10	\N
fr-819004854-00017-2016-03-01	fr-819004854	DIVIMINES	81900485400017	2016-01-05	\N
fr-824314710-00016-2016-12-08	fr-824314710	PARIS	82431471000016	2016-12-08	\N
fr-827687807-00012-2017-02-02	fr-827687807	OB MINING SAS	82768780700012	2017-02-02	\N
fr-857804660-00093-2016-04-22	fr-857804660	SOCIETE DES DRAGAGE D'ANCENIS	85780466000093	1957-01-01	\N
fr-095580841-00013-2009-01-09	fr-095580841	TOTAL INFRASTRUCTURES GAZ FRANCE (TIGF)	09558084100013	2005-01-01	2012-05-28
fr-384486312-00059-2007-02-28	fr-384486312	CIE MINIERE CHANTAL	38448631200059	1992-01-01	\N
fr-377721576-00017-2008-01-01	fr-377721576	MONSIEUR MOLA DIFOU	37772157600017	1990-04-04	\N
fr-381972439-00073-2011-01-30	fr-381972439	GAZONOR	38197243900073	1991-04-19	\N
fr-391808763-00018-2012-04-05	fr-391808763	LES QUATRE   T   D'OR	39180876300018	1993-07-01	\N
fr-395190473-00045-2008-01-01	fr-395190473	CBJ-CAIMAN	39519047300045	2005-01-01	2008-08-20
fr-398522037-00058-2010-06-30	fr-398522037	SOC DES MINES DE ST ELIE	39852203700058	1994-09-29	\N
fr-392425427-00011-2012-09-01	fr-392425427	MONSIEUR AMOUFINI ABAADOU	39242542700011	1993-09-01	\N
fr-398827451-00020-2014-09-01	fr-398827451	MONSIEUR JURANILDO BARBOSA	39882745100020	1994-11-05	\N
fr-404167645-00047-2007-02-28	fr-404167645	CIE MINIERE PROVIDENCE (CMP)	40416764500047	1996-03-15	\N
fr-411554595-00024-2012-01-01	fr-411554595	OELWEG	41155459500024	1997-04-01	\N
fr-417549029-00011-2008-12-31	fr-417549029	SOCIETE DE MAINTENANCE PETROLIERE SAS (SMP)	41754902900011	2001-01-01	\N
fr-422052514-00086-2013-08-01	fr-422052514	SOCIETE MINIERE YAOU DORLIN	42205251400086	1999-01-01	\N
fr-420007692-00023-2008-01-01	fr-420007692	GIE MANCHE EST (GME)	42000769200023	1998-09-01	\N
fr-438934119-00035-2009-09-04	fr-438934119	EQUINOXE RESSOURCES SARL	43893411900035	2001-08-13	\N
fr-439975707-00035-2015-02-03	fr-439975707	MONSIEUR LUCIO CARDOSO	43997570700035	2001-12-20	\N
fr-450946785-00018-2010-01-05	fr-450946785	CARIDISTRIBUTION EURL	45094678500018	2003-12-01	\N
fr-448591529-00012-2008-01-01	fr-448591529	SOCIETE AURIFERE GUYANAISE DES MINES (SAG)	44859152900012	2003-05-05	\N
fr-478826316-00026-2008-01-01	fr-478826316	ENCANA FRANCE	47882631600026	2004-09-24	2008-12-16
fr-479920035-00017-2008-01-01	fr-479920035	GDF INVESTISSEMENTS 32	47992003500017	2004-12-06	2008-05-01
fr-478328743-00024-2008-01-01	fr-478328743	GOLDOYA	47832874300024	2004-09-01	2014-01-26
fr-488363177-00012-2013-07-01	fr-488363177	MONSIEUR EUGENE BECLONG	48836317700012	2006-02-01	\N
fr-492942586-00016-2008-01-01	fr-492942586	EURL SEMALY	49294258600016	2006-11-21	\N
fr-492428552-00011-2010-10-20	fr-492428552	MADAME JOSEPHINE DEROCHE	49242855200011	2006-11-06	\N
fr-517872222-00016-2016-01-01	fr-517872222	BLUEBACH RESSOURCES	51787222200016	2009-10-27	\N
fr-524468444-00012-2010-03-15	fr-524468444	GFA	52446844400012	2010-03-15	2010-09-22
fr-537433187-00011-2018-08-31	fr-537433187	CARRIERES ET MATERIAUX DU GRAND OUEST	53743318700011	2011-10-04	\N
fr-552005969-00415-2004-12-25	fr-552005969	SABLIERES ET ENTREPRISES MORILLON CORVOL	55200596900415	1900-01-01	2004-12-31
fr-558501912-00239-2018-06-11	fr-558501912	ELECTRICITE DE STRASBOURG	55850191200239	1955-01-01	\N
fr-729800706-00222-2019-01-01	fr-729800706	PLACOPLATRE	72980070600222	2000-01-01	\N
fr-623820651-00056-1995-12-31	fr-623820651	ETS GIRARD ET FOSSEZ ET CIE	62382065100056	1962-01-01	1999-12-31
fr-722043007-00045-1972-01-01	fr-722043007	TOTAL EXPLORATION	72204300700045	1972-01-01	1993-12-31
fr-625780135-00061-2011-05-10	fr-625780135	SOLVAY-ELECTROLYSE-FRANCE	62578013500061	1999-01-01	2015-06-29
fr-791652399-00019-2013-09-16	fr-791652399	AMAZONE GOLD	79165239900019	2013-02-01	\N
fr-780130175-14035-1985-12-25	fr-780130175	SHELL FRANCAISE (SPS)	78013017514035	1954-01-01	1987-12-31
fr-793173675-00018-2013-06-01	fr-793173675	SOCIETE D EXPLOITATION AURIFERES GUYANAISE (S.E.A.G)	79317367500018	2013-06-01	\N
fr-799938246-00011-2016-06-07	fr-799938246	MADAME SUZIMAR BATISTA DE LIMA INC	79993824600011	2014-01-27	\N
fr-807407630-00019-2017-05-03	fr-807407630	GROUPE AL MACTOUM	80740763000019	2014-10-23	\N
fr-822454872-00018-2016-11-02	fr-822454872	AMAZON RESOURCES	82245487200018	2016-10-01	\N
fr-819464041-00014-2018-06-29	fr-819464041	TERRE ET OR GUYANE	81946404100014	2016-03-04	\N
fr-828089284-00016-2018-12-31	fr-828089284	NORD GOLD GUIANA SAS	82808928400016	2017-01-02	\N
fr-827791120-00013-2017-03-01	fr-827791120	CIE MINIERE PHOENIX	82779112000013	2017-01-02	\N
fr-095580841-00013-1992-12-25	fr-095580841	SOCIETE NATIONALE DES GAZ DU SUD-OUEST (TIGF)	09558084100013	1955-01-01	1993-12-31
fr-376880183-00029-2011-12-31	fr-376880183	SABLIERS DE L'ODET	37688018300029	1991-01-01	\N
fr-390815280-00016-2008-04-23	fr-390815280	MONSIEUR ERIC PIERREZ	39081528000016	1993-04-05	\N
fr-391727450-00069-2011-04-27	fr-391727450	TOREADOR ENERGY FRANCE S.C.S	39172745000069	2005-11-02	2012-01-03
fr-400872826-00047-2009-02-17	fr-400872826	MONSIEUR ALAIN NARECE	40087282600047	1995-05-02	\N
fr-395042054-00019-1994-03-20	fr-395042054	\N	39504205400019	1994-03-20	1994-06-19
fr-400446837-00025-2008-01-01	fr-400446837	MONSIEUR ABANGO ADAM	40044683700025	1995-03-09	\N
fr-410063283-00015-2008-01-01	fr-410063283	MONSIEUR KAPIEL VOLA	41006328300015	1996-12-13	\N
fr-409160132-00018-2014-12-31	fr-409160132	TOTAL E ET P FRANCE	40916013200018	2003-01-01	\N
fr-411178866-00017-2016-12-31	fr-411178866	EXPLOITATION MINIERE DE LA CHALEUR	41117886600017	1997-01-02	\N
fr-428606339-00029-2014-06-16	fr-428606339	MONSIEUR JOCANIAS SILVA E SOUSA	42860633900029	2000-01-14	\N
fr-420282022-xxxxx-1900-01-01	fr-420282022	\N	420282022xxxxx	1900-01-01	1998-09-30
fr-438726655-xxxxx-1900-01-01	fr-438726655	\N	438726655xxxxx	1900-01-01	2001-07-29
fr-432993525-00018-2016-05-30	fr-432993525	MONSIEUR AZAD YUSUF	43299352500018	2001-02-01	\N
fr-449538974-00022-2013-07-01	fr-449538974	MONSIEUR GEORGES JOACHIM	44953897400022	2000-02-01	\N
fr-450932777-00011-2008-01-01	fr-450932777	MONSIEUR FRANCISCO RIBEIRO	45093277700011	2003-11-17	\N
fr-480857036-00010-2008-01-01	fr-480857036	TOMANY	48085703600010	2005-02-03	\N
fr-487650632-00309-2018-10-01	fr-487650632	STORENGY FRANCE	48765063200309	2018-10-01	\N
fr-488362955-00012-2008-01-01	fr-488362955	NOUVELLE COMPAGNIE DES TRAVAUX AURIFERES (NCTA)	48836295500012	2006-01-01	\N
fr-497818526-00012-2017-12-31	fr-497818526	MONSIEUR ROBERT EDA	49781852600012	2007-05-02	\N
fr-490163102-00018-2010-12-31	fr-490163102	ERMINA	49016310200018	2006-02-28	\N
fr-500460407-00025-2011-01-09	fr-500460407	POROS	50046040700025	2007-10-08	\N
fr-508738879-00016-2015-12-31	fr-508738879	CELTIQUE ENERGIE PETROLEUM	50873887900016	2008-10-01	\N
fr-509221842-00016-2008-11-21	fr-509221842	DAJA 72	50922184200016	2008-11-21	2009-09-23
fr-538695040-00120-2014-07-01	fr-538695040	KEM ONE	53869504000120	2012-07-02	\N
fr-539937888-00011-2016-08-12	fr-539937888	SOCIETE DE VALORISATION DU SOL AMAZONIA (S.V.S. AMAZONIA)	53993788800011	2012-02-15	\N
fr-542034327-13118-2018-07-18	fr-542034327	BP FRANCE	54203432713118	1900-01-01	\N
fr-642014526-00619-1979-01-01	fr-642014526	RHONE-POULENC CHIMIE	64201452600619	1900-01-01	1996-12-31
fr-672049616-00036-2008-01-01	fr-672049616	SOC STOCKAGE GEOLOGIQUE SEL MANOSQUE	67204961600036	1900-01-01	2008-09-29
fr-572172609-00016-1990-11-30	fr-572172609	EURAFREP	57217260900016	1990-11-30	\N
fr-703002535-00036-1900-01-01	fr-703002535	STOCKAGE GEOLOGIQUE DE GAZ DE LAVERA	70300253500036	1900-01-01	1994-12-31
fr-790856850-00017-2013-12-30	fr-790856850	SUDMINE	79085685000017	2013-01-30	\N
fr-780130175-14688-2018-11-02	fr-780130175	SOCIETE DES PETROLES SHELL (SPS)	78013017514688	1988-01-01	\N
fr-793697558-00013-2013-06-01	fr-793697558	MONSIEUR JIMMY LAGUERRE	79369755800013	2013-06-01	\N
fr-794312231-00010-2019-04-15	fr-794312231	SOCIETE MINIERE DE L OUEST (S.M.O)	79431223100010	2013-08-01	\N
fr-810406157-00018-2015-02-01	fr-810406157	OROGUY	81040615700018	2015-02-01	\N
fr-804686582-00011-2014-09-04	fr-804686582	SGZ FRANCE SAS	80468658200011	2014-09-04	\N
fr-820192342-00013-2016-04-01	fr-820192342	COMPAGNIE REICOO	82019234200013	2016-04-01	\N
fr-819225491-00011-2017-09-04	fr-819225491	COMPAGNIE MINIERE GUYANAISE (C.M.G)	81922549100011	2016-01-19	\N
fr-830954806-00014-2018-11-01	fr-830954806	BELIZON	83095480600014	2017-06-01	\N
fr-831101555-00017-2017-07-19	fr-831101555	LA PEPITE D OR SAS	83110155500017	2017-07-19	\N
fr-376880183-00029-1989-06-24	fr-376880183	SABLIERS DE L'ODET MONFORT & C	37688018300029	1968-01-01	1990-12-31
fr-379555568-00037-2008-01-01	fr-379555568	MONSIEUR CHRISTIAN PERNAUT	37955556800037	1990-09-28	\N
fr-391727450-00069-2012-01-04	fr-391727450	TOREADOR ENERGY FRANCE	39172745000069	2012-01-04	2012-04-19
fr-403018427-00043-2008-01-01	fr-403018427	SOCIETE MINIERE BONNE ENTENTE (SMBE)	40301842700043	1999-01-01	\N
fr-395042054-00019-2007-12-31	fr-395042054	CARR PRODUCTION FRANCE	39504205400019	1994-06-20	\N
fr-393369590-00020-2008-01-01	fr-393369590	MONSIEUR HENRIQUE FERNANDES COSTA	39336959000020	1993-12-07	\N
fr-408586550-00019-2008-01-01	fr-408586550	GRANULATS MARINS DE NORMANDIE (GMN)	40858655000019	1996-06-09	\N
fr-419619077-00029-2017-05-29	fr-419619077	IPC PETROLEUM GASCOGNE	41961907700029	2017-05-29	\N
fr-414719435-00037-2017-12-15	fr-414719435	SHELL EXPLORATION AND PRODUCTION FRANCE	41471943500037	2009-10-26	\N
fr-422070771-00023-2007-12-12	fr-422070771	COMPAGNIE MINIERE HUILA	42207077100023	2000-01-01	\N
fr-420282022-00011-2003-02-10	fr-420282022	MONSIEUR ROBERTO VARGAS SOTO	42028202200011	1998-10-01	\N
fr-431802727-00021-2009-06-30	fr-431802727	MONSIEUR YANNICK MAINET	43180272700021	2000-07-03	\N
fr-440095750-00046-2016-12-31	fr-440095750	CIE MINIERE JOTA	44009575000046	2001-12-01	\N
fr-449921758-00016-2008-01-01	fr-449921758	MONSIEUR JEAN GARCON	44992175800016	2003-09-25	\N
fr-448299487-00026-2018-02-04	fr-448299487	COMPAGNIE MINIERE COOREI	44829948700026	2003-03-07	\N
fr-484042247-00011-2008-01-01	fr-484042247	ESSENCE DE PARIS	48404224700011	2005-10-09	\N
fr-487650632-00309-2010-07-01	fr-487650632	STORENGY	48765063200309	2008-12-31	2018-09-30
fr-484860507-00017-2008-01-01	fr-484860507	TOISON D OR	48486050700017	2005-11-02	\N
fr-498658004-00011-2008-01-01	fr-498658004	DEME BUILDING MATERIALS NV	49865800400011	2005-06-30	\N
fr-500243290-00011-2013-12-31	fr-500243290	DIAMOCO ENERGY	50024329000011	2007-10-01	\N
fr-492428552-00011-2006-10-19	fr-492428552	\N	49242855200011	2006-10-19	2006-11-05
fr-519753370-00047-2018-09-28	fr-519753370	SAS TRAJAN	51975337000047	2010-01-22	\N
fr-524468444-00012-2018-03-20	fr-524468444	GRANULATS DE LA FACADE AQUITAINE (GFA)	52446844400012	2010-09-23	\N
fr-527920391-00028-2018-12-27	fr-527920391	INDORAMA OIL SAS	52792039100028	2010-10-19	\N
fr-552092181-00098-2004-12-25	fr-552092181	ESSO RECHERCHES EXPLOITATION PETROLIERES	55209218100098	1900-01-01	2006-08-31
fr-542107651-00011-2008-01-01	fr-542107651	GAZ DE FRANCE	54210765100011	1954-01-01	2008-07-21
fr-632022711-00279-1997-05-30	fr-632022711	ELF AQUITAINE PRODUCTION	63202271100279	1997-05-30	\N
fr-662006543-00059-2011-06-10	fr-662006543	ERAP	66200654300059	2005-09-30	\N
fr-654800689-00022-1965-01-01	fr-654800689	CIMENTS DE LA LOIRE	65480068900022	1965-01-01	1991-12-31
fr-625780135-00038-2016-12-01	fr-625780135	INOVYN FRANCE	62578013500038	2015-06-30	\N
fr-788183382-00027-2013-04-10	fr-788183382	LES SABLIERES DE L ATLANTIQUE	78818338200027	1972-01-01	\N
fr-792651259-00014-2017-01-07	fr-792651259	COMPAGNIE MINIERE HORTH (CMH)	79265125900014	2013-04-03	\N
fr-794743104-00026-2016-05-02	fr-794743104	EURL C A A	79474310400026	2013-07-12	\N
fr-811348325-00010-2017-01-17	fr-811348325	SOLEIL	81134832500010	2015-01-01	\N
fr-810011601-00012-2018-03-26	fr-810011601	MIMI MINE	81001160100012	2015-03-04	\N
fr-813079365-00017-2017-09-18	fr-813079365	MINES 3C SARL (M3C SARL)	81307936500017	2015-08-01	\N
fr-821212651-00011-2017-06-30	fr-821212651	BONOR SAS	82121265100011	2016-07-01	\N
fr-832919286-00019-2017-10-26	fr-832919286	TAKARI MINING	83291928600019	2017-10-26	\N
fr-097180582-00013-2008-01-01	fr-097180582	COMPAGNIE FERMIERE DE SALIES DE BEARN	09718058200013	1971-01-01	2011-12-06
fr-095580841-00013-2004-12-25	fr-095580841	GAZ DU SUD-OUEST (TIGF)	09558084100013	1994-01-01	2004-12-31
fr-388249229-00021-2015-01-31	fr-388249229	SA TERRE	38824922900021	1992-07-15	\N
fr-390455814-00017-2018-05-24	fr-390455814	COMPAGNIE ARMORICAINE NAVIGATION (CAN)	39045581400017	1993-04-05	\N
fr-391727450-00036-1998-07-01	fr-391727450	MADISON CHART ENERGY	39172745000036	1997-01-01	2000-12-31
fr-403310758-00012-2008-01-01	fr-403310758	MONSIEUR DIDIER DANIEL	40331075800012	1997-01-01	\N
fr-401802863-00019-2008-01-01	fr-401802863	GOLDEN STAR RESSOURCES MINIERE SARL	40180286300019	2004-01-01	2010-03-29
fr-402960397-00030-2008-01-01	fr-402960397	SOCIETE SHELL FRANCE HOLDING	40296039700030	1995-11-17	2011-02-08
fr-408589158-00018-2000-03-21	fr-408589158	MONSIEUR JOSE PEDROSA COLARES	40858915800018	2000-03-21	\N
fr-404307910-00038-2013-04-15	fr-404307910	MONSIEUR GERARD AMAYOTA	40430791000038	1996-04-02	\N
fr-412431744-00298-2017-01-31	fr-412431744	COMPAGNIE DES SALINS DU MIDI ET DES SALINES DE L'EST	41243174400298	1999-01-01	\N
fr-420610438-00038-2002-12-31	fr-420610438	RHOD K	42061043800038	2002-01-01	2002-12-31
fr-424505360-00018-2016-10-19	fr-424505360	MONSIEUR FRANCISCO DOS SANTOS	42450536000018	1999-07-16	\N
fr-428162135-00019-2019-04-09	fr-428162135	GIE LE ST NICOLAS	42816213500019	1999-11-09	\N
fr-433462660-00039-2013-03-01	fr-433462660	AGELOR	43346266000039	2000-10-24	\N
fr-448056135-00016-2008-01-01	fr-448056135	GUYAMINE	44805613500016	2003-04-15	\N
fr-451259790-00025-2008-01-01	fr-451259790	GRANULATS DE LA MANCHE ORIENTALE (GMO)	45125979000025	2003-11-01	\N
fr-445246994-00021-2012-12-31	fr-445246994	MILLENNIUM GEO-VENTURE	44524699400021	2003-01-02	\N
fr-479920035-00025-2017-10-12	fr-479920035	ENGIE E&P FRANCE	47992003500025	2016-04-14	2018-03-11
fr-479881302-00034-2017-03-26	fr-479881302	SANDS RESSOURCES	47988130200034	2005-01-01	\N
fr-502023468-00015-2013-11-13	fr-502023468	COMPAGNIE MINIERE JOHNNY ET JEAN SARL (C.M.2.J SARL)	50202346800015	2008-01-16	\N
fr-491830576-00014-2008-09-01	fr-491830576	COMPAGNIE D EXPLOITATION MINIERE D AMERIQUE DU SUD (CEMAS) (CEMAS)	49183057600014	2006-12-06	\N
fr-489615294-00019-2008-01-01	fr-489615294	MEHDI OR	48961529400019	2006-04-13	\N
fr-511097669-00028-2018-12-27	fr-511097669	TOTAL GAS SHALE EUROPE	51109766900028	2010-09-27	\N
fr-530864792-00011-2011-02-21	fr-530864792	HARDMAN PETROLEUM FRANCE SAS	53086479200011	2011-02-21	\N
fr-528859846-00024-2018-09-07	fr-528859846	VARISCAN MINES	52885984600024	2010-12-01	\N
fr-538269333-00034-2015-01-25	fr-538269333	BONARETTO METAL INDUSTRIE (B.M.I)	53826933300034	2011-12-28	\N
fr-537901332-00032-2018-06-01	fr-537901332	PHENIX	53790133200032	2011-11-15	\N
fr-572199164-00045-1991-01-23	fr-572199164	COPAREX INTERNATIONAL	57219916400045	1957-01-01	2001-12-31
fr-672049616-00085-2019-01-28	fr-672049616	GEOSEL MANOSQUE	67204961600085	2008-09-30	\N
fr-750645095-00019-2018-01-02	fr-750645095	METEOR	75064509500019	2018-01-02	\N
fr-751617192-00024-2018-01-16	fr-751617192	SECOM EURL	75161719200024	2012-05-16	\N
fr-789740578-00016-2018-12-07	fr-789740578	COMPAGNIE MINIERE DE SAINT LAURENT DU MARONI (C.M.S.L.M)	78974057800016	2012-12-01	\N
fr-799534920-00019-2014-01-07	fr-799534920	MONSIEUR BRIAN SCHEINEMAN	79953492000019	2014-01-07	\N
fr-793399551-00019-2017-05-03	fr-793399551	SAS ALTA ROCCA	79339955100019	2013-06-03	\N
fr-811348432-00014-2015-05-01	fr-811348432	SOCIETE DE CARRIERE DE MINES (SOCARMINES)	81134843200014	2015-05-01	\N
fr-812141125-00011-2015-06-11	fr-812141125	COMPAGNIE MINIERE DU HAUT MARONI (CMHM)	81214112500011	2015-06-11	2017-04-13
fr-823721071-00012-2016-10-20	fr-823721071	GUYANE RESSOURCES	82372107100012	2016-10-20	\N
fr-814981379-00013-2016-05-01	fr-814981379	SAS AMOURETTE Y.A	81498137900013	2015-10-16	\N
fr-838049369-00013-2018-02-26	fr-838049369	TOUK'OR	83804936900013	2018-02-26	\N
fr-830984613-00018-2017-07-18	fr-830984613	SOCIETE MINIERE AUROR (SMA)	83098461300018	2017-07-18	\N
\.


--
-- Data for Name: etapes_statuts; Type: TABLE DATA; Schema: public; Owner: postgres
--

COPY public.etapes_statuts (id, nom, couleur) FROM stdin;
acc	acceptation	success
def	défavorable	error
dre	défavorable avec réserves	warning
fav	favorable	success
fre	favorable avec réserves	warning
nul	non applicable	neutral
rej	rejet	error
nfa	non fait	neutral
fai	fait	success
ajo	ajourné	error
\.


--
-- Data for Name: etapes_types; Type: TABLE DATA; Schema: public; Owner: postgres
--

COPY public.etapes_types (id, nom, fondamentale, acceptation_auto, legal_ref, legal_lien, date_debut, date_fin, sections) FROM stdin;
mfr	formalisation de la demande	t	t	\N	\N	\N	\N	\N
mdp	dépôt de la demande	\N	t	\N	\N	\N	\N	{"{\\"id\\": \\"renseignements\\", \\"elements\\": [{\\"id\\": \\"nom_foret\\", \\"nom\\": \\"Nom forêt\\", \\"type\\": \\"text\\", \\"description\\": \\"\\"}]}"}
men	enregistrement de la demande	\N	t	\N	\N	\N	\N	\N
ide	initiation de la procédure	\N	t	\N	\N	\N	\N	\N
ret	retrait de la demande	\N	\N	\N	\N	\N	\N	\N
mco	demande de compléments	\N	\N	\N	\N	\N	\N	\N
rco	réception de compléments	\N	\N	\N	\N	\N	\N	\N
mcr	recevabilité de la demande	\N	\N	\N	\N	\N	\N	\N
mpu	publication de la démarche	\N	t	\N	\N	\N	\N	\N
anf	avis de mise en concurrence au JORF	\N	\N	\N	\N	\N	\N	\N
ane	avis de mise en concurrence au JOUE	\N	\N	\N	\N	\N	\N	\N
mec	avis de demande concurrente	\N	\N	\N	\N	\N	\N	\N
spp	saisine du préfet	\N	\N	\N	\N	\N	\N	\N
apl	avis d'un service administratif local	\N	\N	\N	\N	\N	\N	\N
apm	avis de l'autorité militaire	\N	\N	\N	\N	\N	\N	\N
ama	avis d'un maire	\N	\N	\N	\N	\N	\N	\N
aep	avis d'un président d'EPCI	\N	\N	\N	\N	\N	\N	\N
epu	enquête publique	\N	\N	\N	\N	\N	\N	\N
apo	avis de la commission départementale des mines	\N	\N	\N	\N	\N	\N	\N
apd	avis du DEAL	\N	\N	\N	\N	\N	\N	\N
apr	avis du DREAL	\N	\N	\N	\N	\N	\N	\N
apw	avis du préfet maritime	\N	\N	\N	\N	\N	\N	\N
app	avis du prefet	\N	\N	\N	\N	\N	\N	\N
ppu	participation du public	\N	\N	\N	\N	\N	\N	\N
cod	consultation du conseil départemental de l'environnement et des risques sanitaires et technologiques	\N	\N	\N	\N	\N	\N	\N
cac	consultation des administrations centrales	\N	\N	\N	\N	\N	\N	\N
cim	concertation interministérielle	\N	\N	\N	\N	\N	\N	\N
scg	saisine du conseil général chargé des mines	\N	t	\N	\N	\N	\N	\N
rcg	rapport du conseil général chargé des mines	\N	\N	\N	\N	\N	\N	\N
acg	avis du conseil général chargé des mines	\N	\N	\N	\N	\N	\N	\N
spe	saisine du Conseil d'Etat	\N	t	\N	\N	\N	\N	\N
ape	avis du Conseil d'Etat	\N	\N	\N	\N	\N	\N	\N
rpe	rapport du Conseil d’État	\N	\N	\N	\N	\N	\N	\N
dim	décision implicite	t	\N	\N	\N	\N	\N	\N
dex	décision expresse	t	\N	\N	\N	\N	\N	\N
apu	publication de l'avis de décision implicite	\N	\N	\N	\N	\N	\N	\N
rpu	publication de décision au recueil des actes administratifs	t	\N	\N	\N	\N	\N	\N
dpu	publication de décision au JORF	t	\N	\N	\N	\N	\N	\N
mno	notification du demandeur	\N	\N	\N	\N	\N	\N	\N
pfd	paiement des frais de dossier	\N	\N	\N	\N	\N	\N	\N
pin	passage en instruction	\N	\N	\N	\N	\N	\N	\N
aof	avis de l'ONF	\N	\N	\N	\N	\N	\N	{"{\\"id\\": \\"renseignements\\", \\"elements\\": [{\\"id\\": \\"operateur_signature_expertise\\", \\"nom\\": \\"Nom de l'opérateur\\", \\"type\\": \\"text\\", \\"description\\": \\"\\"}]}"}
eof	expertise ONF	\N	\N	\N	\N	\N	\N	{"{\\"id\\": \\"renseignements\\", \\"elements\\": [{\\"id\\": \\"operateur_expertise\\", \\"nom\\": \\"\\", \\"type\\": \\"text\\", \\"description\\": \\"Nom de l'expert\\"}, {\\"id\\": \\"agent_implique\\", \\"nom\\": \\"Agent impliqué\\", \\"type\\": \\"text\\", \\"description\\": \\"\\"}]}"}
aon	analyse ONF	\N	\N	\N	\N	\N	\N	\N
adm	analyse DEAL service mines	\N	\N	\N	\N	\N	\N	\N
ade	analyse DEAL service eau	\N	\N	\N	\N	\N	\N	\N
rde	récépissé de délcaration loi sur l'eau	\N	\N	\N	\N	\N	\N	\N
aca	avis de la commission des autorisations de recherches minières (CARM)	\N	\N	\N	\N	\N	\N	\N
pfc	paiement des frais de dossier complementaires	\N	\N	\N	\N	\N	\N	\N
def	décision de l'Office national des forêts	\N	\N	\N	\N	\N	\N	{"{\\"id\\": \\"renseignements\\", \\"elements\\": [{\\"id\\": \\"convention_signee_par\\", \\"nom\\": \\"Nom de l'opérateur signataire\\", \\"type\\": \\"text\\", \\"description\\": \\"\\"}, {\\"id\\": \\"convention_validee_par\\", \\"nom\\": \\"Nom de l'opérateur validateur\\", \\"type\\": \\"text\\", \\"description\\": \\"\\"}, {\\"id\\": \\"agent_implique\\", \\"nom\\": \\"Agent impliqué\\", \\"type\\": \\"text\\", \\"description\\": \\"\\"}]}"}
\.


--
-- Data for Name: etapes_types__etapes_statuts; Type: TABLE DATA; Schema: public; Owner: postgres
--

COPY public.etapes_types__etapes_statuts (etape_type_id, etape_statut_id, ordre) FROM stdin;
ama	fav	1
ama	def	2
ama	fre	3
ama	dre	4
aep	fav	1
aep	def	2
aep	fre	3
aep	dre	4
acg	fav	1
acg	def	2
acg	fre	3
acg	dre	4
apd	fav	1
apd	def	2
apd	fre	3
apd	dre	4
ape	fav	1
ape	def	2
ape	fre	3
ape	dre	4
apl	fav	1
apl	def	2
apl	fre	3
apl	dre	4
apm	fav	1
apm	def	2
apm	fre	3
apm	dre	4
apo	fav	1
apo	def	2
apo	fre	3
apo	dre	4
app	fav	1
app	def	2
app	fre	3
app	dre	4
apr	fav	1
apr	def	2
apr	fre	3
apr	dre	4
apu	acc	1
apu	rej	2
apw	fav	1
apw	def	2
apw	fre	3
apw	dre	4
cod	fav	1
cod	fre	2
cod	def	3
cod	dre	4
dex	acc	1
dex	rej	2
dim	acc	1
dim	rej	2
dpu	acc	1
dpu	rej	2
dpu	fai	3
mfr	nfa	1
mfr	fai	2
rpu	acc	1
rpu	rej	2
rpu	fai	3
\.


--
-- Data for Name: frequences; Type: TABLE DATA; Schema: public; Owner: postgres
--

COPY public.frequences (id, nom, periodes_nom) FROM stdin;
tri	trimestriel	trimestres
men	mensuel	mois
ann	annuel	annees
\.


--
-- Data for Name: geo_systemes; Type: TABLE DATA; Schema: public; Owner: postgres
--

COPY public.geo_systemes (id, nom, unite, zone) FROM stdin;
27561	NTF (Paris) / Lambert Nord France	mètre	France - continentale au nord de  53,5 grades North (48°09'N).
2972	RGFG95 / UTM zone 22N	mètre	Guyane française - onshore et offshore.
4275	NTF (Greenwich)	degré	France - onshore - continentale et Corse.
4807	NTF (Paris)	grade	France - onshore - continentale et Corse.
27573	NTF (Paris) / Lambert zone III	mètre	France - continentale au sud de 50,5 grades nord (45°27'N).
3949	RGF93 / CC49	mètre	France - continentale entre 48°N et 50°N.
2154	RGF93 / Lambert-93	mètre	France - onshore et offshore - continentale et Corse.
27572	NTF (Paris) / Lambert zone II	mètre	France - continentale entre 45°27'N et 48°09'N.
32620	WGS84 / UTM zone 20N	mètre	Hémisphère Nord - entre 66°W et 60°W
4171	RGF93	degré	France - onshore et offshore - continentale et Corse.
27571	NTF (Paris) / Lambert zone I	mètre	France - continentale au nord de 53,5 grades nord (48°09'N).
4326	WGS84	degré	Monde
32622	WGS84 / UTM zone 22N	mètre	Hémisphère Nord - entre 54°W et 48°W
32621	WGS84 / UTM zone 21N	mètre	Hémisphère Nord - entre 60°W et 54°W
27563	NTF (Paris) / Lambert Sud france	mètre	France - continentale au sud de 50,5 grades nord (45°27'N).
4230	ED50	degré	Europe
32630	WGS84 / UTM zone 30N	mètre	Hémisphère Nord - entre 6°W et 0°W
\.


--
-- Data for Name: knex_migrations; Type: TABLE DATA; Schema: public; Owner: postgres
--

COPY public.knex_migrations (id, name, batch, migration_time) FROM stdin;
477	20180521000001_domaines_types_statuts.js	1	2019-07-04 13:44:55.845+02
478	20180521000002_demarches_etapes.js	1	2019-07-04 13:44:56.18+02
479	20180521000003_unites.js	1	2019-07-04 13:44:56.272+02
480	20180521000004_substances.js	1	2019-07-04 13:44:56.474+02
481	20180521000005_territoires.js	1	2019-07-04 13:44:56.62+02
482	20180521000006_calendrier.js	1	2019-07-04 13:44:56.731+02
483	20180521000006_repertoire.js	1	2019-07-04 13:44:57.057+02
484	20180522000001_titres.js	1	2019-07-04 13:44:57.114+02
485	20180522000002_titres_demarches_etapes.js	1	2019-07-04 13:44:57.318+02
486	20180522000003_titres_etapes_substances_emprises.js	1	2019-07-04 13:44:57.382+02
487	20180522000004_titres_etapes_utilisateurs_titulaires_amodiataires_administrations.js	1	2019-07-04 13:44:57.475+02
488	20180522000005_titres_etapes_points.js	1	2019-07-04 13:44:57.569+02
489	20180522000006_titres_etapes_communes.js	1	2019-07-04 13:44:57.592+02
490	20180522000007_titres_etapes_documents.js	1	2019-07-04 13:44:57.637+02
491	20180522000008_titres_etapes_incertitudes.js	1	2019-07-04 13:44:57.67+02
492	20181106000001_metas_activites.js	1	2019-07-04 13:44:57.82+02
493	20181106000002_titres_activites.js	1	2019-07-04 13:44:57.897+02
\.


--
-- Data for Name: knex_migrations_lock; Type: TABLE DATA; Schema: public; Owner: postgres
--

COPY public.knex_migrations_lock (index, is_locked) FROM stdin;
1	0
\.


--
-- Data for Name: mois; Type: TABLE DATA; Schema: public; Owner: postgres
--

COPY public.mois (id, nom, frequence_id, trimestre_id) FROM stdin;
1	janvier	men	1
2	février	men	1
3	mars	men	1
4	avril	men	2
5	mai	men	2
6	juin	men	2
7	juillet	men	3
8	août	men	3
9	septembre	men	3
10	octobre	men	4
11	novembre	men	4
12	décembre	men	4
\.


--
-- Data for Name: pays; Type: TABLE DATA; Schema: public; Owner: postgres
--

COPY public.pays (id, nom, timezone) FROM stdin;
FR	République Française	Europe/Paris
GP	Département de la Guadeloupe	\N
GF	Département de la Guyane	\N
MQ	Département de la Martinique	\N
NC	Nouvelle-Calédonie	\N
PF	Polynésie Française	\N
XX	Clipperton (Île)	\N
PM	Collectivité Territoriale de Saint-Pierre-et-Miquelon	\N
TF	Terres Australes Françaises	\N
WF	Wallis-et-Futuna	\N
YT	Département de Mayotte	\N
BL	Collectivité d'outre-mer de Saint-Barthélemy	\N
MF	Collectivité d'outre-mer de Saint-Martin	\N
RE	Département de La Réunion	\N
\.


--
-- Data for Name: permissions; Type: TABLE DATA; Schema: public; Owner: postgres
--

COPY public.permissions (id, nom, ordre) FROM stdin;
super	Super	1
admin	Admin	2
editeur	Éditeur	3
onf	Onf	5
lecteur	Lecteur	4
entreprise	Entreprise	6
defaut	Défaut	7
\.


--
-- Data for Name: phases_statuts; Type: TABLE DATA; Schema: public; Owner: postgres
--

COPY public.phases_statuts (id, nom, couleur) FROM stdin;
ech	échu	neutral
val	valide	success
\.


--
-- Data for Name: regions; Type: TABLE DATA; Schema: public; Owner: postgres
--

COPY public.regions (id, nom, pays_id, cheflieu_id) FROM stdin;
01	Guadeloupe	GP	97105
02	Martinique	MQ	97209
03	Guyane	GF	97302
04	La Réunion	RE	97411
06	Mayotte	YT	97608
11	Île-de-France	FR	75056
24	Centre-Val de Loire	FR	45234
27	Bourgogne-Franche-Comté	FR	21231
28	Normandie	FR	76540
32	Hauts-de-France	FR	59350
44	Grand Est	FR	67482
52	Pays de la Loire	FR	44109
53	Bretagne	FR	35238
75	Nouvelle-Aquitaine	FR	33063
76	Occitanie	FR	31555
84	Auvergne-Rhône-Alpes	FR	69123
93	Provence-Alpes-Côte d'Azur	FR	13055
94	Corse	FR	2A004
\.


--
-- Data for Name: statuts; Type: TABLE DATA; Schema: public; Owner: postgres
--

COPY public.statuts (id, nom, couleur) FROM stdin;
dmc	demande classée	neutral
dmi	demande initiale	warning
ech	échu	neutral
ind	indéterminé	warning
mod	modification en instance	warning
val	valide	success
\.


--
-- Data for Name: substances; Type: TABLE DATA; Schema: public; Owner: postgres
--

COPY public.substances (id, nom, symbole, gerep, description) FROM stdin;
acti	actinium	Ac	\N	\N
aloh	bauxite	Al	\N	\N
amph	amphibolite	\N	1401	Roche métamorphique présentant de bonnes caractéristiques géomécaniques, de couleur sombre (gris à vert foncé) riche en silicates calciques et ferromagnésiens (essentiellement hornblende, mais aussi feldspath plagioclase) et de minéraux annexes (pyroxène, micas). Elle est utilisée comme roche ornementale et de construction et comme granulat.
anda	andalousite / sillimanite / kyanite - (cyanite - disthène)	\N	2002	Minéral - Silicate d'alumine (SiAl2O5). L'andalousite, la silimanite et la Kyanite (Cyanite ou Disthème) ont la même composition chimique mais avec une structure cristalline et des propriétés physico-minéraloriques différentes (triclinique) autrement dit une variété allotropique (même formule chimique mais système cristallin différent). En France, on ne connait pas de gisement de Kyanite à ce jour. L'andalousite et la silimanite y sont exploitées et sont utilisées dans l'industrie. L'andalousite est utilisée pour ses propriétés réfractaires et son excellente résistance aux chocs thermiques. La silimanite, utilisée pour le même usage réfractaire, a toutefois des propriétés physico-minéraloriques sensiblement différentes de l'andalousite.
ande	andésite	\N	1301	Roche volcanique de couleur gris-clair constituée de cristaux de silicates (plagioclases, biotite, hornblende, pyroxène) dans une matrice vitreuse, avec une bonne homogénéité texturale. Elle présente une bonne résistance mécanique et à l'abrasion.
anhy	anhydrite	\N	2003	Forme anhydre (CaSO4) du sulfate de calcium hydraté (gypse), utilisée comme charge dans l'industrie des peintures, plastiques et comme régulateur de prise dans les ciments, plus rarement comme amendement.
anti	antimoine	Sb	\N	\N
ardo	ardoises	\N	1402	Roche schistosée, à l'origine une argile, ayant subi un faible métamorphisme. Variétés gris-bleuté à noire dont la texture (à grains très fin et homogène) et la fissillité (débit en plaques fines) sont mis à profit pour la fabrication d'éléments de toiture, de parement et de dallage pour les variétés plus gréseuses (autres utilisations possibles: additifs pour la fabrication du clinker et des ciments).
argc	argiles communes	\N	1101	Roche sédimentaire tendre à grain très fin, constituée de minéraux argileux à dominante de smectites-illites, ainsi que d'autres minéraux (quartz, oxydes...) de couleur gris-foncé, brune, jaune-oranger ou rougeâtre. Elles forment une pâte en présence d'eau et durcissent à la cuisson (terres-cuites). peuvent être utilisées (10 à 20%) dans la fabrication du clinker, constituant de base de tous les ciments.
arge	argent	Ag	\N	\N
argf	argiles fibreuses (attapulgites ou palygorskites, sépiolites)	\N	1103	Roches sédimentaires tendre à grains fins, constituées majoritairement d'argiles alumino-magnésiennes (fibres de 1 à 3 µm de long et de 100 à 300 Angstroms de large. La différence entre la largeur des fibres permet de différentier les sépiolites des attapulgites). L'existence de micropores entre les fibres, confèrent à ces argiles une grande capacité d'absorption.
argk	argiles kaoliniques	\N	1102	Roche sédimentaire tendre à grains très fins constituée principalement de kaolinite (minéral argileux blanc à crème) utilisée pour ses propriétés en céramiques communes (sanitaires) et pour matériaux réfractaires (fabrication de chamottes).
args	argiles	\N	1104	Roches sédimentaires peu consolidées formées de minéraux argileux comme la montmorillonite (silicate d'aluminium et de magnésium hydraté) et la beidellite (silicate naturel d'aluminium hydraté). Ces phyllosilicates ont des propriétés physico-chimiques (gonflement en présence d'eau, rhéologie, adsorption, échanges cationiques...) avec de nombreuses applications dans les secteurs industriels (chimie, métallurgie, environnement, produit de collage en œnologie pour l'élimination des protéines des vins blancs et rosés. Synonyme : bentonite, "terre à foulon".
arse	arsenic	As	\N	\N
asta	astate	At	\N	\N
auru	or	Au	\N	\N
bary	barytine	\N	2004	Minéral - Sulfate de baryum (BaSO4) présentant une forte densité (4,5) et une bonne inertie chimique utilisé comme charge minérale dans les boues de forage, les bétons spéciaux des installations nucléaires (radioprotection) et certaines peintures industrielles.
basa	basalte	\N	1302	Roche volcanique dure et massive de couleur gris-foncé à noire, constituée de fin cristaux (pyroxène et olivine) dans une masse vitreuse. Excellentes propriétés mécaniques (dureté), utilisation en tant que granulats et roche ornementale et de construction.
bery	béryllium	Be	\N	\N
bism	bismuth	Bi	\N	\N
buta	butane	\N	\N	\N
cadm	cadmium	Cd	\N	\N
calc	calcaires	\N	1105	Roche sédimentaire (couleur blanc-beige-gris) principalement constituée de calcite (carbonate de calcium (CaCO3) faisant effervescence à l'acide). Caractéristiques pétrophysiques et géomécaniques très hétérogènes en fonction de la cristallinité, porosité, teneur en autres constituants (argiles, quartz...). Pour les variétés de haute pureté et blancheur, utilisations comme charges minérales. Autres utilisations : sidérurgie, verrerie, amendements, principale matière première pour la fabrication du clinker et de la chaux. Elle est également très employée en tant pierre ornementale et de construction et pour les granulats.
caci	calcaires cimentiers	\N	1105	\N
cals	calcschiste	\N	1403	Roche métamorphique, d'aspect rubané, provenant de formations argileuses plus ou moins carbonatées comme les marnes et calcaires marneux. Peut être utilisée comme matière première en remplacement du calcaire et/ou des marnes dans la fabrication du clinker, le constituant de base des ciments.
cend	cendres volcaniques riches en silice	\N	1303	Roche volcanique formée de fragments généralement à grains fins, peu indurée (pulvérulente) ou indurée. Elle est utilisée en tant que granulats ou comme roches ornementales et de construction.
ceri	cérium	Ce	\N	\N
cesi	césium	Cs	\N	\N
cfan	anthracite	\N	\N	\N
cfch	charbon	\N	\N	\N
cfho	houille	\N	\N	\N
cfli	lignite	\N	\N	\N
cfxx	combustibles fossiles	\N	\N	\N
chro	chrome	Cr	\N	\N
coba	cobalt	Co	\N	\N
coox	gaz carbonique	CO2	\N	\N
corn	cornéenne	\N	1404	Roche métamorphique cristalline plus ou moins orientée, habituellement très dure produite sous l'action de la chaleur d'un magma en fusion (métamorphisme de contact). Les grains sont d'une grosseur homogène et ne suivent pas une orientation préférentielle. Leur composition minéralogique varie selon le degré de métamorphisme et la nature des roches initiales. Elles présentent en général de bonnes résistances au choc et à l'abrasion.
ocre	ocres	\N	1113	Mélange sédimentaire naturel de kaolinite (argile), d'oxyde de fer rouge (hématite) et d'hydroxyde de fer jaune-oranger (limonite) utilisé pour la production de pigments naturels dans les peintures et les enduits.
oooo	non précisée(s)	\N	\N	\N
crai	craie	\N	1106	Roche sédimentaire fine, tendre, friable, de couleur blanche, composée de calcite(CaCO3) d'origine fossilifère. En amendement, est utilisée sous forme pulvérisée, broyée, concassée ou brute pour corriger les sols acides. En liant hydraulique, elle est utilisée dans des proportions de 80 à 90% dans la fabrication du clinker, le constituant de base du ciment mais sert également à la fabrication de chaux et de mortier. Pour les minéraux industriels, la pureté et la blancheur autorisent une utilisation comme charge minérale.
cuiv	cuivre	Cu	\N	\N
daci	dacite	\N	1304	Roche volcanique de couleur gris-clair constituée de fins cristaux de quartz, plagioclase et silicates ferro-magnésiens baignant dans un verre. Elle est utilisée comme roche ornementale ou de construction et comme granulat.
diab	diabase	\N	1405	Roche métamorphique dure, d'origine volcanique à grain fin de couleur sombre (issue de dolérite). Elle est utilisé comme granulat.
diam	diamant	\N	\N	\N
diat	diatomites	\N	1108	Roche sédimentaire tendre et légère formée par accumulation de carapaces siliceuses de micro-organismes en milieux lacustes ou marins. Utilisations industrielles : filtration de liquides alimentaires, charge minérale, absorbant de pollutions. En liant hydraulique, elle peut être utilisée comme additifs pour la fabrication de certains ciments.
dior	diorites	\N	1201	Roche plutonique cristalline à texture grenue et homogène, constituée de feldspaths blanchâtres et de silicates ferro-magnésiens colorés (amphiboles, biotite...). En roche ornemental et de construction, elle est sélectionnée pour son aspect décoratif. En granulat, cette roche présente de bonnes caractéristiques mécaniques.
dole	dolérite	\N	1305	Roche volcanique massive, compacte, de couleur sombre (grise à noire), composée de fins cristaux de feldspaths calciques, de pyroxène et parfois d'oxydes de fer. Elle est utilisée en tant que granulats ou en roche ornementale et de construction. On la trouve en association possible des dolérites altérées (diabases issues du métamorphisme des dolérites).
dolo	dolomie	\N	1109	Roche sédimentaire constituée principalement de dolomite (carbonate double de calcium et de magnésium). Utilisée comme charge minérale dans de nombreuses applications : peintures et enduits, élastomères, papiers et revêtements de sol ou dans l'industrie du verre. Au regard de ses propriétés chimiques, est utilisée comme amendement sous forme pulvérisée, broyée, pour corriger le pH des sols acides.
dysp	dysprosium	Dy	\N	\N
erbi	erbium	Er	\N	\N
etai	étain	Sn	\N	\N
ethy	éthylène	\N	\N	\N
euro	europium	Eu	\N	\N
falu	faluns	\N	1129	Roche sédimentaire meuble d'origine détritique riche en débris de coquilles d'animaux marins. Facilement délitable et transformée en sable, elle est utilisée en tant qu'amendement agricole en substitution de carbonate de calcium ou de calcite. Par le passé, cette roche a été utilisée comme sarcophage pour conserver les corps au regard de sa porosité qui permet d'éviter la putréfaction des chairs et d'absorber les exudats.
feld	feldspaths	\N	2007	Minéral - Principal constituant de nombreuses roches magmatiques dont la composition varie entre des pôles potassique (KAlSi3O8), sodique (NaAlSi3O8) et calcique (CaAl2Si2O8), utilisé en céramique et dans la verrerie.
ferx	fer	Fe	\N	\N
fluo	fluorine	F	\N	\N
gabb	gabbro	\N	1202	Roche plutonique grenue de couleur sombre, contenant des feldspaths calciques et du pyroxène (olivine, biotite et hornblende associés). Cette roche présente généralement de bonnes caractéristiques mécaniques qui la rendent utilisable comme roche ornementale et de construction et comme granulat.
gado	gadolinium	Gd	\N	\N
gall	gallium	Ga	\N	\N
galt	galets	\N	1118	Mélange sédimentaire meuble constituée d'éléments rocheux de nature variée sous forme sous forme de sables et graviers d'origine détritique, de nature siliceuse et calcaire extrait des fonds marins. Leur utilité est destinée au granulat.
gazn	gaz naturel	\N	\N	\N
geob	gîtes géothermiques basse température	\N	\N	\N
geoh	gîtes géothermiques haute température	\N	\N	\N
geom	activités géothermiques de minime importance	\N	\N	\N
germ	germanium	Ge	\N	\N
glac	dépôt glaciaire	\N	1107	Mélange de roches sédimentaires détritiques hétérogènes d'origine glaciaire constituées de fragments hétérométriques, unis par un ciment naturel (moraines et tillites). Les moraines se présentent sous forme de blocs, de cailloux de sables et d'argiles. Elles peuvent être valorisées comme granulat. Les tillites sont des conglomérats à éléments arrondis et anguleux, suffisamment indurées (dures) pour être valorisées également comme granulat ou comme roche ornementale et de construction.
gnei	gneiss	\N	1406	Roche métamorphique cristalline à faciès rubanné ou lenticulaire (alternance de lits clairs quartzo-feldspathiques et de lits sombres à micas, amphiboles et pyroxènes). Utilisée en tant que granulats pour ses propriétés mécaniques ou en tant que roche ornementale et de construction pour son aspect décoratif.
grai	granite et granulite	\N	1203	Roche plutonique cristalline à texture grenue de couleur claire (gris, rose ou jaune) composée de quartz, feldspaths et micas, sélectionnée pour son aspect décoratif. Pour les roches ornementales et de construction, une définition "commerciale" existe également et est différente de celle-ci dite "acceptation scientifique" (cf. point 2.1.156 NF EN 12670 : 2001 page 16). Pour les granulats, cette roche présente de bonnes caractéristiques de rugosité. Pour les minéraux industriels, cette roche rendue friable par l'altération (arénisation) facilite l'extraction de tout ou partie de ses constituants (quartz, feldspaths et micas). Nota : Le terme GRANULITE était utilisé autrefois pour désigner des granites de couleur claire à 2 micas (noir et blanc). qui sont valorisées pour leur aspect esthétique dans le domaine des roches ornementales et de construction.
grao	granodiorite	\N	1204	Roche plutonique grenue dont la composition est intermédiaire entre le granite et la diorite. Elle est principalement constituée de quartz (> 10 %) et de feldspaths de couleur claire. Les minéraux secondaires sont la biotite (grains sombres vert, brun ou noir), l'amphibole et le pyroxène. La Pierre de Rosette qui permit de percer le mystère des hiéroglyphes est en granodiorite.
grap	graphite	\N	\N	\N
gref	grès silico-ferrugineux	\N	1111	Roche sédimentaire de couleur brun-orangé constituée d'un mélange de silice et d'oxydes et hydroxydes de fer, utilisée en tant que minéraux industriels, comme agent colorant en céramique.
mylo	mylonites	\N	1501	Roche autre cataclastique résultant du cisaillement et du broyage puis de la recristallisation plus ou moins intense de roches préexistantes de différentes natures (éventuellement recristallisées) dans une zone de formation intense de failles. Elle est constituée d'une hétérogénéité de roches.
nacl	sels de sodium	Na	\N	\N
neod	néodyme	Nd	\N	\N
gres	grès	\N	1110	Roche sédimentaire plus ou moins indurée et stratifiée, composée de grains de quartz d'origine détritique (d'une taille comprise entre 63 µm et 2 mm) soudés par un ciment interstitiel de nature variable (calcite, oxydes de fer, silice, minéraux argileux). Dans le domaine des granulats et des roches ornementales et de construction, les propriétés mécaniques et l'aspect esthétique sont valorisés. Dans le domaine des minéraux industriels, elle est utilisée comme source de silice pour la production de ferro-silicium.
grma	granulats marins	\N	\N	\N
grsi	graviers siliceux	\N	1118	Mélange sédimentaire meuble constituée d'éléments rocheux de nature variée sous forme sous forme de sables et graviers d'origine détritique, de nature siliceuse et calcaire extrait des fonds marins. Leur utilité est destinée au granulat.
gyps	gypse	\N	2008	Minéral - Sulfate de calcium hydraté (CaSO4,2H2O). Dans le domaine des liants hydrauliques, ce minéral est utilisé pour la fabrication du plâtre et comme régulateur de prise dans les ciments. Dans le domaine des minéraux industriel, sa pureté chimique et ses caractéristiques physiques comme la blancheur lui permettent d'être utilisé comme charge minérale. Dans le domaine de l'amendement, sa propriété chimique (base) est utilisée pour corriger les sols acides.
hafn	hafnium	Hf	\N	\N
heli	hélium	He	\N	\N
holm	holmium	Ho	\N	\N
hyda	asphalte	\N	\N	\N
hydc	hydrocarbures conventionnels liquides ou gazeux	\N	\N	\N
hydg	gaz combustible	\N	\N	\N
hydl	hydrocarbures liquides	\N	\N	\N
hydo	hydrocarbures liquides	\N	\N	\N
hydr	hydrocarbures	\N	\N	\N
hydx	hydrocarbures liquides ou gazeux	\N	\N	\N
indi	indium	In	\N	\N
irid	iridium	Ir	\N	\N
kals	alun	\N	\N	\N
kaol	kaolin	\N	2009	Minéral - Extrait de roches granitiques ou sédimentaires composées principalement de kaolinite (silicate d'alumine hydraté Al2Si2O5(OH)4). Le kaolin est utilisé pour sa grande pureté et sa blancheur en céramique (porcelaine) ou comme charges minérales (papier, peinture, etc.). Il peut être également utilisé comme matière première en remplacement de l'argile dans la fabrication de certains clinkers pour ciments blancs (Portland).
kclx	sels de potassium	K	\N	\N
lant	lanthane	La	\N	\N
lept	leptynite	\N	1407	Roche métamorphique cristallisée et orientée de couleur claire composée de quartz, feldspath et micas en faible quantité présentant une bonne résistance mécanique.
lith	lithium	Li	\N	\N
lute	lutécium	Lu	\N	\N
maer	maërl	\N	1118	Mélange sédimentaire meuble constituée d'éléments rocheux de nature variée sous forme sous forme de sables et graviers d'origine détritique, de nature siliceuse et calcaire extrait des fonds marins. Leur utilité est destinée au granulat.
mais	minerais	\N	\N	\N
mang	manganèse	Mn	\N	\N
marb	marbres	\N	1408	Roche métamorphique cristalline plus ou moins rubanée, contenant plus de 50 % de carbonates (calcite et plus rarement dolomite) dans laquelle les minéraux ont totalement recristallisé avec des traces d'oxydes métalliques ou d'impuretés lui donnant une grande variété de couleurs. Le métamorphisme de cette roche lui confère une plus grande dureté. Dans le domaine des roches ornementales, elle est sélectionnée pour son aspect décoratif, la recristallisation de ses composants favorise son polissage. Une définition "commerciale" existe également et est différente de celle-ci dite "acceptation scientifique" (cf. point 2.1.243 NF EN 12670 : 2001 page 22). Dans le domaine des granulats, elle est sélectionnée pour ses propriétés mécaniques (dureté, résistance aux chocs). Dans le domaine des liants hydrauliques, elle peut être utilisée comme matière première en remplacement du calcaire dans la fabrication du clinker, le constituant de base des ciments. Dans le domaine de l'amendement les composants calciques ou magnésiens sont particulièrement utiles pour la correction de pH des milieux acides. Dans le domaine des minéraux industriels, elle est utilisée, après calcination en carbonate de calcium, comme: - charge minérale dans de nombreuses applications industrielles (papier, peinture, plastiques, élastomères) - ou transformée en chaux pour la correction de pH des milieux acides.
marn	marnes	\N	1112	Roche sédimentaire plus ou moins indurée (dure) et stratifiée (couches successives de sédiments) composée d'un mélange de carbonate de calcium (CaCO3) et d'argiles de différentes natures (de 35% à 65%). Usages : Dans le domaine des granulats, l'emploi de cette roche est exceptionnel bien que présent dans les couches de découverte et que ces caractéristiques mécaniques soient compatibles avec cet usage. Si elle est utilisée comme granulat, c'est principalement sous forme de remblai et encore plus exceptionnellement en granulat pour béton. Dans le domaine de l'agriculture, cette roche est employée comme amendement du fait du mélange carbonate de calcium et argile qu'elle contient. Dans le domaine des liants hydrauliques, cette roche est souvent utilisée comme matière première en remplacement du calcaire et/ou de l'argile dans la fabrication du clinker, le constituant de base des ciments. Dans le domaine des minéraux industriels, elle est exploitée en fonction de sa richesse en calcite afin de constituer des charges minérales. Nota: Les marnes ont une composition chimique intermédiaire entre les calcaires marneux (5 à 35% d'argiles) et les argiles calcareuses ou marnes argileuses (65 à 95% d'argiles).
meba	métaux de base	\N	\N	\N
meco	métaux connexes	\N	\N	\N
mepr	métaux précieux	\N	\N	\N
merc	mercure	Hg	\N	\N
mica	micas	\N	2011	Minéral - Silicates en feuillets riches en aluminium et potassium (micas blancs) ou en magnésium et fer (micas noirs) dont les propriétés physico-minéralogiques trouvent de nombreuses applications dans les domaines de l'isolation et des charges minérales.
mics	micaschistes	\N	1409	Roche métamorphique cristallisée et schisteuse caractérisée par l'abondance de la fraction micacée et une plus faible teneur en quartz. Dans le domaine des roches ornementales et de construction, les proportions de quartz et de micas déterminent les propriétés de la roche comme la fissilité pour la production de dallage ou de couverture. Sa richesse en mica confère un aspect brillant à sa surface. Dans le domaine des minéraux industriel, cette roche est valorisée dans des applications de type charge minérale.
migm	migmatite	\N	1410	Roche métamorphique formée d'une alternance de roches de type granite de couleur sombre et de roche de type gneiss de couleur clair. La partie de couleur claire est assimilé à la partie de la roche ayant fondu et est appelée "le mobilisat". La partie de couleur sombre constitue la partie de la roche étant restée solide et est appelée "la restite". Ses bonnes propriétés mécaniques, permettent de l'utiliser comme roche ornementale et de construction ou comme granulat.
moly	molybdène	Mo	\N	\N
nick	nickel	Ni	\N	\N
niob	niobium	Nb	\N	\N
selh	sources d'eau salée	\N	\N	\N
selp	puits d'eau salée	\N	\N	\N
ophi	ophite	\N	1205	Roche plutonique intermédiaire entre basalte et gabbro présentant un faciès plus ou moins altéré de couleur vert-foncé. En tant que roche ornementale et de construction elle est sélectionnée pour son aspect décoratif. Son emploi en tant que granulats est dû à sa dureté et à sa compacité.
osmi	osmium	Os	\N	\N
pall	palladium	Pd	\N	\N
perl	perlite	\N	1306	Roche volcanique de couleur claire à texture vitreuse plus ou moins hydratée et composition rhyolitique utilisée dans l'industrie pour la production d'agents filtrants et d'additifs fonctionnels. Elle est utilisée dans l'industrie pour la production d'agents filtrants et d'additifs fonctionnels.
phon	phonolite	\N	1307	Roche volcanique à grain très fin, de couleur grise tirant parfois sur le vert ou le brun, qui se débite en plaques et qui, sous le choc du métal, rend un son clair (dalles sonores). Sa composition chimique est déficitaire en silice (dite sous-saturées en silice). Le silicium y représente donc moins de la moitié des cations. Ces caractéristiques mécaniques (dureté) permettent son utilisation en tant que granulat. En tant que roche ornementale et de construction, elle est utilisée comme pierre ardoisière en Auvergne. En tant que minéraux industriels, sa composition chimique sous-saturée en silice est recherchée pour les industries du verre et de la céramique.
phos	phosphates	P	\N	\N
pipe	pierres précieuses	\N	\N	\N
plat	platine	Pt	\N	\N
plax	métaux de la mine du platine	\N	\N	\N
plom	plomb	Pb	\N	\N
polo	polonium	Po	\N	\N
porp	porphyre	\N	1206	Roche plutonique caractérisée par une texture intermédiaire constituée de cristaux de feldpaths baignant dans une matrice finement cristallisée. Dans le domaine des roches ornementales et de construction, la couleur variable de cette roche est utilisée pour son aspect décoratif. Dans le domaine des minéraux industriels, cette roche est employée pour ces propriétés mécaniques (dureté, résistance aux chocs et à l'abrasion).
pouz	pouzzolane	\N	1308	Roche volcanique scoriacée à texture bulleuse de couleur noire ou rouge brique. Elle est donc assez rarement exploitée en roche de construction sauf dans la région de Clermont-Ferrand et sur l'île de la Réunion. Elle permet la fabrication de moellons utilisés dans le bâtiment compte tenu de leurs propriétés (isolation thermique et phonique) (voir la fiche pouzzolane de Ph. Rocher). L'exploitation en roche ornementale est marginale et est destinée la construction de rocaille décorative dans les jardins d'agrément. En tant que granulats, elle est utilisée comme agent de sablage ou comme agrégat pour la réalisation de massifs drainants. Sa texture bulleuse peu résistante mécaniquement en fait tout de même un granulat léger notamment dans les bétons spéciaux. Dans le domaine des liants hydrauliques, elle peut être utilisée comme additifs pour la fabrication de certains ciments. Dans le domaine des minéraux industriels, elle est utilisée pour ses propriétés d'isolation phonique et thermique.
pras	praséodyme	Pr	\N	\N
prom	prométhium	Pm	\N	\N
prot	protactinium	Pa	\N	\N
prpa	propane	\N	\N	\N
prpy	propylène	\N	\N	\N
quar	quartz	\N	2012	Minéral - Oxyde de silicium (SiO2) Dans le domaine des granulats, sans grand degré de pureté le quartz est valorisé pour ses caractéristiques mécaniques et certains aspects décoratifs. Dans le domaine des minéraux industriels, sa pureté en SiO2 est recherchée pour sa résistance à l'abrasion dans les revêtements de sols ou comme agent de décapage. Elle constitue une source de silicium pour des applications verre et céramique lorsqu'il présente un très haut degré de pureté.
quat	quartzites	\N	1411	Roche métamorphique massive composée principalement de quartz issue de la recristallisation et de la cimentation du quartz. Les caractéristiques mécaniques sont favorables à la production de granulats de haute qualité (forte résistance à l'abrasion) ou à une utilisation comme roche ornementale et de construction. Le tombeau de Napoléon, aux Invalides, est réalisé dans un bloc de quartzite. Dans le domaine des minéraux industriels, sa pureté est recherchée pour être utilisée comme matériaux réfractaires.
radi	radium	Ra	\N	\N
rado	radon	Rn	\N	\N
rard	roches ardoisières	\N	1412	Roche métamorphique qui est à l'origine de l'argile ayant subi un faible métamorphisme et qui est devenue schisteuse. Ces roches ardoisières ont un plan de schistocité épais et peuvent avoir une fraction gréseuse. Elle comprend notamment les lauzes qui sont utilisées comme pierres de construction (dallage ou toiture).
rdet	roches détritiques grossières	\N	1114	Famille de roches sédimentaire détritiques (issues de la dégradation mécanique d'autres roches) constituées d'éléments grossiers (galets) arrondis (qui traduisent un transport long avant sédimentation) cimentés par des éléments plus fins de type sables et graviers. Devenues suffisamment dures (indurées) ces roches sont utilisées pour la production de granulats. En tant que roches ornementales et de construction, elles présentent des caractéristiques mécaniques et esthétiques valorisables en décoration. Cette famille regroupe les roches suivantes : les arkoses, les brèches, les conglomérats et les poudingues. Ces dernières sont celles qui sont le plus souvent utilisées comme roches ornementales.
rhen	rhénium	Re	\N	\N
rhod	rhodium	Rh	\N	\N
rhyo	rhyolite	\N	1309	Roche volcanique effusive riche en silice de couleur claire constituée de fins cristaux de feldspaths dispersés dans une matrice vitreuse valorisée pour ses propriétés mécaniques et son aspect esthétique soit en tant que roche ornementale et de construction ou en tant que granulats.
rubi	rubidium	Rb	\N	\N
ruth	ruthénium	Ru	\N	\N
rxxx	autres éléments radioactifs	\N	\N	\N
saco	sables coquilliers	\N	1118	Mélange sédimentaire meuble constituée d'éléments rocheux de nature variée sous forme sous forme de sables et graviers d'origine détritique, de nature siliceuse et calcaire extrait des fonds marins. Leur utilité est destinée au granulat.
sama	samarium	Sm	\N	\N
samg	sables moyens à grossiers	\N	1118	Mélange sédimentaire meuble constituée d'éléments rocheux de nature variée sous forme sous forme de sables et graviers d'origine détritique, de nature siliceuse et calcaire extrait des fonds marins. Leur utilité est destinée au granulat.
sasi	sables siliceux	\N	1118	Mélange sédimentaire meuble constituée d'éléments rocheux de nature variée sous forme sous forme de sables et graviers d'origine détritique, de nature siliceuse et calcaire extrait des fonds marins. Leur utilité est destinée au granulat.
scan	scandium	Sc	\N	\N
scbi	schistes bitumineux	\N	\N	\N
pyri	pyrite	\N	\N	\N
bitu	bitume	\N	\N	\N
schi	schistes	\N	1413	Roche métamorphique à grains très fins peu ou pas décelables à l'œil nu présentant un débit en feuillet dû à la schistosité et à la présence de minéraux plats (micas, hornblende...) orientés. Utilisée pour ses propriétés mécaniques, cette roche est particulièrement délitable et donne des granulats de forme assez plate. Son aspect décoratif est valorisé en tant que roche ornementale et de construction.
sele	sélénium	Se	\N	\N
sels	sels	\N	\N	\N
serp	serpentinite	\N	1414	Roche métamorphique de couleur jaunâtre à verdâtre (voire vert sombre) ou présentant des inclusions verdâtres (forme porphyrique) essentiellement constituée (plus de 75 %) d'antigorite (phyllosilicate magnésien). Cette roche provient de l'altération d'une péridotite en présence d'eau. Les serpentinites sont essentiellement exploitées aujourd'hui pour la production de granulats et plus rarement comme roches ornementales.
sexs	sable extra siliceux	\N	1120	Roche sédimentaire meuble d'origine détritique presque exclusivement constituée de grains calibrés de quartz de très grande pureté (égale ou > 98% de silice), utilisée dans les industries du verre et de la céramique et comme additif fonctionnel.
sgra	sables et graviers alluvionnaires	\N	1117	Mélange sédimentaire meuble constituée d'éléments rocheux de nature variée sous forme de sables, graviers et galets de nature variable extraits d'anciens lits de cours d'eau et utilisé comme granulat encore aujourd'hui principalement dans des bétons spéciaux ou pour des couches drainantes.
sgrm	sables et graviers marins	\N	1118	Mélange sédimentaire meuble constituée d'éléments rocheux de nature variée sous forme sous forme de sables et graviers d'origine détritique, de nature siliceuse et calcaire extrait des fonds marins. Leur utilité est destinée au granulat.
sgsc	sables et graviers silico-calcaires marins	\N	1118	Mélange sédimentaire meuble constituée d'éléments rocheux de nature variée sous forme sous forme de sables et graviers d'origine détritique, de nature siliceuse et calcaire extrait des fonds marins. Leur utilité est destinée au granulat.
sgsm	sables et graviers siliceux marins	\N	1118	Mélange sédimentaire meuble constituée d'éléments rocheux de nature variée sous forme sous forme de sables et graviers d'origine détritique, de nature siliceuse et calcaire extrait des fonds marins. Leur utilité est destinée au granulat.
sili	sillimanite	\N	2014	Minéral - Silicate d'alumine (SiAl2O5) de même composition chimique que l'andalousite mais avec une structure cristalline et des propriétés physico-minéralogiques sensiblement différentes.
silx	silex / chert	\N	1121	Roche sédimentaire d'origine détritique issue d'une précipitation chimique et constituée de silice calcédonieuse presque pure la rendant très dure et quelques impuretés telles que de l'eau ou des oxydes, ces derniers influant sur sa couleur. De part, la dureté de cette roche, elle est valorisée sous forme de granulat. Pour l'industrie, elle est utilisée, sous forme de galet plus ou moins arrondis dont les propriétés mécaniques permettent d'en faire des charges broyantes ou des produits abrasifs ou dont la grande pureté chimique permet de faire de la silice industrielle. [Définition de la norme européenne EN 932-3 : Roche sédimentaire composée de silice cryptocristalline ou microcristalline (cristaux indétectables à l'œil nu), se formant en général en couches ou en nodules dans le calcaire.] Préférer le terme SILEX au terme CHERT qui vaut dire la même chose. Le silex est un chert se formant dans la craie du Crétacé (cf. falaise d'Etretat).
skst	stockage souterrain	\N	\N	\N
smil	sables a minéraux lourds	\N	1115	Sables alluvionnaires ou de plage composés de minéraux lourds (rutile, zircon, barytine, grenat). L'accumulation des minéraux lourds se fait dans des placers dont l'origine est liée aux paramètres favorables de sédimentation. Ces minéraux peuvent être utilisés en industrie.
souf	soufre	S	\N	\N
soxx	sulfates autres que les sulfates alcalino-terreux	\N	\N	\N
sssc	sable siliceux ou silico-calcaire	\N	1119	Roche sédimentaire meuble d'origine détritique pouvant soit être constituée majoritairement de grains de quartz (fort % de silice mais < à 98%) soit de calcaire et de silice (silico-calcaire). Ce sable est principalement utilisé comme produits de correction pour la fabrication du clinker, le constituant de base des ciments.
stex	stérile d'exploitation	\N	1502	Roche d'origine diverse, caractérisée par des roches constituant des stériles d'ancienne exploitation (schiste, grès, carbonates ou roche grenue) dont les caractéristiques mécaniques et physiques permettent de les valoriser comme granulat.
suco	substances connexes	\N	\N	\N
syen	syénite	\N	1207	Roche plutonique grenue de couleur rose à rouge, composée de feldspath alcalin (assez riche en silice). Elle se rapproche du granite et du gabbro mais ne contient pas de quartz. L'équivalent volcanique d'une syénite est un trachyte. Elle est utilisée en tant que granulats ou roche ornementale et de construction.
talc	talc	\N	2015	Minéral - Silicate de magnésium hydraté (Mg3 Si4 O10 (OH)2) présentant une structure en feuillets dont les propriétés comme la dureté (1 de l'échelle de Mohs), hydrophobie, grande inertie chimique, blancheur en font un remarquable additif fonctionnel de nombreux domaines (peintures, plastiques, pharmacopée...).
tant	tantale	Ta	\N	\N
tech	technétium	Tc	\N	\N
tell	tellure	Te	\N	\N
terb	terbium	Tb	\N	\N
terv	terre végétale	\N	1122	Horizon sédimentaire humifère constitué suivant la profondeur de l'accumulation de matière organique associée à la croissance des végétaux et de l'altération du substratum rocheux sous-jacent.
thal	thallium	Tl	\N	\N
thor	thorium	Th	\N	\N
thul	thulium	Tm	\N	\N
tita	titane	Ti	\N	\N
tmas	tous métaux associés	\N	\N	\N
tour	tourbe	\N	1123	Roche sédimentaire organique résultant de l'accumulation de la matière organique liée à la croissance des végétaux et de leur transformation sous certaines conditions. Elle est utilisée principalement comme amendement.
trac	trachyte	\N	1310	Roche volcanique effusive de couleur gris-clair, à texture souvent poreuse constituée de fins cristaux (microlites) de feldspaths baignant dans une matrice vitreuse (du fait de sa teneur en silice assez élevée). Elle est utilisée pour ses bonnes caractéristiques mécaniques en tant que granulats et comme roches ornementales et de constructions (ex: lave de Volvic, lave de Chambois).
trxx	autres éléments de terres rares	\N	\N	\N
tufo	tuffeau	\N	1124	Roche sédimentaire blanchâtre peu stratifiée à texture crayeuse constituée de calcite, utilisée comme pierre de construction.
uran	uranium	U	\N	\N
vana	vanadium	V	\N	\N
wolf	tungstène	W	\N	\N
ytri	yttrium	Y	\N	\N
ytte	ytterbium	Yb	\N	\N
zinc	zinc	Zn	\N	\N
zirc	zirconium	Zr	\N	\N
selg	sel gemme	\N	\N	\N
\.


--
-- Data for Name: substances__substances_legales; Type: TABLE DATA; Schema: public; Owner: postgres
--

COPY public.substances__substances_legales (substance_id, substance_legale_id) FROM stdin;
acti	rxxx
aloh	aloh
amph	carx
anda	carx
ande	carx
anhy	carx
anti	anti
ardo	carx
argc	carx
arge	arge
argf	carx
argk	carx
args	carx
arse	arse
asta	rxxx
auru	auru
bary	carx
basa	carx
bery	bery
bism	bism
buta	skst
cadm	cadm
calc	carx
caci	carx
cals	carx
cend	carx
ceri	ceri
cesi	cesi
cfan	cfxx
cfch	cfxx
cfho	cfxx
cfli	cfxx
cfxx	cfxx
chro	chro
coba	coba
coox	coox
corn	carx
crai	carx
cuiv	cuiv
daci	carx
diab	carx
diam	diam
diat	carx
dior	carx
dole	carx
dolo	carx
dysp	trxx
erbi	trxx
etai	etai
ethy	skst
euro	trxx
falu	carx
feld	carx
ferx	ferx
fluo	fluo
gabb	carx
gado	trxx
gall	gall
galt	grma
gazn	skst
geob	geob
geoh	geoh
geom	geom
germ	germ
glac	carx
gnei	carx
grai	carx
grao	carx
grap	grap
gref	carx
gres	carx
grma	grma
grsi	grma
gyps	carx
hafn	hafn
heli	heli
holm	trxx
hyda	hydx
hydc	hydx
hydg	skst
hydl	skst
hydo	hydx
hydr	hydx
hydx	hydx
indi	indi
irid	plax
kals	kals
kaol	carx
kclx	kclx
lant	trxx
lept	carx
lith	lith
lute	trxx
maer	grma
mais	suco
mang	mang
marb	carx
marn	carx
meba	ferx
meba	mang
meba	chro
meba	aloh
meba	cuiv
meba	plom
meba	zinc
meba	etai
meba	tita
meba	nick
meco	suco
mepr	arge
mepr	auru
mepr	plat
mepr	plax
merc	merc
mica	carx
mics	carx
migm	carx
moly	moly
mylo	carx
nacl	nacl
neod	trxx
nick	nick
niob	niob
ocre	carx
oooo	oooo
ophi	carx
osmi	plax
pall	plax
perl	carx
phon	carx
phos	phos
pipe	diam
plat	plat
plax	plax
plom	plom
polo	rxxx
porp	carx
pouz	carx
pras	trxx
prom	trxx
prot	rxxx
prpa	skst
prpy	skst
quar	carx
quat	carx
radi	rxxx
rado	rxxx
rard	carx
rdet	carx
rhen	rhen
rhod	plax
rhyo	carx
rubi	rubi
ruth	plax
rxxx	rxxx
saco	grma
sama	trxx
samg	grma
sasi	grma
scan	trxx
scbi	cfxx
schi	carx
sele	sele
sels	kclx
sels	nacl
serp	carx
sexs	carx
sgra	carx
sgrm	carx
sgsc	grma
sgsm	grma
sili	carx
silx	carx
skst	skst
smil	carx
souf	souf
soxx	soxx
sssc	carx
stex	carx
suco	suco
syen	carx
talc	carx
tant	tant
tech	rxxx
tell	tell
terb	trxx
terv	carx
thal	thal
thor	thor
thul	trxx
tita	tita
tmas	suco
tour	carx
trac	carx
trxx	trxx
tufo	carx
uran	uran
vana	vana
wolf	wolf
ytri	trxx
ytte	trxx
zinc	zinc
zirc	zirc
selg	kclx
selg	nacl
selp	kclx
selp	nacl
pyri	ferx
bitu	cfxx
\.


--
-- Data for Name: substances_legales; Type: TABLE DATA; Schema: public; Owner: postgres
--

COPY public.substances_legales (id, nom, domaine_id, description, substance_legale_code_id) FROM stdin;
carx	substances de carrière	c	\N	l100_2
cfxx	combustibles fossiles solides	f	A l'exeption de la tourbe	l111_1-1
geob	géothermie basse température	g	\N	l112_2
geoh	géothermie haute température	g	\N	l212_2
geom	géothermie de minime importance	g	\N	l112_3
coox	gaz carbonique	m	A l'exception du gaz naturellement contenu dans les eaux qui sont ou qui viendraient à être utilisées pour l'alimentation humaine ou à des fins thérapeutiques	l111_1-13
hydx	hydrocarbures liquides ou gazeux	h	A l'exeption de la tourbe	l111_1-1
aloh	bauxite	m	\N	l111_1-4
anti	antimoine	m	\N	l111_1-12
arge	argent	m	\N	l111_1-9
arse	arsenic	m	\N	l111_1-12
auru	or	m	\N	l111_1-9
bery	béryllium	m	\N	l111_1-15
bism	bismuth	m	\N	l111_1-12
cadm	cadmium	m	\N	l111_1-6
ceri	cérium	m	\N	l111_1-7
chro	chrome	m	\N	l111_1-5
coba	cobalt	m	\N	l111_1-5
cuiv	cuivre	m	\N	l111_1-6
diam	diamant	m	\N	l111_1-1
etai	étain	m	\N	l111_1-6
ferx	fer	m	\N	l111_1-5
fluo	fluorine	m	\N	l111_1-4
gall	gallium	m	\N	l111_1-15
germ	germanium	m	\N	l111_1-6
grap	graphite	m	\N	l111_1-1
hafn	hafnium	m	\N	l111_1-5
heli	hélium	m	\N	l111_1-10
indi	indium	m	\N	l111_1-6
kals	alun	m	\N	l111_1-3
kclx	sels de potassium	m	A l'état solide ou en dissolution, à l'exception de ceux contenus dans les eaux salées utilisées à des fins thérapeutiques ou de loisirs	l111_1-2
lith	lithium	m	\N	l111_1-10
mang	manganèse	m	\N	l111_1-5
merc	mercure	m	\N	l111_1-9
moly	molybdène	m	\N	l111_1-5
nacl	sels de sodium	m	A l'état solide ou en dissolution, à l'exception de ceux contenus dans les eaux salées utilisées à des fins thérapeutiques ou de loisirs	l111_1-2
nick	nickel	m	\N	l111_1-5
niob	niobium	m	\N	l111_1-8
oooo	non précisé(e)s	m	\N	l100_2
phos	phosphates	m	\N	l111_1-14
plat	platine	m	\N	l111_1-9
plax	métaux de la mine du platine	m	\N	l111_1-9
plom	plomb	m	\N	l111_1-6
rhen	rhénium	m	\N	l111_1-5
rubi	rubidium	m	\N	l111_1-10
scan	scandium	m	\N	l111_1-7
sele	sélénium	m	\N	l111_1-11
souf	soufre	m	\N	l111_1-11
soxx	sulfates non alcalino-terreux	m	\N	l111_1-3
suco	substances connexes	m	\N	l100_2
tant	tantale	m	\N	l111_1-8
tell	tellure	m	\N	l111_1-11
thal	thallium	m	\N	l111_1-15
tita	titane	m	\N	l111_1-5
trxx	autres éléments des terres rares	m	\N	l111_1-7
vana	vanadium	m	\N	l111_1-5
wolf	tungstène	m	\N	l111_1-5
zinc	zinc	m	\N	l111_1-6
zirc	zirconium	m	\N	l111_1-5
cesi	césium	r	\N	l111_1-10
radi	radium	r	\N	l111_1-10
rxxx	autres éléments radioactifs	r	\N	l111_1-10
thor	thorium	r	\N	l111_1-10
uran	uranium	r	\N	l111_1-10
skst	stockage souterrain	s	\N	l211_1
grma	granulats marins	w	\N	l100_2
\.


--
-- Data for Name: substances_legales_codes; Type: TABLE DATA; Schema: public; Owner: postgres
--

COPY public.substances_legales_codes (id, nom, description, lien) FROM stdin;
l100_2	L100-2	Substances de carrière	https://www.legifrance.gouv.fr/affichCodeArticle.do?cidTexte=LEGITEXT000023501962&idArticle=LEGIARTI000023504020
l111_1	L111-1	substances connexes	https://www.legifrance.gouv.fr/affichCodeArticle.do;?idArticle=LEGIARTI000036435815&cidTexte=LEGITEXT000023501962
l111_1-1	L111-1, 1°	Des hydrocarbures et des combustibles fossiles, la tourbe exceptée, qu'ils soient sous forme solide, liquide ou gazeuse, du graphite, du diamant	https://www.legifrance.gouv.fr/affichCodeArticle.do;?idArticle=LEGIARTI000036435815&cidTexte=LEGITEXT000023501962
l111_1-10	L111-1, 10°	De l'hélium, du lithium, du rubidium, du césium, du radium, du thorium, de l'uranium et autres éléments radioactifs	https://www.legifrance.gouv.fr/affichCodeArticle.do;?idArticle=LEGIARTI000036435815&cidTexte=LEGITEXT000023501962
l111_1-11	L111-1, 11°	Du soufre, du sélénium, du tellure	https://www.legifrance.gouv.fr/affichCodeArticle.do;?idArticle=LEGIARTI000036435815&cidTexte=LEGITEXT000023501962
l111_1-12	L111-1, 12°	De l'arsenic, de l'antimoine, du bismuth	https://www.legifrance.gouv.fr/affichCodeArticle.do;?idArticle=LEGIARTI000036435815&cidTexte=LEGITEXT000023501962
l111_1-13	L111-1, 13°	Du gaz carbonique, à l'exception du gaz naturellement contenu dans les eaux qui sont ou qui viendraient à être utilisées pour l'alimentation humaine ou à des fins thérapeutiques	https://www.legifrance.gouv.fr/affichCodeArticle.do;?idArticle=LEGIARTI000036435815&cidTexte=LEGITEXT000023501962
l111_1-14	L111-1, 14°	Des phosphates	https://www.legifrance.gouv.fr/affichCodeArticle.do;?idArticle=LEGIARTI000036435815&cidTexte=LEGITEXT000023501962
l111_1-15	L111-1, 15°	Du béryllium, du gallium, du thallium	https://www.legifrance.gouv.fr/affichCodeArticle.do;?idArticle=LEGIARTI000036435815&cidTexte=LEGITEXT000023501962
l111_1-2	L111-1, 2°	Des sels de sodium et de potassium à l'état solide ou en dissolution, à l'exception de ceux contenus dans les eaux salées utilisées à des fins thérapeutiques ou de loisirs	https://www.legifrance.gouv.fr/affichCodeArticle.do;?idArticle=LEGIARTI000036435815&cidTexte=LEGITEXT000023501962
l111_1-3	L111-1, 3°	De l'alun, des sulfates autres que les sulfates alcalino-terreux	https://www.legifrance.gouv.fr/affichCodeArticle.do;?idArticle=LEGIARTI000036435815&cidTexte=LEGITEXT000023501962
l111_1-4	L111-1, 4°	De la bauxite, de la fluorine	https://www.legifrance.gouv.fr/affichCodeArticle.do;?idArticle=LEGIARTI000036435815&cidTexte=LEGITEXT000023501962
l111_1-5	L111-1, 5°	Du fer, du cobalt, du nickel, du chrome, du manganèse, du vanadium, du titane, du zirconium, du molybdène, du tungstène, de l'hafnium, du rhénium	https://www.legifrance.gouv.fr/affichCodeArticle.do;?idArticle=LEGIARTI000036435815&cidTexte=LEGITEXT000023501962
l111_1-6	L111-1, 6°	Du cuivre, du plomb, du zinc, du cadmium, du germanium, de l'étain, de l'indium	https://www.legifrance.gouv.fr/affichCodeArticle.do;?idArticle=LEGIARTI000036435815&cidTexte=LEGITEXT000023501962
l111_1-7	L111-1, 7°	Du cérium, du scandium et autres éléments des terres rares	https://www.legifrance.gouv.fr/affichCodeArticle.do;?idArticle=LEGIARTI000036435815&cidTexte=LEGITEXT000023501962
l111_1-8	L111-1, 8°	Du niobium, du tantale	https://www.legifrance.gouv.fr/affichCodeArticle.do;?idArticle=LEGIARTI000036435815&cidTexte=LEGITEXT000023501962
l111_1-9	L111-1, 9°	Du mercure, de l'argent, de l'or, du platine, des métaux de la mine du platine	https://www.legifrance.gouv.fr/affichCodeArticle.do;?idArticle=LEGIARTI000036435815&cidTexte=LEGITEXT000023501962
l112_2	L112-2	Les gîtes géothermiques basse température	https://www.legifrance.gouv.fr/affichCodeArticle.do;?idArticle=LEGIARTI000023504069&cidTexte=LEGITEXT000023501962
l112_3	L112-3	Les activités géothermiques de minime importance	https://www.legifrance.gouv.fr/affichCodeArticle.do?cidTexte=LEGITEXT000023501962&idArticle=LEGIARTI000025557131
l133_1	L133-1	Granulats marins	https://www.legifrance.gouv.fr/affichCodeArticle.do?cidTexte=LEGITEXT000023501962&idArticle=LEGIARTI000023504020
l211_1	L211-1	Stockages souterrains	https://www.legifrance.gouv.fr/affichCodeArticle.do;?idArticle=LEGIARTI000023505383&cidTexte=LEGITEXT000023501962
l212_2	L212-2	Les gîtes géothermiques haute température	https://www.legifrance.gouv.fr/affichCodeArticle.do;?idArticle=LEGIARTI000023504069&cidTexte=LEGITEXT000023501962
\.


--
-- Data for Name: titres; Type: TABLE DATA; Schema: public; Owner: postgres
--

COPY public.titres (id, nom, type_id, domaine_id, statut_id, "references", date_debut, date_fin, date_demande, activites_deposees, activites_en_construction, activites_absentes, points_titre_etape_id, titulaires_titre_etape_id, amodiataires_titre_etape_id, administrations_titre_etape_id, surface_titre_etape_id, volume_titre_etape_id, volume_unite_id_titre_etape_id, substances_titre_etape_id, communes_titre_etape_id, engagement_titre_etape_id, engagement_devise_id_titre_etape_id) FROM stdin;
m-cxx-drouville-1894	Drouville	cxx	m	mod	{"DEB": "2013-0272-MI", "RNTM": "54TM0150"}	1894-11-24	2018-12-31	\N	\N	\N	\N	m-cxx-drouville-1894-oct01-dpu01	m-cxx-drouville-1894-mut06-dpu01	\N	m-cxx-drouville-1894-mut06-dpu01	\N	\N	\N	m-cxx-drouville-1894-mut06-dpu01	m-cxx-drouville-1894-oct01-dpu01	\N	\N
g-prx-saleve-2013	Salève	prx	g	dmi	{"DGEC": "DPG027"}	\N	\N	2013-05-13	\N	\N	\N	g-prx-saleve-2013-oct01-mfr01	g-prx-saleve-2013-oct01-mfr01	\N	g-prx-saleve-2013-oct01-men01	g-prx-saleve-2013-oct01-men01	\N	\N	g-prx-saleve-2013-oct01-mfr01	g-prx-saleve-2013-oct01-mfr01	\N	\N
g-cxx-soultz-2015	Soultz	cxx	g	val	{"DGEC": "CG-002"}	2015-09-24	2040-09-24	\N	\N	\N	\N	g-cxx-soultz-2015-oct01-dpu01	g-cxx-soultz-2015-oct01-dpu01	\N	g-cxx-soultz-2015-oct01-dpu01	g-cxx-soultz-2015-oct01-dpu01	\N	\N	g-cxx-soultz-2015-oct01-dpu01	g-cxx-soultz-2015-oct01-dpu01	\N	\N
m-prx-bonneval-2017	Bonneval	prx	m	val	{"DEB": "2015-0004-MI", "BRGM": "TMVX01"}	2017-07-01	2022-07-01	\N	\N	\N	\N	m-prx-bonneval-2017-oct01-dpu01	m-prx-bonneval-2017-oct01-dpu01	\N	m-prx-bonneval-2017-oct01-dpu01	m-prx-bonneval-2017-oct01-dpu01	\N	\N	m-prx-bonneval-2017-oct01-dpu01	m-prx-bonneval-2017-oct01-dpu01	m-prx-bonneval-2017-oct01-dpu01	m-prx-bonneval-2017-oct01-dpu01
g-cxx-bouillante-2009	Bouillante	cxx	g	val	{"DGEC": "CG-001"}	2009-06-19	2050-04-30	\N	\N	\N	\N	g-cxx-bouillante-2009-oct01-dpu01	g-cxx-bouillante-2009-oct01-dpu01	\N	g-cxx-bouillante-2009-oct01-dpu01	g-cxx-bouillante-2009-oct01-dpu01	\N	\N	g-cxx-bouillante-2009-oct01-dpu01	g-cxx-bouillante-2009-oct01-dpu01	\N	\N
h-cxx-pezarches-1998	Pézarches	cxx	h	val	{"DGEC": "C59"}	1998-05-07	2023-05-07	\N	\N	\N	\N	h-cxx-pezarches-1998-oct01-dpu01	h-cxx-pezarches-1998-mut01-dex01	\N	h-cxx-pezarches-1998-mut01-dpu01	h-cxx-pezarches-1998-oct01-dex01	\N	\N	h-cxx-pezarches-1998-mut01-dex01	h-cxx-pezarches-1998-oct01-dpu01	\N	\N
m-axm-crique-nelson-2018	Crique Nelson	axm	m	val	{"DEAL": "07/2018"}	2018-10-01	2022-09-30	\N	\N	\N	4	m-axm-crique-nelson-2018-oct01-dex01	m-axm-crique-nelson-2018-oct01-dex01	\N	m-axm-crique-nelson-2018-oct01-dex01	m-axm-crique-nelson-2018-oct01-dex01	\N	\N	m-axm-crique-nelson-2018-oct01-dex01	m-axm-crique-nelson-2018-oct01-dex01	\N	\N
h-cxx-la-croix-blanche-1994	La Croix-Blanche	cxx	h	mod	{"DGEC": "C52"}	1994-02-12	2019-02-12	\N	\N	\N	\N	h-cxx-la-croix-blanche-1994-oct01-dpu01	h-cxx-la-croix-blanche-1994-mut02-dex01	\N	h-cxx-la-croix-blanche-1994-mut02-dpu01	h-cxx-la-croix-blanche-1994-oct01-dex01	\N	\N	h-cxx-la-croix-blanche-1994-mut02-dex01	h-cxx-la-croix-blanche-1994-oct01-dpu01	\N	\N
m-cxx-cerville-buissoncourt-1962	Cerville-Buissoncourt	cxx	m	val	{"DEB": "2013-0274-MI", "RNTM": "54TM0152"}	1962-07-03	2043-12-31	\N	\N	\N	\N	m-cxx-cerville-buissoncourt-1962-pro01-dpu01	m-cxx-cerville-buissoncourt-1962-pro01-dpu01	\N	m-cxx-cerville-buissoncourt-1962-pro01-dpu01	m-cxx-cerville-buissoncourt-1962-oct01-dpu02	\N	\N	m-cxx-cerville-buissoncourt-1962-pro01-dpu01	m-cxx-cerville-buissoncourt-1962-pro01-dpu01	\N	\N
m-cxx-le-chatelard-1978	Le Châtelard	cxx	m	mod	{"DEB": "2013-0215-MI", "RNTM": "26TM0003"}	1966-06-30	2018-12-31	\N	\N	\N	\N	m-cxx-le-chatelard-1978-mut06-dex01	m-cxx-le-chatelard-1978-mut06-dpu01	\N	m-cxx-le-chatelard-1978-mut06-dpu01	m-cxx-le-chatelard-1978-mut05-dpu01	\N	\N	m-cxx-le-chatelard-1978-mut06-dpu01	m-cxx-le-chatelard-1978-mut06-dex01	\N	\N
m-prx-crique-awa-2016	Crique Awa	prx	m	dmi	{"DEB": "2017-0006-MI"}	\N	\N	2016-10-26	\N	\N	\N	m-prx-crique-awa-2016-oct01-anf01	m-prx-crique-awa-2016-oct01-anf01	\N	m-prx-crique-awa-2016-oct01-anf01	m-prx-crique-awa-2016-oct01-anf01	\N	\N	m-prx-crique-awa-2016-oct01-anf01	m-prx-crique-awa-2016-oct01-anf01	\N	\N
m-prx-orapu-2018	Orapu	prx	m	val	{"DEB": "2014-0004-MI"}	2018-04-26	2021-04-26	\N	\N	\N	\N	m-prx-orapu-2018-oct01-dex01	m-prx-orapu-2018-oct01-dpu01	\N	m-prx-orapu-2018-oct01-dpu01	m-prx-orapu-2018-oct01-dpu01	\N	\N	m-prx-orapu-2018-oct01-dpu01	m-prx-orapu-2018-oct01-dex01	m-prx-orapu-2018-oct01-dpu01	m-prx-orapu-2018-oct01-dpu01
m-prx-nem-4-2016	Nem 4	prx	m	val	{"DEB": "2013-0047-MI", "DEAL": "06/2016"}	2016-01-20	2021-01-20	\N	\N	\N	\N	m-prx-nem-4-2016-oct01-dpu01	m-prx-nem-4-2016-oct01-dpu01	\N	m-prx-nem-4-2016-oct01-dpu01	m-prx-nem-4-2016-oct01-dpu01	\N	\N	m-prx-nem-4-2016-oct01-dpu01	m-prx-nem-4-2016-oct01-dpu01	m-prx-nem-4-2016-oct01-dpu01	m-prx-nem-4-2016-oct01-dpu01
w-cxx-les-duons-2011	Les Duons	cxx	w	val	{"deb": "2013-0014-GM", "ifremer": "Duo"}	2011-07-21	2036-07-21	\N	\N	\N	\N	w-cxx-les-duons-2011-oct01-dpu01	w-cxx-les-duons-2011-oct01-dpu01	\N	w-cxx-les-duons-2011-oct01-dpu01	w-cxx-les-duons-2011-oct01-dpu01	\N	\N	w-cxx-les-duons-2011-oct01-dpu01	\N	\N	\N
m-prx-nouvelle-esperance-2010	Nouvelle Espérance	prx	m	mod	{"DEB": "2013-0089-MI", "DEAL": "18/2010", "DEB2": "2013-0556-MI"}	2010-11-05	2018-11-05	\N	\N	\N	\N	m-prx-nouvelle-esperance-2010-oct01-dpu01	m-prx-nouvelle-esperance-2010-pr101-dpu01	\N	m-prx-nouvelle-esperance-2010-pr101-dpu01	m-prx-nouvelle-esperance-2010-pr101-dpu01	\N	\N	m-prx-nouvelle-esperance-2010-pr101-dpu01	m-prx-nouvelle-esperance-2010-oct01-dpu01	m-prx-nouvelle-esperance-2010-pr101-dpu01	m-prx-nouvelle-esperance-2010-pr101-dpu01
m-axm-auror-2018	Auror	axm	m	val	{"DEAL": "20/2018"}	2018-10-01	2022-09-30	\N	\N	\N	4	m-axm-auror-2018-oct01-dex01	m-axm-auror-2018-oct01-dex01	\N	m-axm-auror-2018-oct01-dex01	m-axm-auror-2018-oct01-dex01	\N	\N	m-axm-auror-2018-oct01-dex01	m-axm-auror-2018-oct01-dex01	\N	\N
w-cxx-le-minou-2011	Le Minou	cxx	w	val	{"deb": "2013-0013-GM", "ifremer": "Lmi"}	2011-07-10	2031-07-10	\N	\N	\N	\N	w-cxx-le-minou-2011-oct01-dpu01	w-cxx-le-minou-2011-oct01-dpu01	\N	w-cxx-le-minou-2011-oct01-dpu01	w-cxx-le-minou-2011-oct01-dpu01	\N	\N	w-cxx-le-minou-2011-oct01-dpu01	\N	\N	\N
\.


--
-- Data for Name: titres_activites; Type: TABLE DATA; Schema: public; Owner: postgres
--

COPY public.titres_activites (id, titre_id, utilisateur_id, date, date_saisie, contenu, activite_type_id, activite_statut_id, annee, frequence_periode_id) FROM stdin;
m-axm-crique-nelson-2018-grp-2018-03	m-axm-crique-nelson-2018	\N	2018-10-01	\N	\N	grp	abs	2018	3
m-axm-crique-nelson-2018-grp-2018-04	m-axm-crique-nelson-2018	\N	2019-01-01	\N	\N	grp	abs	2018	4
m-axm-crique-nelson-2018-grp-2019-01	m-axm-crique-nelson-2018	\N	2019-04-01	\N	\N	grp	abs	2019	1
m-axm-crique-nelson-2018-grp-2019-02	m-axm-crique-nelson-2018	\N	2019-07-01	\N	\N	grp	abs	2019	2
m-axm-auror-2018-grp-2018-03	m-axm-auror-2018	\N	2018-10-01	\N	\N	grp	abs	2018	3
m-axm-auror-2018-grp-2018-04	m-axm-auror-2018	\N	2019-01-01	\N	\N	grp	abs	2018	4
m-axm-auror-2018-grp-2019-01	m-axm-auror-2018	\N	2019-04-01	\N	\N	grp	abs	2019	1
m-axm-auror-2018-grp-2019-02	m-axm-auror-2018	\N	2019-07-01	\N	\N	grp	abs	2019	2
\.


--
-- Data for Name: titres_administrations; Type: TABLE DATA; Schema: public; Owner: postgres
--

COPY public.titres_administrations (titre_etape_id, administration_id, coordinateur) FROM stdin;
g-prx-saleve-2013-oct01-men01	min-mtes-dgec-01	\N
g-prx-saleve-2013-oct01-mfr01	prefecture-74010-01	\N
g-prx-saleve-2013-oct01-mfr01	deal-aura-01	\N
g-prx-saleve-2013-oct01-mfr01	prefecture-01053-01	\N
g-cxx-soultz-2015-oct01-dpu01	prefecture-67482-01	\N
g-cxx-soultz-2015-oct01-dpu01	min-mtes-dgec-01	\N
g-cxx-soultz-2015-oct01-dpu01	dea-grand-est-01	\N
g-cxx-soultz-2015-oct01-dex01	min-mtes-dgec-01	\N
g-cxx-bouillante-2009-oct01-dpu01	min-mtes-dgec-01	\N
g-cxx-bouillante-2009-oct01-dpu01	dea-guadeloupe-01	\N
g-cxx-bouillante-2009-oct01-dpu01	prefecture-97105-01	\N
g-cxx-bouillante-2009-oct01-dex01	min-mtes-dgec-01	\N
h-cxx-pezarches-1998-mut01-dpu01	min-mtes-dgec-01	\N
h-cxx-pezarches-1998-mut01-dex01	min-mtes-dgec-01	\N
h-cxx-pezarches-1998-oct01-dpu01	min-mtes-dgec-01	\N
h-cxx-pezarches-1998-oct01-dpu01	prefecture-77288-01	\N
h-cxx-pezarches-1998-oct01-dex01	min-mtes-dgec-01	\N
h-cxx-la-croix-blanche-1994-pro01-men01	min-mtes-dgec-01	\N
h-cxx-la-croix-blanche-1994-mut02-dpu01	min-mtes-dgec-01	\N
h-cxx-la-croix-blanche-1994-mut02-dex01	min-mtes-dgec-01	\N
h-cxx-la-croix-blanche-1994-mut01-dpu01	min-mtes-dgec-01	\N
h-cxx-la-croix-blanche-1994-mut01-dex01	min-mtes-dgec-01	\N
h-cxx-la-croix-blanche-1994-oct01-dpu01	min-mtes-dgec-01	\N
h-cxx-la-croix-blanche-1994-oct01-dpu01	prefecture-91228-01	\N
h-cxx-la-croix-blanche-1994-oct01-dex01	min-mtes-dgec-01	\N
m-axm-crique-nelson-2018-oct01-dex01	dea-guyane-01	\N
m-axm-crique-nelson-2018-oct01-dex01	min-mtes-dgaln-01	\N
m-axm-crique-nelson-2018-oct01-dex01	prefecture-97302-01	\N
m-cxx-cerville-buissoncourt-1962-pro01-dpu01	dea-grand-est-01	\N
m-cxx-cerville-buissoncourt-1962-pro01-dpu01	min-mtes-dgaln-01	\N
m-cxx-cerville-buissoncourt-1962-pro01-dpu01	prefecture-54395-01	\N
m-cxx-cerville-buissoncourt-1962-pro01-dex01	dea-grand-est-01	\N
m-cxx-cerville-buissoncourt-1962-pro01-dex01	min-mtes-dgaln-01	\N
m-cxx-cerville-buissoncourt-1962-pro01-dex01	prefecture-54395-01	\N
m-cxx-cerville-buissoncourt-1962-oct01-dpu02	min-mtes-dgaln-01	\N
m-cxx-cerville-buissoncourt-1962-oct01-dpu01	min-mtes-dgaln-01	\N
m-cxx-cerville-buissoncourt-1962-oct01-dex01	min-mtes-dgaln-01	\N
m-cxx-le-chatelard-1978-pro01-rco01	deal-aura-01	\N
m-cxx-le-chatelard-1978-pro01-rco01	prefecture-26362-01	\N
m-cxx-le-chatelard-1978-pro01-men01	min-mtes-dgaln-01	\N
m-cxx-le-chatelard-1978-mut06-dpu01	min-mtes-dgaln-01	\N
m-cxx-le-chatelard-1978-mut06-dex01	deal-aura-01	\N
m-cxx-le-chatelard-1978-mut06-dex01	min-mtes-dgaln-01	\N
m-cxx-le-chatelard-1978-mut06-dex01	prefecture-26362-01	\N
m-cxx-le-chatelard-1978-mut05-dpu01	min-mtes-dgaln-01	\N
m-cxx-le-chatelard-1978-mut05-dex01	min-mtes-dgaln-01	\N
m-cxx-le-chatelard-1978-mut04-dpu01	min-mtes-dgaln-01	\N
m-cxx-le-chatelard-1978-mut04-dex01	min-mtes-dgaln-01	\N
m-cxx-le-chatelard-1978-mut03-dpu01	min-mtes-dgaln-01	\N
m-cxx-le-chatelard-1978-mut03-dex01	min-mtes-dgaln-01	\N
m-cxx-le-chatelard-1978-mut02-dpu01	min-mtes-dgaln-01	\N
m-cxx-le-chatelard-1978-mut02-dex01	min-mtes-dgaln-01	\N
m-cxx-le-chatelard-1978-mut01-dpu01	min-mtes-dgaln-01	\N
m-cxx-le-chatelard-1978-mut01-dex01	min-mtes-dgaln-01	\N
m-cxx-le-chatelard-1978-exp01-dpu01	min-mtes-dgaln-01	\N
m-cxx-le-chatelard-1978-exp01-dex01	min-mtes-dgaln-01	\N
m-cxx-le-chatelard-1978-oct01-dpu02	min-mtes-dgaln-01	\N
m-cxx-le-chatelard-1978-oct01-dex02	min-mtes-dgaln-01	\N
m-cxx-le-chatelard-1978-oct01-dpu01	min-mtes-dgaln-01	\N
m-cxx-le-chatelard-1978-oct01-dex01	min-mtes-dgaln-01	\N
m-prx-crique-awa-2016-oct01-anf01	dea-guyane-01	\N
m-prx-crique-awa-2016-oct01-anf01	prefecture-97302-01	\N
m-prx-crique-awa-2016-oct01-men01	min-mtes-dgaln-01	\N
m-prx-crique-awa-2016-oct01-mfr01	dea-guyane-01	\N
m-prx-crique-awa-2016-oct01-mfr01	prefecture-97302-01	\N
m-prx-bonneval-2017-oct01-dpu01	dea-nouvelle-aquitaine-01	\N
m-prx-bonneval-2017-oct01-dpu01	min-mtes-dgaln-01	\N
m-prx-bonneval-2017-oct01-dpu01	prefecture-24322-01	\N
m-prx-bonneval-2017-oct01-dpu01	prefecture-87085-01	\N
m-prx-bonneval-2017-oct01-dex01	min-mtes-dgaln-01	\N
m-cxx-drouville-1894-pro01-men01	min-mtes-dgaln-01	\N
m-cxx-drouville-1894-mut06-dpu01	min-mtes-dgaln-01	\N
m-cxx-drouville-1894-mut06-dex01	min-mtes-dgaln-01	\N
m-cxx-drouville-1894-mut05-dpu01	min-mtes-dgaln-01	\N
m-cxx-drouville-1894-mut05-dex01	min-mtes-dgaln-01	\N
m-cxx-drouville-1894-mut04-dpu01	min-mtes-dgaln-01	\N
m-cxx-drouville-1894-mut04-dex01	min-mtes-dgaln-01	\N
m-cxx-drouville-1894-mut03-dpu01	min-mtes-dgaln-01	\N
m-cxx-drouville-1894-mut03-dex01	min-mtes-dgaln-01	\N
m-cxx-drouville-1894-mut02-dpu01	min-mtes-dgaln-01	\N
m-cxx-drouville-1894-mut02-dex01	min-mtes-dgaln-01	\N
m-cxx-drouville-1894-amo02-dpu01	min-mtes-dgaln-01	\N
m-cxx-drouville-1894-amo02-dex01	min-mtes-dgaln-01	\N
m-cxx-drouville-1894-amo01-dpu01	min-mtes-dgaln-01	\N
m-cxx-drouville-1894-amo01-dex01	min-mtes-dgaln-01	\N
m-cxx-drouville-1894-mut01-dpu01	min-mtes-dgaln-01	\N
m-cxx-drouville-1894-mut01-dex01	min-mtes-dgaln-01	\N
m-cxx-drouville-1894-oct01-dpu01	dea-grand-est-01	\N
m-cxx-drouville-1894-oct01-dpu01	min-mtes-dgaln-01	\N
m-cxx-drouville-1894-oct01-dpu01	prefecture-54395-01	\N
m-cxx-drouville-1894-oct01-dex01	min-mtes-dgaln-01	\N
m-prx-orapu-2018-oct01-dpu01	min-mtes-dgaln-01	\N
m-prx-orapu-2018-oct01-dex01	dea-guyane-01	\N
m-prx-orapu-2018-oct01-dex01	min-mtes-dgaln-01	\N
m-prx-orapu-2018-oct01-dex01	prefecture-97302-01	\N
m-axm-auror-2018-oct01-dex01	dea-guyane-01	\N
m-axm-auror-2018-oct01-dex01	min-mtes-dgaln-01	\N
m-axm-auror-2018-oct01-dex01	prefecture-97302-01	\N
m-prx-nem-4-2016-oct01-dpu01	dea-guyane-01	\N
m-prx-nem-4-2016-oct01-dpu01	min-mtes-dgaln-01	\N
m-prx-nem-4-2016-oct01-dpu01	prefecture-97302-01	\N
m-prx-nem-4-2016-oct01-dex01	min-mtes-dgaln-01	\N
m-prx-nouvelle-esperance-2010-mut01-men01	min-mtes-dgaln-01	\N
m-prx-nouvelle-esperance-2010-pr201-men01	min-mtes-dgaln-01	\N
m-prx-nouvelle-esperance-2010-pr101-dpu01	min-mtes-dgaln-01	\N
m-prx-nouvelle-esperance-2010-pr101-dex01	min-mtes-dgaln-01	\N
m-prx-nouvelle-esperance-2010-oct01-dpu01	dea-guyane-01	\N
m-prx-nouvelle-esperance-2010-oct01-dpu01	min-mtes-dgaln-01	\N
m-prx-nouvelle-esperance-2010-oct01-dpu01	prefecture-97302-01	\N
m-prx-nouvelle-esperance-2010-oct01-dex01	min-mtes-dgaln-01	\N
w-cxx-les-duons-2011-oct01-dpu01	min-mtes-dgaln-01	\N
w-cxx-les-duons-2011-oct01-dex01	min-mtes-dgaln-01	\N
w-cxx-le-minou-2011-oct01-dpu01	min-mtes-dgaln-01	\N
w-cxx-le-minou-2011-oct01-dex01	min-mtes-dgaln-01	\N
\.


--
-- Data for Name: titres_amodiataires; Type: TABLE DATA; Schema: public; Owner: postgres
--

COPY public.titres_amodiataires (titre_etape_id, entreprise_id, operateur) FROM stdin;
\.


--
-- Data for Name: titres_communes; Type: TABLE DATA; Schema: public; Owner: postgres
--

COPY public.titres_communes (titre_etape_id, commune_id) FROM stdin;
m-axm-auror-2018-oct01-dex01	97311
m-prx-orapu-2018-oct01-dex01	97310
m-axm-crique-nelson-2018-oct01-dex01	97304
m-prx-crique-awa-2016-oct01-mfr01	97357
m-prx-crique-awa-2016-oct01-mfr01	97362
g-prx-saleve-2013-oct01-mfr01	01109
g-prx-saleve-2013-oct01-mfr01	74077
g-prx-saleve-2013-oct01-mfr01	74074
g-prx-saleve-2013-oct01-mfr01	01209
g-prx-saleve-2013-oct01-mfr01	74069
g-prx-saleve-2013-oct01-mfr01	01308
g-prx-saleve-2013-oct01-mfr01	74309
g-prx-saleve-2013-oct01-mfr01	74250
g-prx-saleve-2013-oct01-mfr01	74042
g-prx-saleve-2013-oct01-mfr01	74024
g-prx-saleve-2013-oct01-mfr01	74240
g-prx-saleve-2013-oct01-mfr01	74244
g-prx-saleve-2013-oct01-mfr01	74021
g-prx-saleve-2013-oct01-mfr01	74298
g-prx-saleve-2013-oct01-mfr01	74197
g-prx-saleve-2013-oct01-mfr01	74040
g-prx-saleve-2013-oct01-mfr01	74012
g-prx-saleve-2013-oct01-mfr01	74094
g-prx-saleve-2013-oct01-mfr01	74128
g-prx-saleve-2013-oct01-mfr01	74153
g-prx-saleve-2013-oct01-mfr01	74145
g-prx-saleve-2013-oct01-mfr01	74305
g-prx-saleve-2013-oct01-mfr01	74008
g-prx-saleve-2013-oct01-mfr01	74133
g-prx-saleve-2013-oct01-mfr01	74118
g-prx-saleve-2013-oct01-mfr01	74243
g-prx-saleve-2013-oct01-mfr01	74304
g-prx-saleve-2013-oct01-mfr01	74311
g-prx-saleve-2013-oct01-mfr01	74226
g-prx-saleve-2013-oct01-mfr01	74037
g-prx-saleve-2013-oct01-mfr01	74122
g-prx-saleve-2013-oct01-mfr01	74087
g-prx-saleve-2013-oct01-mfr01	74209
g-prx-saleve-2013-oct01-mfr01	74284
g-prx-saleve-2013-oct01-mfr01	74162
g-prx-saleve-2013-oct01-mfr01	74043
g-prx-saleve-2013-oct01-mfr01	74229
g-prx-saleve-2013-oct01-mfr01	74158
g-prx-saleve-2013-oct01-mfr01	74193
g-prx-saleve-2013-oct01-mfr01	74211
g-prx-saleve-2013-oct01-mfr01	74220
g-prx-saleve-2013-oct01-mfr01	74262
g-prx-saleve-2013-oct01-mfr01	74185
g-prx-saleve-2013-oct01-mfr01	74018
g-prx-saleve-2013-oct01-mfr01	74044
g-prx-saleve-2013-oct01-mfr01	74082
g-prx-saleve-2013-oct01-mfr01	74016
g-prx-saleve-2013-oct01-mfr01	74313
g-prx-saleve-2013-oct01-mfr01	74177
g-prx-saleve-2013-oct01-mfr01	74259
g-prx-saleve-2013-oct01-mfr01	74059
g-prx-saleve-2013-oct01-mfr01	74015
g-prx-saleve-2013-oct01-mfr01	74282
g-prx-saleve-2013-oct01-mfr01	74306
g-prx-saleve-2013-oct01-mfr01	74224
g-prx-saleve-2013-oct01-mfr01	74253
g-prx-saleve-2013-oct01-mfr01	74116
g-prx-saleve-2013-oct01-mfr01	74007
g-prx-saleve-2013-oct01-mfr01	74090
g-prx-saleve-2013-oct01-mfr01	74052
g-prx-saleve-2013-oct01-mfr01	74296
g-prx-saleve-2013-oct01-mfr01	74009
g-prx-saleve-2013-oct01-mfr01	74228
g-prx-saleve-2013-oct01-mfr01	74216
g-prx-saleve-2013-oct01-mfr01	74031
g-prx-saleve-2013-oct01-mfr01	74124
g-prx-saleve-2013-oct01-mfr01	74201
g-prx-saleve-2013-oct01-mfr01	74260
g-prx-saleve-2013-oct01-mfr01	74101
g-prx-saleve-2013-oct01-mfr01	74184
g-prx-saleve-2013-oct01-mfr01	74144
g-prx-saleve-2013-oct01-mfr01	74288
g-prx-saleve-2013-oct01-mfr01	74314
g-prx-saleve-2013-oct01-mfr01	74088
g-prx-saleve-2013-oct01-mfr01	74096
m-cxx-cerville-buissoncourt-1962-pro01-dex01	54250
m-cxx-cerville-buissoncourt-1962-pro01-dex01	54104
m-cxx-cerville-buissoncourt-1962-pro01-dex01	54110
m-cxx-cerville-buissoncourt-1962-pro01-dex01	54311
m-cxx-le-chatelard-1978-mut06-dex01	26349
m-cxx-le-chatelard-1978-mut06-dex01	26148
m-cxx-le-chatelard-1978-mut06-dex01	26083
m-cxx-le-chatelard-1978-mut06-dex01	26314
g-cxx-soultz-2015-oct01-dpu01	67206
g-cxx-soultz-2015-oct01-dpu01	67339
g-cxx-soultz-2015-oct01-dpu01	67288
g-cxx-soultz-2015-oct01-dpu01	67290
g-cxx-soultz-2015-oct01-dpu01	67394
g-cxx-soultz-2015-oct01-dpu01	67455
g-cxx-soultz-2015-oct01-dpu01	67474
g-cxx-soultz-2015-oct01-dpu01	67254
g-cxx-soultz-2015-oct01-dpu01	67487
g-cxx-bouillante-2009-oct01-dpu01	97106
m-cxx-cerville-buissoncourt-1962-pro01-dpu01	54250
m-cxx-cerville-buissoncourt-1962-pro01-dpu01	54104
m-cxx-cerville-buissoncourt-1962-pro01-dpu01	54110
m-cxx-cerville-buissoncourt-1962-pro01-dpu01	54311
m-prx-bonneval-2017-oct01-dpu01	87096
m-prx-bonneval-2017-oct01-dpu01	87031
m-prx-bonneval-2017-oct01-dpu01	24218
m-prx-bonneval-2017-oct01-dpu01	87082
m-prx-bonneval-2017-oct01-dpu01	87187
m-prx-bonneval-2017-oct01-dpu01	87095
m-prx-bonneval-2017-oct01-dpu01	87049
m-prx-bonneval-2017-oct01-dpu01	87127
m-prx-bonneval-2017-oct01-dpu01	87039
m-prx-bonneval-2017-oct01-dpu01	87176
m-cxx-drouville-1894-oct01-dpu01	54139
m-cxx-drouville-1894-oct01-dpu01	54219
m-cxx-drouville-1894-oct01-dpu01	54173
m-cxx-drouville-1894-oct01-dpu01	54250
m-prx-nem-4-2016-oct01-dpu01	97306
m-prx-nem-4-2016-oct01-dpu01	97303
h-cxx-la-croix-blanche-1994-oct01-dpu01	91648
m-prx-nouvelle-esperance-2010-oct01-dpu01	97357
h-cxx-la-croix-blanche-1994-oct01-dpu01	91549
m-cxx-le-chatelard-1978-pro01-rco01	26314
m-prx-nouvelle-esperance-2010-oct01-dpu01	97360
h-cxx-la-croix-blanche-1994-oct01-dpu01	91494
h-cxx-pezarches-1998-oct01-dpu01	77224
h-cxx-la-croix-blanche-1994-oct01-dpu01	91086
h-cxx-pezarches-1998-oct01-dpu01	77176
m-prx-crique-awa-2016-oct01-anf01	97362
h-cxx-pezarches-1998-oct01-dpu01	77433
h-cxx-la-croix-blanche-1994-oct01-dpu01	91103
h-cxx-pezarches-1998-oct01-dpu01	77360
m-cxx-le-chatelard-1978-pro01-rco01	26083
h-cxx-pezarches-1998-oct01-dpu01	77469
m-cxx-le-chatelard-1978-pro01-rco01	26349
h-cxx-la-croix-blanche-1994-oct01-dpu01	91235
m-prx-crique-awa-2016-oct01-anf01	97357
h-cxx-la-croix-blanche-1994-oct01-dpu01	91570
m-cxx-le-chatelard-1978-pro01-rco01	26148
\.


--
-- Data for Name: titres_demarches; Type: TABLE DATA; Schema: public; Owner: postgres
--

COPY public.titres_demarches (id, titre_id, type_id, statut_id, ordre, annulation_titre_demarche_id) FROM stdin;
g-prx-saleve-2013-oct01	g-prx-saleve-2013	oct	ins	1	\N
g-cxx-soultz-2015-oct01	g-cxx-soultz-2015	oct	acc	1	\N
g-cxx-bouillante-2009-oct01	g-cxx-bouillante-2009	oct	acc	1	\N
h-cxx-pezarches-1998-mut01	h-cxx-pezarches-1998	mut	acc	2	\N
h-cxx-pezarches-1998-oct01	h-cxx-pezarches-1998	oct	acc	1	\N
h-cxx-la-croix-blanche-1994-pro01	h-cxx-la-croix-blanche-1994	pro	ins	4	\N
h-cxx-la-croix-blanche-1994-mut02	h-cxx-la-croix-blanche-1994	mut	acc	3	\N
h-cxx-la-croix-blanche-1994-mut01	h-cxx-la-croix-blanche-1994	mut	acc	2	\N
h-cxx-la-croix-blanche-1994-oct01	h-cxx-la-croix-blanche-1994	oct	acc	1	\N
m-axm-crique-nelson-2018-oct01	m-axm-crique-nelson-2018	oct	acc	1	\N
m-cxx-cerville-buissoncourt-1962-pro01	m-cxx-cerville-buissoncourt-1962	pro	acc	2	\N
m-cxx-cerville-buissoncourt-1962-oct01	m-cxx-cerville-buissoncourt-1962	oct	acc	1	\N
m-cxx-le-chatelard-1978-pro01	m-cxx-le-chatelard-1978	pro	ins	9	\N
m-cxx-le-chatelard-1978-mut06	m-cxx-le-chatelard-1978	mut	acc	8	\N
m-cxx-le-chatelard-1978-mut05	m-cxx-le-chatelard-1978	mut	acc	7	\N
m-cxx-le-chatelard-1978-mut04	m-cxx-le-chatelard-1978	mut	acc	6	\N
m-cxx-le-chatelard-1978-mut03	m-cxx-le-chatelard-1978	mut	acc	5	\N
m-cxx-le-chatelard-1978-mut02	m-cxx-le-chatelard-1978	mut	acc	4	\N
m-cxx-le-chatelard-1978-mut01	m-cxx-le-chatelard-1978	mut	acc	3	\N
m-cxx-le-chatelard-1978-exp01	m-cxx-le-chatelard-1978	exp	acc	2	\N
m-cxx-le-chatelard-1978-oct01	m-cxx-le-chatelard-1978	oct	acc	1	\N
m-prx-crique-awa-2016-oct01	m-prx-crique-awa-2016	oct	ins	1	\N
m-prx-bonneval-2017-oct01	m-prx-bonneval-2017	oct	acc	1	\N
m-cxx-drouville-1894-pro01	m-cxx-drouville-1894	pro	ins	10	\N
m-cxx-drouville-1894-mut06	m-cxx-drouville-1894	mut	acc	9	\N
m-cxx-drouville-1894-mut05	m-cxx-drouville-1894	mut	acc	8	\N
m-cxx-drouville-1894-mut04	m-cxx-drouville-1894	mut	acc	7	\N
m-cxx-drouville-1894-mut03	m-cxx-drouville-1894	mut	acc	6	\N
m-cxx-drouville-1894-mut02	m-cxx-drouville-1894	mut	acc	5	\N
m-cxx-drouville-1894-amo02	m-cxx-drouville-1894	amo	acc	4	\N
m-cxx-drouville-1894-amo01	m-cxx-drouville-1894	amo	acc	3	\N
m-cxx-drouville-1894-mut01	m-cxx-drouville-1894	mut	acc	2	\N
m-cxx-drouville-1894-oct01	m-cxx-drouville-1894	oct	acc	1	\N
m-prx-orapu-2018-oct01	m-prx-orapu-2018	oct	acc	1	\N
m-axm-auror-2018-oct01	m-axm-auror-2018	oct	acc	1	\N
m-prx-nem-4-2016-oct01	m-prx-nem-4-2016	oct	acc	1	\N
m-prx-nouvelle-esperance-2010-mut01	m-prx-nouvelle-esperance-2010	mut	ins	4	\N
m-prx-nouvelle-esperance-2010-pr201	m-prx-nouvelle-esperance-2010	pr2	ins	3	\N
m-prx-nouvelle-esperance-2010-pr101	m-prx-nouvelle-esperance-2010	pr1	acc	2	\N
m-prx-nouvelle-esperance-2010-oct01	m-prx-nouvelle-esperance-2010	oct	acc	1	\N
w-cxx-les-duons-2011-oct01	w-cxx-les-duons-2011	oct	acc	1	\N
w-cxx-le-minou-2011-oct01	w-cxx-le-minou-2011	oct	acc	1	\N
\.


--
-- Data for Name: titres_demarches_liens; Type: TABLE DATA; Schema: public; Owner: postgres
--

COPY public.titres_demarches_liens (enfant_titre_demarche_id, parent_titre_demarche_id) FROM stdin;
\.


--
-- Data for Name: titres_documents; Type: TABLE DATA; Schema: public; Owner: postgres
--

COPY public.titres_documents (id, titre_etape_id, type, nom, jorf, nor, url, uri, fichier, public) FROM stdin;
g-cxx-soultz-2015-oct01-dpu01-431b619a	g-cxx-soultz-2015-oct01-dpu01	Décret	Décret du 22 septembre 2015 accordant la concession de gîtes géothermiques dite « concession de Soultz » (Bas-Rhin) au profit du groupement européen d'intérêt économique (GEIE) « Exploitation minière de la chaleur »	JORFTEXT000031204176	DEVR1510640D	https://www.legifrance.gouv.fr/affichTexte.do?cidTexte=JORFTEXT000031204176	https://www.legifrance.gouv.fr/affichTexte.do?cidTexte=JORFTEXT000031204176	\N	\N
g-cxx-soultz-2015-oct01-dex01-c7798f6f	g-cxx-soultz-2015-oct01-dex01	Décret	Décret du 22 septembre 2015 accordant la concession de gîtes géothermiques dite « concession de Soultz » (Bas-Rhin) au profit du groupement européen d'intérêt économique (GEIE) « Exploitation minière de la chaleur »	\N	DEVR1510640D	\N	\N	\N	\N
g-cxx-bouillante-2009-oct01-dpu01-2c3dbd33	g-cxx-bouillante-2009-oct01-dpu01	Décret	Décret du 17 juin 2009 accordant à la société Géothermie Bouillante une concession de gîtes géothermiques dite « Concession de Bouillante » (Guadeloupe)	JORFTEXT000020756227	DEVE0829067D	https://www.legifrance.gouv.fr/affichTexte.do?cidTexte=JORFTEXT000020756227	https://www.legifrance.gouv.fr/affichTexte.do?cidTexte=JORFTEXT000020756227	\N	\N
g-cxx-bouillante-2009-oct01-dex01-f0e6dac7	g-cxx-bouillante-2009-oct01-dex01	Décret	Décret du 17 juin 2009 accordant à la société Géothermie Bouillante une concession de gîtes géothermiques dite « Concession de Bouillante » (Guadeloupe)	\N	DEVE0829067D	\N	\N	\N	\N
h-cxx-pezarches-1998-mut01-dpu01-e54d8fae	h-cxx-pezarches-1998-mut01-dpu01	Arrêté	Arrêté du 28 février 2001 autorisant la mutation de la concession de mines d'hydrocarbures liquides ou gazeux dite « Concession de Pézarches » (Seine-et-Marne) au profit de la société Géopétrol	JORFTEXT000000768901	ECOI0100094A	https://www.legifrance.gouv.fr/affichTexte.do?cidTexte=JORFTEXT000000768901	\N	\N	\N
h-cxx-pezarches-1998-mut01-dex01-dbbfd21b	h-cxx-pezarches-1998-mut01-dex01	Arrêté	Arrêté du 28 février 2001 autorisant la mutation de la concession de mines d'hydrocarbures liquides ou gazeux dite « Concession de Pézarches » (Seine-et-Marne) au profit de la société Géopétrol	\N	\N	\N	\N	\N	\N
h-cxx-pezarches-1998-oct01-dpu01-21b89f04	h-cxx-pezarches-1998-oct01-dpu01	Décret	Décret du 30 avril 1998 accordant la concession de mines d'hydrocarbures liquides ou gazeux dite « Concession de Pézarches » (Seine-et-Marne) à la société Elf Aquitaine Production	JORFTEXT000000190600	ECOI9800326D	https://www.legifrance.gouv.fr/affichTexte.do?cidTexte=JORFTEXT000000190600	\N	h-cxx-pezarches-1998-oct01-dpu01	\N
h-cxx-pezarches-1998-oct01-dex01-74e5f3a7	h-cxx-pezarches-1998-oct01-dex01	Décret	Décret du 30 avril 1998 accordant la concession de mines d'hydrocarbures liquides ou gazeux dite « Concession de Pézarches » (Seine-et-Marne) à la société Elf Aquitaine Production	\N	\N	\N	\N	\N	\N
h-cxx-la-croix-blanche-1994-mut02-dpu01-668e1fde	h-cxx-la-croix-blanche-1994-mut02-dpu01	Arrêté	Arrêté du 21 octobre 2013 autorisant la mutation des concessions de mines d'hydrocarbures liquides ou gazeux dites « Concession de la Croix Blanche » et « Concession de Vert-le-Petit » au profit de la société Vermilion Pyrénées SAS	JORFTEXT000028114735	DEVR1322342A	https://www.legifrance.gouv.fr/affichTexte.do?cidTexte=JORFTEXT000028114735	https://www.legifrance.gouv.fr/eli/arrete/2013/10/21/DEVR1322342A/jo/texte	\N	\N
h-cxx-la-croix-blanche-1994-mut02-dex01-9a3e24f8	h-cxx-la-croix-blanche-1994-mut02-dex01	Arrêté	Arrêté du 21 octobre 2013 autorisant la mutation des concessions de mines d'hydrocarbures liquides ou gazeux dites « Concession de la Croix Blanche » et « Concession de Vert-le-Petit » au profit de la société Vermilion Pyrénées SAS	\N	\N	\N	\N	\N	\N
h-cxx-la-croix-blanche-1994-mut01-dpu01-9e5ea84d	h-cxx-la-croix-blanche-1994-mut01-dpu01	Arrêté	Arrêté du 2 septembre 1999 autorisant la mutation de concessions de mines d'hydrocarbures liquides ou gazeux	JORFTEXT000000578504	ECOI9900437A	https://www.legifrance.gouv.fr/affichTexte.do?cidTexte=JORFTEXT000000578504	\N	\N	\N
h-cxx-la-croix-blanche-1994-mut01-dex01-f68508c4	h-cxx-la-croix-blanche-1994-mut01-dex01	Arrêté	Arrêté du 2 septembre 1999 autorisant la mutation de concessions de mines d'hydrocarbures liquides ou gazeux	\N	\N	\N	\N	\N	\N
h-cxx-la-croix-blanche-1994-oct01-dpu01-90a1ffd6	h-cxx-la-croix-blanche-1994-oct01-dpu01	Décret	Décret du 7 février 1994 accordant la concession de mines d'hydrocarbures liquides ou gazeux dite " Concession de La Croix Blanche " à la société Elf Aquitaine Production	JORFTEXT000000529441	INDE9400027D	https://www.legifrance.gouv.fr/affichTexte.do?cidTexte=JORFTEXT000000529441	\N	\N	\N
h-cxx-la-croix-blanche-1994-oct01-dex01-7b60c8cd	h-cxx-la-croix-blanche-1994-oct01-dex01	Décret	Décret du 7 février 1994 accordant la concession de mines d'hydrocarbures liquides ou gazeux dite " Concession de La Croix Blanche " à la société Elf Aquitaine Production	\N	\N	\N	\N	\N	\N
m-axm-crique-nelson-2018-oct01-dex01-88fd7c71	m-axm-crique-nelson-2018-oct01-dex01	Arrêté	Arrêté autorisant la SAS TRAJAN à exploiter une mine aurifère de type alluvionnaire sur le terrltolre de la commune de KOUROU, sur la crique « Nelson » (AEX n°07/2018)	\N	R03-2018-10-01-004	\N	\N	m-axm-crique-nelson-2018-oct01-dex01	\N
m-cxx-cerville-buissoncourt-1962-pro01-dpu01-f01cbe6d	m-cxx-cerville-buissoncourt-1962-pro01-dpu01	Décret	Décret du 12 avril 2019 accordant la prolongation et le changement de nom de la concession de mines de sel de sodium de Cercueil-Buissoncourt (Meurthe-et-Moselle), à la société SOLVAY SA	JORFTEXT000038370790	ECOL1835067D	https://www.legifrance.gouv.fr/affichTexte.do?cidTexte=JORFTEXT000038370790	https://www.legifrance.gouv.fr/eli/decret/2019/4/12/ECOL1835067D/jo/texte	\N	\N
m-cxx-cerville-buissoncourt-1962-pro01-dex01-6dadba9b	m-cxx-cerville-buissoncourt-1962-pro01-dex01	Décret	Décret du 12 avril 2019 accordant la prolongation et le changement de nom de la concession de mines de sel de sodium de Cercueil-Buissoncourt (Meurthe-et-Moselle), à la société SOLVAY SA	\N	\N	\N	\N	\N	\N
m-cxx-cerville-buissoncourt-1962-oct01-dpu02-afab326b	m-cxx-cerville-buissoncourt-1962-oct01-dpu02	Décret	Additif au décret du 23 juin 1962 instituant au profit de la société Solvay la concession de mines de sel de sodium de Cercueil-Buissoncourt (M & M)	\N	\N	\N	\N	m-cxx-cerville-buissoncourt-1962-oct01-dpu02	\N
m-cxx-cerville-buissoncourt-1962-oct01-dpu01-7f85f04c	m-cxx-cerville-buissoncourt-1962-oct01-dpu01	Décret	Décret du 23 juin 1962 instituant au profit de la société Solvay la concession de mines de sel de sodium de Cercueil-Buissoncourt (M & M)	\N	\N	\N	\N	m-cxx-cerville-buissoncourt-1962-oct01-dpu01	\N
m-cxx-cerville-buissoncourt-1962-oct01-dex01-e9d64d75	m-cxx-cerville-buissoncourt-1962-oct01-dex01	Décret	Décret du 23 juin 1962 instituant au profit de la société Solvay la concession de mines de sel de sodium de Cercueil-Buissoncourt (M & M)	\N	\N	\N	\N	m-cxx-cerville-buissoncourt-1962-oct01-dex01	\N
m-cxx-drouville-1894-mut05-dpu01-b053ffda	m-cxx-drouville-1894-mut05-dpu01	Décret	Décret du 29 juin 1982 portant autorisation de mutation d'une concession de mines.	\N	\N	\N	\N	m-cxx-drouville-1894-mut05-dpu01	\N
m-cxx-le-chatelard-1978-mut06-dpu01-e457071d	m-cxx-le-chatelard-1978-mut06-dpu01	Arrêté	Arrêté du 3 juin 2009 acceptant la mutation partielle d'une concession de mines de sels de sodium	JORFTEXT000020740844	DEVO0910473A	https://www.legifrance.gouv.fr/affichTexte.do?cidTexte=JORFTEXT000020740844	https://www.legifrance.gouv.fr/eli/arrete/2009/6/3/DEVO0910473A/jo/texte	m-cxx-le-chatelard-1966-mut06-dpu01	\N
m-cxx-le-chatelard-1978-mut06-dex01-c23e95ca	m-cxx-le-chatelard-1978-mut06-dex01	Arrêté	Arrêté du 3 juin 2009 acceptant la mutation partielle d'une concession de mines de sels de sodium	\N	\N	\N	\N	\N	\N
m-cxx-le-chatelard-1978-mut05-dpu01-fb7e5c22	m-cxx-le-chatelard-1978-mut05-dpu01	Arrêté	Arrêté du 19 juillet 1999 autorisant la mutation partielle d'une concession de mines de sels de sodium et substances connexes	JORFTEXT000000560545	ECOI9900395A	https://www.legifrance.gouv.fr/affichTexte.do?cidTexte=JORFTEXT000000560545	\N	m-cxx-le-chatelard-1966-mut05-dpu01	\N
m-cxx-le-chatelard-1978-mut05-dex01-e4305e92	m-cxx-le-chatelard-1978-mut05-dex01	Arrêté	Arrêté du 19 juillet 1999 autorisant la mutation partielle d'une concession de mines de sels de sodium et substances connexes	\N	\N	\N	\N	\N	\N
m-cxx-le-chatelard-1978-mut04-dpu01-afa3ade1	m-cxx-le-chatelard-1978-mut04-dpu01	Décret	Décret du 2 mars 1998 autorisant la mutation de la concession de mines de sel de sodium et substances connexes dite « Concession du Châtelard »	JORFTEXT000000555076	ECOI9800149D	https://www.legifrance.gouv.fr/affichTexte.do?cidTexte=JORFTEXT000000555076	\N	\N	\N
m-cxx-le-chatelard-1978-mut04-dex01-efa5df45	m-cxx-le-chatelard-1978-mut04-dex01	Décret	Décret du 2 mars 1998 autorisant la mutation de la concession de mines de sel de sodium et substances connexes dite « Concession du Châtelard »	\N	\N	\N	\N	\N	\N
m-cxx-le-chatelard-1978-mut03-dpu01-d3cb67e1	m-cxx-le-chatelard-1978-mut03-dpu01	Décret	Décret du 24 novembre 1975 autorisant la mutation de la concession de mines de cuivre, plomb, sulfates de cuivre et de fer de Sain-Bel (Rhône) et de la concession de mines de sels de sodium et substances connexes du Châtelard (Drôme) au profit de la Compagnie industrielle et minière.	\N	\N	\N	\N	m-cxx-le-chatelard-1966-mut03-dpu01	\N
m-cxx-le-chatelard-1978-mut03-dex01-c219897f	m-cxx-le-chatelard-1978-mut03-dex01	Décret	Décret du 24 novembre 1975 autorisant la mutation de la concession de mines de cuivre, plomb, sulfates de cuivre et de fer de Sain-Bel (Rhône) et de la concession de mines de sels de sodium et substances connexes du Châtelard (Drôme) au profit de la Compagnie industrielle et minière	\N	\N	\N	\N	\N	\N
m-cxx-le-chatelard-1978-mut02-dpu01-f97ed7aa	m-cxx-le-chatelard-1978-mut02-dpu01	Décret	Décret du 5 avril 1972 autorisant la mutation de la concession de mines de sels de sodium et substances connexes du Châtelard (Drôme) au profit de la Société Rhône-Progil	\N	\N	\N	\N	m-cxx-le-chatelard-1966-mut02-dpu01	\N
m-cxx-le-chatelard-1978-mut02-dex01-4f936f08	m-cxx-le-chatelard-1978-mut02-dex01	Décret	Décret du 5 avril 1972 autorisant la mutation de la concession de mines de sels de sodium et substances connexes du Châtelard (Drôme) au profit de la Société Rhône-Progil	\N	\N	\N	\N	\N	\N
m-cxx-le-chatelard-1978-mut01-dpu01-8887aca0	m-cxx-le-chatelard-1978-mut01-dpu01	Décret	Décret du 5 décembre 1969 autorisant la mutation de propriété de la concession de mines de sels de sodium et substances connexes du Châtelard (Drôme) au profit de la Société financière et industrielle pour l'industrie chimique (Sofichim).	\N	\N	\N	\N	m-cxx-le-chatelard-1966-mut01-dpu01	\N
m-cxx-le-chatelard-1978-mut01-dex01-c0f1d795	m-cxx-le-chatelard-1978-mut01-dex01	Décret	Décret du 5 décembre 1969 autorisant la mutation de propriété de la concession de mines de sels de sodium et substances connexes du Châtelard (Drôme) au profit de la Société financière et industrielle pour l'industrie chimique (Sofichim).	\N	\N	\N	\N	\N	\N
m-cxx-le-chatelard-1978-exp01-dpu01-8ab4e2be	m-cxx-le-chatelard-1978-exp01-dpu01	Décret	Décret du 18 juillet 1969 portant extension de la concession de mines de sels de sodium et substances connexes du Châtelard (Drôme), au profit de la Société Progil	\N	\N	\N	\N	m-cxx-le-chatelard-1966-exp01-dpu01	\N
m-cxx-le-chatelard-1978-exp01-dex01-69886646	m-cxx-le-chatelard-1978-exp01-dex01	Décret	Décret du 18 juillet 1969 portant extension de la concession de mines de sels de sodium et substances connexes du Châtelard (Drôme), au profit de la Société Progil	\N	\N	\N	\N	\N	\N
m-cxx-le-chatelard-1978-oct01-dpu02-bfd226ad	m-cxx-le-chatelard-1978-oct01-dpu02	Décret	Décret du 27 février 1978 modifiant les conditions auxquelles est soumise la concession de mines de sels de sodium et substances connexes du Châtelard (Drôme)	\N	\N	\N	\N	m-cxx-le-chatelard-1966-oct02-dpu01	\N
m-cxx-le-chatelard-1978-oct01-dex02-2b73fa7a	m-cxx-le-chatelard-1978-oct01-dex02	Décret	Décret du 27 février 1978 modifiant les conditions auxquelles est soumise la concession de mines de sels de sodium et substances connexes du Châtelard (Drôme)	\N	\N	\N	\N	\N	\N
m-cxx-le-chatelard-1978-oct01-dpu01-18c9c3b8	m-cxx-le-chatelard-1978-oct01-dpu01	Décret	Décret du 23 juin 1966 instituant la concession de mines de sels de sodium et substances connexes du Châtelard (Drôme) au profit de la Société Progil	\N	\N	\N	\N	m-cxx-le-chatelard-1966-oct01-dpu01	\N
m-cxx-le-chatelard-1978-oct01-dex01-05a735b4	m-cxx-le-chatelard-1978-oct01-dex01	Décret	Dêcret du 23 juin 1966 instituant la concession de mines de sels de sodium et substances connexes du Châtelard (Drôme) au profit de la Société Progil	\N	\N	\N	\N	\N	\N
m-prx-crique-awa-2016-oct01-anf01-1a5cde63	m-prx-crique-awa-2016-oct01-anf01	Avis	Avis de mise en concurence - Demande de permis exclusif de recherches de mines d'or dit « Crique Awa » déposée par la Société Norgold Guiana SAS	JORFTEXT000037308680	\N	https://www.legifrance.gouv.fr/affichTexte.do?cidTexte=JORFTEXT000037308680	\N	\N	\N
m-prx-bonneval-2017-oct01-dpu01-d026505f	m-prx-bonneval-2017-oct01-dpu01	Arrêté	Arrêté du 22 décembre 2016 accordant un permis exclusif de recherches de mines d'or, argent, antimoine et substances connexes dit « Permis Bonneval » à la société Cordier Mines, dans les départements de la Haute-Vienne et de la Dordogne	JORFTEXT000033834947	ECFL1633782A	https://www.legifrance.gouv.fr/affichTexte.do?cidTexte=JORFTEXT000033834947	https://www.legifrance.gouv.fr/eli/arrete/2016/12/22/ECFL1633782A/jo/texte	\N	\N
m-prx-bonneval-2017-oct01-dex01-5c8a320a	m-prx-bonneval-2017-oct01-dex01	Arrêté	Arrêté du 22 décembre 2016 accordant un permis exclusif de recherches de mines d'or, argent, antimoine et substances connexes dit « Permis Bonneval » à la société Cordier Mines, dans les départements de la Haute-Vienne et de la Dordogne	\N	\N	\N	\N	\N	\N
m-cxx-drouville-1894-mut06-dpu01-2fb02118	m-cxx-drouville-1894-mut06-dpu01	Arrêté	Arrêté du 16 juin 1999 autorisant la mutation de concessions minières	JORFTEXT000000379521	ECOI9900344A	https://www.legifrance.gouv.fr/affichTexte.do?cidTexte=JORFTEXT000000379521	\N	\N	\N
m-cxx-drouville-1894-mut06-dex01-5fbe50df	m-cxx-drouville-1894-mut06-dex01	Arrêté	Arrêté du 16 juin 1999 autorisant la mutation de concessions minières	\N	\N	\N	\N	\N	\N
m-cxx-drouville-1894-mut05-dex01-f9acfa8b	m-cxx-drouville-1894-mut05-dex01	Décret	Décret du 29 juin 1982 autorisant la mutation de la concession de mines de sel gemme et sources salées de Drouville (Meurthe-et-Moselle), au profit de la Compagnie des salins du Midi et des salines de l'Est (C.S.M.S.E.)	\N	\N	\N	\N	m-cxx-drouville-1894-mut05-dex01	\N
m-cxx-drouville-1894-mut04-dpu01-9981a3cb	m-cxx-drouville-1894-mut04-dpu01	Décret	Décret du 24 novembre 1975 autorisant la mutation de cinq concessions de mines de sel gemme et de sources salées au profit de la Compagnie industrielle et minière	\N	\N	\N	\N	m-cxx-drouville-1894-mut04-dpu01	\N
m-cxx-drouville-1894-mut04-dex01-dac1368b	m-cxx-drouville-1894-mut04-dex01	Décret	Décret du 24 novembre 1975 autorisant la mutation de cinq concessions de mines de sel gemme et de sources salées au profit de la Compagnie industrielle et minière	\N	\N	\N	\N	\N	\N
m-cxx-drouville-1894-mut03-dpu01-2b938e17	m-cxx-drouville-1894-mut03-dpu01	Décret	Décret du 16 novembre 1970 autorisant la mutation de propriété de cinq concessions de mines de sel gemme et de sources salées au profit de la société Produits chimiques Pechlney-Saint-Gobaln.	\N	\N	\N	\N	m-cxx-drouville-1894-mut03-dpu01	\N
m-cxx-drouville-1894-mut03-dex01-6cff56dc	m-cxx-drouville-1894-mut03-dex01	Décret	Décret du 16 novembre 1970 autorisant la mutation de propriété de cinq concessions de mines de sel gemme et de sources salées au profit de la société Produits chimiques Pechlney-Saint-Gobaln.	\N	\N	\N	\N	\N	\N
m-cxx-drouville-1894-mut02-dpu01-b8068b6c	m-cxx-drouville-1894-mut02-dpu01	Décret	Décret du 12 décembre 1969 autorisant la mutation de propriété de cinq concessions de mines de sel gemme et de sources salées au profit de la compagnie de Saint-Gobain	\N	\N	\N	\N	\N	\N
m-cxx-drouville-1894-mut02-dex01-10441a82	m-cxx-drouville-1894-mut02-dex01	Décret	Décret du 12 décembre 1969 autorisant la mutation de propriété de cinq concessions de mines de sel gemme et de sources salées au profit de la compagnie de Saint-Gobain	\N	\N	\N	\N	\N	\N
m-cxx-drouville-1894-amo02-dpu01-d5b96bca	m-cxx-drouville-1894-amo02-dpu01	Décret	Décret du 13 septembre 1968 autorisant au profit de la Compagnie des salins du Midi la mutation de propriété et le transfert du bénéfice des contrats d'amodiation de concessions de sources salées, de mines de sel gemme et de houille appartenant à la Société salinière de l'Est et du Sud-Ouest.	\N	\N	\N	\N	m-cxx-drouville-1894-amo02-dpu01	\N
m-cxx-drouville-1894-amo02-dex01-3c301663	m-cxx-drouville-1894-amo02-dex01	Décret	Décret du 13 septembre 1968 autorisant au profit de la Compagnie des salins du Midi la mutation de propriété et le transfert du bénéfice des contrats d'amodiation de concessions de sources salées, de mines de sel gemme et de houille appartenant à la Société salinière de l'Est et du Sud-Ouest.	\N	\N	\N	\N	\N	\N
m-cxx-drouville-1894-amo01-dpu01-e54444cd	m-cxx-drouville-1894-amo01-dpu01	Décret	Décret du 13 janvier 1968 autorisant au profit de la Société salinière de l'Est l'amodiation de la concession de mines de sel gemme et sources salées de Drouville (Meurthe-et-Moselle)	\N	\N	\N	\N	m-cxx-drouville-1894-amo01-dpu01	\N
m-cxx-drouville-1894-amo01-dex01-0e90e2e0	m-cxx-drouville-1894-amo01-dex01	Décret	Décret du 13 janvier 1968 autorisant au profit de la Société salinière de l'Est l'amodiation de la concession de mines de sel gemme et sources salées de Drouville (Meurthe-et-Moselle)	\N	\N	\N	\N	\N	\N
m-cxx-drouville-1894-mut01-dpu01-caff92ae	m-cxx-drouville-1894-mut01-dpu01	Décret	Décret n°49-1204 du 23 août 1949 autorisant la mutation et la réunion de concessions de mines	\N	\N	\N	\N	m-cxx-drouville-1894-mut01-dpu01	\N
m-cxx-drouville-1894-mut01-dex01-c8c7502c	m-cxx-drouville-1894-mut01-dex01	Décret	Décret n°49-1204 du 23 août 1949 autorisant la mutation et la réunion de concessions de mines	\N	\N	\N	\N	\N	\N
m-cxx-drouville-1894-oct01-dpu01-a6425b46	m-cxx-drouville-1894-oct01-dpu01	Décret	Décret du 24 novembre 1894 instituant la concession de mines de sel et sources salées de Drouville	\N	\N	\N	\N	m-cxx-drouville-1894-oct01-dpu01	\N
m-cxx-drouville-1894-oct01-dex01-bf0927bb	m-cxx-drouville-1894-oct01-dex01	Décret	Décret du 24 novembre 1894 instituant la concession de mines de sel et sources salées de Drouville	\N	\N	\N	\N	\N	\N
m-prx-orapu-2018-oct01-dpu01-faf377bd	m-prx-orapu-2018-oct01-dpu01	Arrêté	Arrêté du 17 avril 2018 accordant un permis exclusif de recherches de mines d'or et substances connexes (argent, cuivre et zinc) dit « Permis Orapu » (Guyane) à la société par actions simplifiée IAMGOLD France	JORFTEXT000036836927	ECOL1807030A	https://www.legifrance.gouv.fr/affichTexte.do?cidTexte=JORFTEXT000036836927	https://www.legifrance.gouv.fr/eli/arrete/2018/4/17/ECOL1807030A/jo/texte	\N	\N
m-prx-orapu-2018-oct01-dex01-c2dca366	m-prx-orapu-2018-oct01-dex01	Arrêté	Arrêté du 17 avril 2018 accordant un permis exclusif de recherches de mines d'or et substances connexes (argent, cuivre et zinc) dit "Permis Orapu" (Guyane) à la société par actions simplifiée IAMGOLD FRANCE	\N	\N	\N	\N	m-prx-orapu-2018-oct01-dex01	\N
m-axm-auror-2018-oct01-dex01-171bc1c5	m-axm-auror-2018-oct01-dex01	Arrêté	Arrêté autorisant la Société Minière AUROR à exploiter une mine aurifère de type alluvionnaire sur le territoire de la commune de Saint Laurent du Maroni, sur la crique Serpent (AEX n°20-2018)	\N	R03-2018-10-01-007	\N	\N	m-axm-auror-2018-oct01-dex01	\N
m-prx-nem-4-2016-oct01-dpu01-a2ac93da	m-prx-nem-4-2016-oct01-dpu01	Arrêté	Arrêté du 12 janvier 2016 accordant un permis exclusif de recherches de mines d'or, d'argent, de platine, des métaux de la mine de platine, de cuivre, de cérium, de scandium et autres éléments de terres rares, de zinc, de plomb, de chrome, de nickel, de tellure et de diamant dit « Permis NEM 4 » à la société Newmont LaSource dans le département de la Guyane	JORFTEXT000031873208	EINL1532532A	https://www.legifrance.gouv.fr/affichTexte.do?cidTexte=JORFTEXT000031873208	https://www.legifrance.gouv.fr/eli/arrete/2016/1/12/EINL1532532A/jo/texte	\N	\N
m-prx-nem-4-2016-oct01-dex01-1f8cc10d	m-prx-nem-4-2016-oct01-dex01	Arrêté	Arrêté du 12 janvier 2016 accordant un permis exclusif de recherches de mines d'or, d'argent, de platine, des métaux de la mine de platine, de cuivre, de cérium, de scandium et autres éléments de terres rares, de zinc, de plomb, de chrome, de nickel, de tellure et de diamant dit « Permis NEM 4 » à la société Newmont LaSource dans le département de la Guyane	\N	\N	\N	\N	m-prx-nem-4-2016-oct01-dex01	\N
m-prx-nouvelle-esperance-2010-pr101-dpu01-bec49a12	m-prx-nouvelle-esperance-2010-pr101-dpu01	Arrêté	Arrêté du 4 décembre 2015 prolongeant la validité du permis exclusif de recherches de mines d'or et substances connexes attribué à la compagnie minière Espérance dit « Permis Nouvelle Espérance » et réduisant sa surface dans le département de la Guyane	JORFTEXT000031633080	EINL1529428A	https://www.legifrance.gouv.fr/affichTexte.do?cidTexte=JORFTEXT000031633080	https://www.legifrance.gouv.fr/eli/arrete/2015/12/4/EINL1529428A/jo/texte	\N	\N
m-prx-nouvelle-esperance-2010-pr101-dex01-e785320e	m-prx-nouvelle-esperance-2010-pr101-dex01	Arrêté	Arrêté du 4 décembre 2015 prolongeant la validité du permis exclusif de recherches de mines d'or et substances connexes attribué à la compagnie minière Espérance dit « Permis Nouvelle Espérance » et réduisant sa surface dans le département de la Guyane	\N	\N	\N	\N	m-prx-nouvelle-esperance-2010-pr101-dex01	\N
m-prx-nouvelle-esperance-2010-oct01-dpu01-85a39c8a	m-prx-nouvelle-esperance-2010-oct01-dpu01	Arrêté	Arrêté du 18 octobre 2010 accordant à la Compagnie minière Espérance un permis exclusif de recherches de mines d'or et substances connexes	JORFTEXT000023001760	DEVO1024665A	https://www.legifrance.gouv.fr/affichTexte.do?cidTexte=JORFTEXT000023001760	https://www.legifrance.gouv.fr/eli/arrete/2010/10/18/DEVO1024665A/jo/texte	\N	\N
m-prx-nouvelle-esperance-2010-oct01-dex01-7bea64c3	m-prx-nouvelle-esperance-2010-oct01-dex01	Arrêté	Arrêté du 18 octobre 2010 accordant le permis exclusif de recherches de mines d'or et substances connexes dit "Permis Nouvelle Espérance" à la Compagnie Minière Espérance (Guyane)	\N	\N	\N	\N	m-prx-nouvelle-esperance-2010-oct01-dex01	\N
w-cxx-les-duons-2011-oct01-dpu01-946311ab	w-cxx-les-duons-2011-oct01-dpu01	Décret	Décret du 19 juillet 2011 accordant la concession de sables coquilliers dite « Concession des Duons », au large des côtes du département du Finistère, à la Compagnie armoricaine de navigation	JORFTEXT000024382365	EFIL1106622D	https://www.legifrance.gouv.fr/affichTexte.do?cidTexte=JORFTEXT000024382365	https://www.legifrance.gouv.fr/eli/decret/2011/7/19/EFIL1106622D/jo/texte	\N	\N
w-cxx-les-duons-2011-oct01-dex01-447756fe	w-cxx-les-duons-2011-oct01-dex01	Décret	Décret du 19 juillet 2011 accordant la concession de sables coquilliers dite « Concession des Duons », au large des côtes du département du Finistère, à la Compagnie armoricaine de navigation	\N	EFIL1106622D	\N	\N	\N	\N
w-cxx-le-minou-2011-oct01-dpu01-04fg5d8	w-cxx-le-minou-2011-oct01-dpu01	Décret	Décret du 8 juillet 2011 accordant la concession de sables coquilliers dite « Concession du Minou » au large des côtes du département du Finistère à la société Quemeneur	JORFTEXT000024327365	EFIL1106625D	https://www.legifrance.gouv.fr/affichTexte.do?cidTexte=JORFTEXT000024327365	https://www.legifrance.gouv.fr/eli/decret/2011/7/8/EFIL1106625D/jo/texte	\N	\N
w-cxx-le-minou-2011-oct01-dex01-045635d7	w-cxx-le-minou-2011-oct01-dex01	Décret	Décret du 8 juillet 2011 accordant la concession de sables coquilliers dite « Concession du Minou » au large des côtes du département du Finistère à la société Quemeneur	\N	EFIL1106625D	\N	\N	\N	\N
\.


--
-- Data for Name: titres_emprises; Type: TABLE DATA; Schema: public; Owner: postgres
--

COPY public.titres_emprises (titre_etape_id, emprise_id) FROM stdin;
g-cxx-soultz-2015-oct01-dpu01	ter
g-cxx-soultz-2015-oct01-dex01	ter
g-cxx-bouillante-2009-oct01-dpu01	ter
g-cxx-bouillante-2009-oct01-dex01	ter
w-cxx-les-duons-2011-oct01-dpu01	mer
w-cxx-les-duons-2011-oct01-dex01	mer
w-cxx-le-minou-2011-oct01-dpu01	mer
w-cxx-le-minou-2011-oct01-dex01	mer
\.


--
-- Data for Name: titres_etapes; Type: TABLE DATA; Schema: public; Owner: postgres
--

COPY public.titres_etapes (id, titre_demarche_id, type_id, statut_id, ordre, date, date_debut, date_fin, duree, surface, volume, volume_unite_id, visas, engagement, engagement_devise_id, source_indisponible, contenu) FROM stdin;
g-prx-saleve-2013-oct01-men01	g-prx-saleve-2013-oct01	men	fai	2	2013-05-13	\N	\N	\N	497	\N	\N	\N	\N	\N	\N	\N
g-prx-saleve-2013-oct01-mfr01	g-prx-saleve-2013-oct01	mfr	fai	1	2013-04-22	\N	\N	\N	497	\N	\N	\N	\N	\N	\N	\N
g-cxx-soultz-2015-oct01-dpu01	g-cxx-soultz-2015-oct01	dpu	acc	2	2015-09-24	\N	2040-09-24	300	23.4200001	\N	\N	\N	\N	\N	\N	\N
g-cxx-soultz-2015-oct01-dex01	g-cxx-soultz-2015-oct01	dex	acc	1	2015-09-22	\N	2040-09-24	300	23.4200001	\N	\N	\N	\N	\N	\N	\N
g-cxx-bouillante-2009-oct01-dpu01	g-cxx-bouillante-2009-oct01	dpu	acc	2	2009-06-19	\N	2050-04-30	600	24	\N	\N	\N	\N	\N	\N	\N
g-cxx-bouillante-2009-oct01-dex01	g-cxx-bouillante-2009-oct01	dex	acc	1	2009-06-17	\N	2050-04-30	600	24	\N	\N	\N	\N	\N	\N	\N
h-cxx-pezarches-1998-mut01-dpu01	h-cxx-pezarches-1998-mut01	dpu	acc	2	2001-03-09	\N	\N	\N	\N	\N	\N	\N	\N	\N	\N	\N
h-cxx-pezarches-1998-mut01-dex01	h-cxx-pezarches-1998-mut01	dex	acc	1	2001-02-28	\N	\N	\N	\N	\N	\N	\N	\N	\N	\N	\N
h-cxx-pezarches-1998-oct01-dpu01	h-cxx-pezarches-1998-oct01	dpu	acc	3	1998-05-07	\N	\N	\N	\N	\N	\N	\N	\N	\N	\N	\N
h-cxx-pezarches-1998-oct01-dex01	h-cxx-pezarches-1998-oct01	dex	acc	2	1998-04-30	\N	\N	300	9.30000019	\N	\N	{"Vu le décret du 9 novembre 1988 accordant aux sociétés Enterprise Oil Exploration Limited et Du Pont Conoco Technologies (France SA) et à la Société nationale Elf Aquitaine (Production), conjointes et solidaires, un permis exclusif de recherches d'hydrocarbures liquides ou gazeux, dit « Permis de Beautheil », portant sur partie du département de Seine-et-Marne, ensemble les décrets du 25 novembre 1993 et du 6 janvier 1995, le premier prolongeant la validité dudit permis jusqu'au 13 novembre 1996 et le second autorisant, notamment, sa mutation au profit de la société Elf Aquitaine Production","Vu l'arrêté du 5 janvier 1994 accordant aux sociétés Elf Aquitaine Production et Du Pont Conoco Technologies (France) SA, conjointes et solidaires, un permis d'exploitation de mines d'hydrocarbures liquides ou gazeux, dit « Permis d'exploitation de La Vignotte », portant sur partie du département de Seine-et-Marne","Vu la demande du 27 décembre 1994 par laquelle la société Elf Aquitaine Production, dont le siège social est à Courbevoie (Hauts-de-Seine), tour Elf, 2, place de la Coupole, et la société Du Pont de Nemours (France) SA, dont le siège social est à Paris (7e), 137, rue de l'Université, sollicitent, pour une durée de vingt-cinq ans et au seul profit de la société Elf Aquitaine Production, une concession de mines d'hydrocarbures liquides ou gazeux, dite « Concession de Pézarches », portant sur 9,3 kilomètres carrés du département de Seine-et-Marne","Vu les mémoires, engagements, plans, pouvoirs et autres pièces produits à l'appui de cette demande","Vu les pièces de l'enquête publique à laquelle ladite demande a été soumise du 1er au 30 septembre 1995, inclus","Vu le rapport et l'avis du directeur régional de l'industrie, de la recherche et de l'environnement d'Ile-de-France en date du 21 décembre 1995","Vu l'avis du préfet de Seine-et-Marne en date du 27 décembre 1995","Vu l'avis du Conseil général des mines en date du 8 décembre 1997",""}	\N	\N	\N	\N
h-cxx-pezarches-1998-oct01-mfr01	h-cxx-pezarches-1998-oct01	mfr	fai	1	1994-12-27	\N	\N	\N	\N	\N	\N	\N	\N	\N	\N	\N
h-cxx-la-croix-blanche-1994-pro01-men01	h-cxx-la-croix-blanche-1994-pro01	men	fai	2	2017-02-14	\N	\N	\N	\N	\N	\N	\N	\N	\N	\N	\N
h-cxx-la-croix-blanche-1994-pro01-mfr01	h-cxx-la-croix-blanche-1994-pro01	mfr	fai	1	2017-02-10	\N	\N	300	\N	\N	\N	\N	\N	\N	\N	\N
h-cxx-la-croix-blanche-1994-mut02-dpu01	h-cxx-la-croix-blanche-1994-mut02	dpu	acc	2	2013-10-26	\N	\N	\N	\N	\N	\N	\N	\N	\N	\N	\N
h-cxx-la-croix-blanche-1994-mut02-dex01	h-cxx-la-croix-blanche-1994-mut02	dex	acc	1	2013-10-21	\N	\N	\N	\N	\N	\N	\N	\N	\N	\N	\N
h-cxx-la-croix-blanche-1994-mut01-dpu01	h-cxx-la-croix-blanche-1994-mut01	dpu	acc	2	1999-09-11	\N	\N	\N	\N	\N	\N	\N	\N	\N	\N	\N
h-cxx-la-croix-blanche-1994-mut01-dex01	h-cxx-la-croix-blanche-1994-mut01	dex	acc	1	1999-09-02	\N	\N	\N	\N	\N	\N	\N	\N	\N	\N	\N
h-cxx-la-croix-blanche-1994-oct01-dpu01	h-cxx-la-croix-blanche-1994-oct01	dpu	acc	3	1994-02-12	\N	\N	\N	\N	\N	\N	\N	\N	\N	\N	\N
h-cxx-la-croix-blanche-1994-oct01-dex01	h-cxx-la-croix-blanche-1994-oct01	dex	acc	2	1994-02-07	\N	\N	300	14.6000004	\N	\N	{"Vu l'arrêté du 12 juillet 1989 accordant à la Société nationale Elf-Aquitaine (Production), à la société BP France et à la Société française de développement pétrolier BP, conjointes et solidaires, un permis d'exploitation de mines d'hydrocarbures liquides ou gazeux, dit « Permis d'exploitation de Vert-le-Grand », d'une superficie de 26,57 kilomètres carrés environ, portant sur partie du département de l'Essonne","Vu la pétition du 27 février 1987 par laquelle la Société nationale Elf-Aquitaine (Production) (S.N.E.A.[P.]), dont le siège social est à Courbevoie (Hauts-de-Seine), la Société française des pétroles BP (S.F.P.-BP) et la Société française de développement pétrolier BP (S.F.D.P.-BP), dont les sièges sociaux sont à Courbevoie (Hauts-de-Seine), 10, quai Paul-Doumer,conjointes et solidaires, sollicitent, pour une durée de vingt-cinq ans, une concession de mines d'hydrocarbures liquides ou gazeux, dite « Concession de Vert-le-Grand », portant sur 47,83 kilomètres carrés environ du département de l'Essonne, ensemble la lettre du 30 avril 1987, par laquelle la société BP France fait connaître le changement de dénomination de la Société française des pétroles BP en BP France","Vu la lettre du 8 mars 1989 portant désistement des sociétés S.N.E.A. (P),BP France et S.F.D.P.-BP des surfaces extérieures sollicitées par la pétition du 27 février 1987 susvisée, ensemble la lettre du 10 juillet 1990 par laquelle la société BP France, susmentionnée, confirme la cession, au profit de la S.N.E.A. (P), à compter du 1er juillet 1990, de l'ensemble des activités exploration-production du groupe BP en France","Vu les mémoires, engagements plans, pouvoirs et autres pièces produits à l'appui de cette pétition","Vu les pièces de l'enquête publique à laquelle ladite pétition a été soumise, du 7 décembre 1988 au 6 janvier 1989 inclus","Vu les rapport et avis du directeur régional de l'industrie, de la recherche et de l'environnement d'Ile-de-France en date du 24 mars 1989","Vu l'avis du préfet de l'Essonne en date du 11 avril 1989","Vu l'avis du Conseil général des mines en date du 3 mai 1993",""}	\N	\N	\N	\N
h-cxx-la-croix-blanche-1994-oct01-mfr01	h-cxx-la-croix-blanche-1994-oct01	mfr	fai	1	1987-02-27	\N	\N	\N	\N	\N	\N	\N	\N	\N	\N	\N
m-axm-crique-nelson-2018-oct01-dex01	m-axm-crique-nelson-2018-oct01	dex	acc	1	2018-10-01	\N	2022-09-30	48	1	\N	\N	\N	\N	\N	\N	\N
m-cxx-cerville-buissoncourt-1962-pro01-dpu01	m-cxx-cerville-buissoncourt-1962-pro01	dpu	acc	2	2019-04-14	\N	2043-12-31	\N	\N	\N	\N	\N	\N	\N	\N	\N
m-cxx-cerville-buissoncourt-1962-pro01-dex01	m-cxx-cerville-buissoncourt-1962-pro01	dex	acc	1	2019-04-12	\N	\N	\N	\N	\N	\N	\N	\N	\N	\N	\N
m-cxx-cerville-buissoncourt-1962-oct01-dpu02	m-cxx-cerville-buissoncourt-1962-oct01	dpu	acc	3	1962-07-21	\N	\N	\N	5.9000001	\N	\N	\N	\N	\N	\N	\N
m-cxx-cerville-buissoncourt-1962-oct01-dpu01	m-cxx-cerville-buissoncourt-1962-oct01	dpu	acc	2	1962-07-03	\N	\N	\N	\N	\N	\N	\N	\N	\N	\N	\N
m-cxx-cerville-buissoncourt-1962-oct01-dex01	m-cxx-cerville-buissoncourt-1962-oct01	dex	acc	1	1962-06-23	\N	\N	\N	\N	\N	\N	\N	\N	\N	\N	\N
m-cxx-le-chatelard-1978-pro01-rco01	m-cxx-le-chatelard-1978-pro01	rco	fai	4	2019-04-03	\N	\N	\N	\N	\N	\N	\N	\N	\N	\N	\N
m-cxx-le-chatelard-1978-pro01-mcr01	m-cxx-le-chatelard-1978-pro01	mcr	acc	3	2017-11-20	\N	\N	\N	\N	\N	\N	\N	\N	\N	\N	\N
m-cxx-le-chatelard-1978-pro01-men01	m-cxx-le-chatelard-1978-pro01	men	fai	2	2016-12-15	\N	\N	\N	\N	\N	\N	\N	\N	\N	\N	\N
m-cxx-le-chatelard-1978-pro01-mfr01	m-cxx-le-chatelard-1978-pro01	mfr	fai	1	2016-12-14	\N	\N	\N	\N	\N	\N	\N	\N	\N	\N	\N
m-cxx-le-chatelard-1978-mut06-dpu01	m-cxx-le-chatelard-1978-mut06	dpu	acc	2	2009-06-16	\N	\N	\N	\N	\N	\N	\N	\N	\N	\N	\N
m-cxx-le-chatelard-1978-mut06-dex01	m-cxx-le-chatelard-1978-mut06	dex	acc	1	2009-06-03	\N	\N	\N	\N	\N	\N	\N	\N	\N	\N	\N
m-cxx-le-chatelard-1978-mut05-dpu01	m-cxx-le-chatelard-1978-mut05	dpu	acc	2	1999-10-06	\N	\N	\N	20.7000008	\N	\N	\N	\N	\N	\N	\N
m-cxx-le-chatelard-1978-mut05-dex01	m-cxx-le-chatelard-1978-mut05	dex	acc	1	1999-07-19	\N	\N	\N	\N	\N	\N	\N	\N	\N	\N	\N
m-cxx-le-chatelard-1978-mut04-dpu01	m-cxx-le-chatelard-1978-mut04	dpu	acc	2	1998-03-07	\N	2018-12-31	\N	\N	\N	\N	\N	\N	\N	\N	\N
m-cxx-le-chatelard-1978-mut04-dex01	m-cxx-le-chatelard-1978-mut04	dex	acc	1	1998-03-02	\N	\N	\N	\N	\N	\N	\N	\N	\N	\N	\N
m-cxx-le-chatelard-1978-mut03-dpu01	m-cxx-le-chatelard-1978-mut03	dpu	acc	2	1975-11-27	\N	\N	\N	\N	\N	\N	\N	\N	\N	\N	\N
m-cxx-le-chatelard-1978-mut03-dex01	m-cxx-le-chatelard-1978-mut03	dex	acc	1	1975-11-24	\N	\N	\N	\N	\N	\N	\N	\N	\N	\N	\N
m-cxx-le-chatelard-1978-mut02-dpu01	m-cxx-le-chatelard-1978-mut02	dpu	acc	2	1972-04-11	\N	\N	\N	\N	\N	\N	\N	\N	\N	\N	\N
m-cxx-le-chatelard-1978-mut02-dex01	m-cxx-le-chatelard-1978-mut02	dex	acc	1	1972-04-05	\N	\N	\N	\N	\N	\N	\N	\N	\N	\N	\N
m-cxx-le-chatelard-1978-mut01-dpu01	m-cxx-le-chatelard-1978-mut01	dpu	acc	2	1969-12-17	\N	\N	\N	\N	\N	\N	\N	\N	\N	\N	\N
m-cxx-le-chatelard-1978-mut01-dex01	m-cxx-le-chatelard-1978-mut01	dex	acc	1	1969-12-05	\N	\N	\N	\N	\N	\N	\N	\N	\N	\N	\N
m-cxx-le-chatelard-1978-exp01-dpu01	m-cxx-le-chatelard-1978-exp01	dpu	acc	2	1969-07-25	\N	\N	\N	23.3899994	\N	\N	\N	\N	\N	\N	\N
m-cxx-le-chatelard-1978-exp01-dex01	m-cxx-le-chatelard-1978-exp01	dex	acc	1	1969-07-18	\N	\N	\N	\N	\N	\N	\N	\N	\N	\N	\N
m-cxx-le-chatelard-1978-oct01-dpu02	m-cxx-le-chatelard-1978-oct01	dpu	acc	4	1978-03-07	\N	\N	\N	\N	\N	\N	\N	\N	\N	\N	\N
m-cxx-le-chatelard-1978-oct01-dex02	m-cxx-le-chatelard-1978-oct01	dex	acc	3	1978-02-27	\N	\N	\N	\N	\N	\N	\N	\N	\N	\N	\N
m-cxx-le-chatelard-1978-oct01-dpu01	m-cxx-le-chatelard-1978-oct01	dpu	acc	2	1966-06-30	\N	\N	\N	5.76000023	\N	\N	\N	\N	\N	\N	\N
m-cxx-le-chatelard-1978-oct01-dex01	m-cxx-le-chatelard-1978-oct01	dex	acc	1	1966-06-23	\N	\N	\N	\N	\N	\N	\N	\N	\N	\N	\N
m-prx-crique-awa-2016-oct01-anf01	m-prx-crique-awa-2016-oct01	anf	fai	4	2018-08-11	\N	\N	60	184.240005	\N	\N	\N	\N	\N	\N	\N
m-prx-crique-awa-2016-oct01-rco01	m-prx-crique-awa-2016-oct01	rco	fai	3	2017-04-25	\N	\N	\N	\N	\N	\N	\N	\N	\N	\N	\N
m-prx-crique-awa-2016-oct01-men01	m-prx-crique-awa-2016-oct01	men	fai	2	2016-10-26	\N	\N	\N	\N	\N	\N	\N	\N	\N	\N	\N
m-prx-crique-awa-2016-oct01-mfr01	m-prx-crique-awa-2016-oct01	mfr	fai	1	2016-10-18	\N	\N	60	184.270004	\N	\N	\N	\N	\N	\N	\N
m-prx-bonneval-2017-oct01-dpu01	m-prx-bonneval-2017-oct01	dpu	acc	2	2017-07-01	\N	\N	60	261	\N	\N	\N	4696230	EUR	\N	\N
m-prx-bonneval-2017-oct01-dex01	m-prx-bonneval-2017-oct01	dex	acc	1	2016-12-22	\N	\N	60	261	\N	\N	\N	4696230	EUR	\N	\N
m-cxx-drouville-1894-pro01-men01	m-cxx-drouville-1894-pro01	men	fai	2	2016-12-16	\N	\N	\N	\N	\N	\N	\N	\N	\N	\N	\N
m-cxx-drouville-1894-pro01-mfr01	m-cxx-drouville-1894-pro01	mfr	fai	1	2016-12-01	\N	\N	300	4.66699982	\N	\N	\N	\N	\N	\N	\N
m-cxx-drouville-1894-mut06-dpu01	m-cxx-drouville-1894-mut06	dpu	acc	2	1999-07-27	\N	\N	\N	\N	\N	\N	\N	\N	\N	\N	\N
m-cxx-drouville-1894-mut06-dex01	m-cxx-drouville-1894-mut06	dex	acc	1	1999-06-16	\N	\N	\N	\N	\N	\N	\N	\N	\N	\N	\N
m-cxx-drouville-1894-mut05-dpu01	m-cxx-drouville-1894-mut05	dpu	acc	2	1982-07-04	\N	\N	\N	\N	\N	\N	\N	\N	\N	\N	\N
m-cxx-drouville-1894-mut05-dex01	m-cxx-drouville-1894-mut05	dex	acc	1	1982-06-29	\N	\N	\N	\N	\N	\N	\N	\N	\N	\N	\N
m-cxx-drouville-1894-mut04-dpu01	m-cxx-drouville-1894-mut04	dpu	acc	2	1975-11-27	\N	\N	\N	\N	\N	\N	\N	\N	\N	\N	\N
m-cxx-drouville-1894-mut04-dex01	m-cxx-drouville-1894-mut04	dex	acc	1	1975-11-24	\N	\N	\N	\N	\N	\N	\N	\N	\N	\N	\N
m-cxx-drouville-1894-mut03-dpu01	m-cxx-drouville-1894-mut03	dpu	acc	2	1970-11-19	\N	\N	\N	\N	\N	\N	\N	\N	\N	\N	\N
m-cxx-drouville-1894-mut03-dex01	m-cxx-drouville-1894-mut03	dex	acc	1	1970-11-16	\N	\N	\N	\N	\N	\N	\N	\N	\N	\N	\N
m-cxx-drouville-1894-mut02-dpu01	m-cxx-drouville-1894-mut02	dpu	acc	2	1969-12-12	\N	\N	\N	\N	\N	\N	\N	\N	\N	\N	\N
m-cxx-drouville-1894-mut02-dex01	m-cxx-drouville-1894-mut02	dex	acc	1	1969-12-12	\N	\N	\N	\N	\N	\N	\N	\N	\N	\N	\N
m-cxx-drouville-1894-amo02-dpu01	m-cxx-drouville-1894-amo02	dpu	acc	2	1968-09-15	\N	\N	\N	\N	\N	\N	\N	\N	\N	\N	\N
m-cxx-drouville-1894-amo02-dex01	m-cxx-drouville-1894-amo02	dex	acc	1	1968-09-13	\N	\N	\N	\N	\N	\N	\N	\N	\N	\N	\N
m-cxx-drouville-1894-amo01-dpu01	m-cxx-drouville-1894-amo01	dpu	acc	2	1968-01-21	\N	\N	\N	\N	\N	\N	\N	\N	\N	\N	\N
m-cxx-drouville-1894-amo01-dex01	m-cxx-drouville-1894-amo01	dex	acc	1	1968-01-13	\N	\N	\N	\N	\N	\N	\N	\N	\N	\N	\N
m-cxx-drouville-1894-mut01-dpu01	m-cxx-drouville-1894-mut01	dpu	acc	2	1949-08-31	\N	\N	\N	\N	\N	\N	\N	\N	\N	\N	\N
m-cxx-drouville-1894-mut01-dex01	m-cxx-drouville-1894-mut01	dex	acc	1	1949-08-23	\N	\N	\N	\N	\N	\N	\N	\N	\N	\N	\N
m-cxx-drouville-1894-oct01-dpu01	m-cxx-drouville-1894-oct01	dpu	acc	2	1894-11-24	\N	\N	\N	\N	\N	\N	\N	\N	\N	\N	\N
m-cxx-drouville-1894-oct01-dex01	m-cxx-drouville-1894-oct01	dex	acc	1	1894-11-24	\N	\N	\N	\N	\N	\N	\N	\N	\N	\N	\N
m-prx-orapu-2018-oct01-dpu01	m-prx-orapu-2018-oct01	dpu	acc	2	2018-04-26	\N	\N	36	6.69999981	\N	\N	\N	150000	EUR	\N	\N
m-prx-orapu-2018-oct01-dex01	m-prx-orapu-2018-oct01	dex	acc	1	2018-04-17	\N	\N	\N	6.69999981	\N	\N	\N	150000	EUR	\N	\N
m-axm-auror-2018-oct01-dex01	m-axm-auror-2018-oct01	dex	acc	1	2018-10-01	\N	2022-09-30	48	1	\N	\N	\N	\N	\N	\N	\N
m-prx-nem-4-2016-oct01-dpu01	m-prx-nem-4-2016-oct01	dpu	acc	2	2016-01-20	\N	2021-01-20	60	155.009995	\N	\N	\N	1773800	EUR	\N	\N
m-prx-nem-4-2016-oct01-dex01	m-prx-nem-4-2016-oct01	dex	acc	1	2016-01-12	\N	\N	\N	\N	\N	\N	\N	\N	\N	\N	\N
m-prx-nouvelle-esperance-2010-mut01-men01	m-prx-nouvelle-esperance-2010-mut01	men	fai	2	2019-05-06	\N	\N	\N	\N	\N	\N	\N	\N	\N	\N	\N
m-prx-nouvelle-esperance-2010-mut01-mfr01	m-prx-nouvelle-esperance-2010-mut01	mfr	fai	1	2019-05-02	\N	\N	\N	\N	\N	\N	\N	\N	\N	\N	\N
m-prx-nouvelle-esperance-2010-pr201-men01	m-prx-nouvelle-esperance-2010-pr201	men	fai	2	2018-07-04	\N	\N	\N	\N	\N	\N	\N	\N	\N	\N	\N
m-prx-nouvelle-esperance-2010-pr201-mfr01	m-prx-nouvelle-esperance-2010-pr201	mfr	fai	1	2018-06-29	\N	\N	60	127.699997	\N	\N	\N	2060000	EUR	\N	\N
m-prx-nouvelle-esperance-2010-pr101-dpu01	m-prx-nouvelle-esperance-2010-pr101	dpu	acc	2	2015-12-17	\N	2018-11-05	\N	127.699997	\N	\N	\N	985600	EUR	\N	\N
m-prx-nouvelle-esperance-2010-pr101-dex01	m-prx-nouvelle-esperance-2010-pr101	dex	acc	1	2015-12-04	\N	\N	\N	\N	\N	\N	\N	\N	\N	\N	\N
m-prx-nouvelle-esperance-2010-oct01-dpu01	m-prx-nouvelle-esperance-2010-oct01	dpu	acc	2	2010-11-05	\N	\N	36	175	\N	\N	\N	794000	EUR	\N	\N
m-prx-nouvelle-esperance-2010-oct01-dex01	m-prx-nouvelle-esperance-2010-oct01	dex	acc	1	2010-10-18	\N	\N	\N	174	\N	\N	\N	794000	EUR	\N	\N
w-cxx-les-duons-2011-oct01-dpu01	w-cxx-les-duons-2011-oct01	dpu	acc	2	2011-07-21	\N	\N	300	0.180000007	\N	\N	\N	\N	\N	\N	\N
w-cxx-les-duons-2011-oct01-dex01	w-cxx-les-duons-2011-oct01	dex	acc	1	2011-07-19	\N	\N	300	0.180000007	\N	\N	\N	\N	\N	\N	\N
w-cxx-le-minou-2011-oct01-dpu01	w-cxx-le-minou-2011-oct01	dpu	acc	2	2011-07-10	\N	\N	240	0.0599999987	\N	\N	\N	\N	\N	\N	\N
w-cxx-le-minou-2011-oct01-dex01	w-cxx-le-minou-2011-oct01	dex	acc	1	2011-07-08	\N	\N	240	0.0599999987	\N	\N	\N	\N	\N	\N	\N
\.


--
-- Data for Name: titres_incertitudes; Type: TABLE DATA; Schema: public; Owner: postgres
--

COPY public.titres_incertitudes (titre_etape_id, date, date_debut, date_fin, duree, surface, volume, engagement, points, substances, titulaires, amodiataires, administrations) FROM stdin;
m-cxx-drouville-1894-oct01-dpu01	\N	\N	\N	\N	\N	\N	\N	t	\N	\N	\N	\N
\.


--
-- Data for Name: titres_phases; Type: TABLE DATA; Schema: public; Owner: postgres
--

COPY public.titres_phases (titre_demarche_id, statut_id, date_debut, date_fin) FROM stdin;
g-cxx-soultz-2015-oct01	val	2015-09-24	2040-09-24
g-cxx-bouillante-2009-oct01	val	2009-06-19	2050-04-30
h-cxx-pezarches-1998-oct01	val	1998-05-07	2023-05-07
h-cxx-la-croix-blanche-1994-oct01	ech	1994-02-12	2019-02-12
m-axm-crique-nelson-2018-oct01	val	2018-10-01	2022-09-30
m-cxx-cerville-buissoncourt-1962-pro01	val	2018-12-31	2043-12-31
m-cxx-cerville-buissoncourt-1962-oct01	ech	1962-07-03	2018-12-31
m-cxx-le-chatelard-1978-oct01	ech	1966-06-30	2018-12-31
m-prx-bonneval-2017-oct01	val	2017-07-01	2022-07-01
m-cxx-drouville-1894-oct01	ech	1894-11-24	2018-12-31
m-prx-orapu-2018-oct01	val	2018-04-26	2021-04-26
m-axm-auror-2018-oct01	val	2018-10-01	2022-09-30
m-prx-nem-4-2016-oct01	val	2016-01-20	2021-01-20
m-prx-nouvelle-esperance-2010-pr101	ech	2013-11-05	2018-11-05
m-prx-nouvelle-esperance-2010-oct01	ech	2010-11-05	2013-11-05
w-cxx-les-duons-2011-oct01	val	2011-07-21	2036-07-21
w-cxx-le-minou-2011-oct01	val	2011-07-10	2031-07-10
\.


--
-- Data for Name: titres_points; Type: TABLE DATA; Schema: public; Owner: postgres
--

COPY public.titres_points (id, titre_etape_id, coordonnees, groupe, contour, point, nom, description, securite) FROM stdin;
g-prx-saleve-2013-oct01-mfr01-g01-c01-p001	g-prx-saleve-2013-oct01-mfr01	(6.31009670032524994,46.2437069286490967)	1	1	1	1	\N	\N
g-prx-saleve-2013-oct01-mfr01-g01-c01-p002	g-prx-saleve-2013-oct01-mfr01	(6.36151507078344025,46.2366926812404984)	1	1	2	2	\N	\N
g-prx-saleve-2013-oct01-mfr01-g01-c01-p003	g-prx-saleve-2013-oct01-mfr01	(6.34341845309135,46.1768318984128996)	1	1	3	3	\N	\N
g-prx-saleve-2013-oct01-mfr01-g01-c01-p004	g-prx-saleve-2013-oct01-mfr01	(6.43446273925404011,46.1465052904125983)	1	1	4	4	\N	\N
g-prx-saleve-2013-oct01-mfr01-g01-c01-p005	g-prx-saleve-2013-oct01-mfr01	(6.42957684790429962,46.0543651301140002)	1	1	5	5	\N	\N
g-prx-saleve-2013-oct01-mfr01-g01-c01-p006	g-prx-saleve-2013-oct01-mfr01	(6.13034242812125996,46.0519427479214016)	1	1	6	6	\N	\N
g-prx-saleve-2013-oct01-mfr01-g01-c01-p007	g-prx-saleve-2013-oct01-mfr01	(5.88686812659317038,46.0857049783332968)	1	1	7	7	\N	\N
g-prx-saleve-2013-oct01-mfr01-g01-c01-p008	g-prx-saleve-2013-oct01-mfr01	(5.89079698262220042,46.0878152371742971)	1	1	8	8	\N	\N
g-prx-saleve-2013-oct01-mfr01-g01-c01-p009	g-prx-saleve-2013-oct01-mfr01	(5.89345703813688981,46.0954680157607015)	1	1	9	9	\N	\N
g-prx-saleve-2013-oct01-mfr01-g01-c01-p010	g-prx-saleve-2013-oct01-mfr01	(5.89192573055102997,46.1005865756398023)	1	1	10	10	\N	\N
g-prx-saleve-2013-oct01-mfr01-g01-c01-p011	g-prx-saleve-2013-oct01-mfr01	(5.88546701329207966,46.1069950370535011)	1	1	11	11	\N	\N
g-prx-saleve-2013-oct01-mfr01-g01-c01-p012	g-prx-saleve-2013-oct01-mfr01	(5.88619234240092037,46.1095744716176981)	1	1	12	12	\N	\N
g-prx-saleve-2013-oct01-mfr01-g01-c01-p013	g-prx-saleve-2013-oct01-mfr01	(5.89302864003550031,46.1189243518545027)	1	1	13	13	\N	\N
g-prx-saleve-2013-oct01-mfr01-g01-c01-p014	g-prx-saleve-2013-oct01-mfr01	(5.90410072841754019,46.1207007910928013)	1	1	14	14	\N	\N
g-prx-saleve-2013-oct01-mfr01-g01-c01-p015	g-prx-saleve-2013-oct01-mfr01	(5.91767882817449031,46.1298630858372007)	1	1	15	15	\N	\N
g-prx-saleve-2013-oct01-mfr01-g01-c01-p016	g-prx-saleve-2013-oct01-mfr01	(5.92090610135833018,46.1310753088708978)	1	1	16	16	\N	\N
g-prx-saleve-2013-oct01-mfr01-g01-c01-p017	g-prx-saleve-2013-oct01-mfr01	(5.92439783422284982,46.1305950931878002)	1	1	17	17	\N	\N
g-prx-saleve-2013-oct01-mfr01-g01-c01-p018	g-prx-saleve-2013-oct01-mfr01	(5.92637476076048042,46.1285418906569973)	1	1	18	18	\N	\N
g-prx-saleve-2013-oct01-mfr01-g01-c01-p019	g-prx-saleve-2013-oct01-mfr01	(5.93695317997356042,46.1286562118524017)	1	1	19	19	\N	\N
g-prx-saleve-2013-oct01-mfr01-g01-c01-p020	g-prx-saleve-2013-oct01-mfr01	(5.94732205938339042,46.1281808645616991)	1	1	20	20	\N	\N
g-prx-saleve-2013-oct01-mfr01-g01-c01-p021	g-prx-saleve-2013-oct01-mfr01	(5.95606751364350018,46.132098620216702)	1	1	21	21	\N	\N
g-prx-saleve-2013-oct01-mfr01-g01-c01-p022	g-prx-saleve-2013-oct01-mfr01	(5.95605357029799976,46.1320897801795979)	1	1	22	22	\N	\N
g-prx-saleve-2013-oct01-mfr01-g01-c01-p023	g-prx-saleve-2013-oct01-mfr01	(5.96092183262040987,46.1303033964649032)	1	1	23	23	\N	\N
g-prx-saleve-2013-oct01-mfr01-g01-c01-p024	g-prx-saleve-2013-oct01-mfr01	(5.96527910022544994,46.1295867340335022)	1	1	24	24	\N	\N
g-prx-saleve-2013-oct01-mfr01-g01-c01-p025	g-prx-saleve-2013-oct01-mfr01	(5.97012334666569,46.1319085524394978)	1	1	25	25	\N	\N
g-prx-saleve-2013-oct01-mfr01-g01-c01-p026	g-prx-saleve-2013-oct01-mfr01	(5.97635043990513992,46.1326357784015997)	1	1	26	26	\N	\N
g-prx-saleve-2013-oct01-mfr01-g01-c01-p027	g-prx-saleve-2013-oct01-mfr01	(5.98036310463283005,46.1358744679506003)	1	1	27	27	\N	\N
g-prx-saleve-2013-oct01-mfr01-g01-c01-p028	g-prx-saleve-2013-oct01-mfr01	(5.9821581394561596,46.1371497463360996)	1	1	28	28	\N	\N
g-prx-saleve-2013-oct01-mfr01-g01-c01-p029	g-prx-saleve-2013-oct01-mfr01	(5.9827243043697802,46.1421391457750971)	1	1	29	29	\N	\N
g-prx-saleve-2013-oct01-mfr01-g01-c01-p030	g-prx-saleve-2013-oct01-mfr01	(5.98481381968287973,46.143152080945697)	1	1	30	30	\N	\N
g-prx-saleve-2013-oct01-mfr01-g01-c01-p031	g-prx-saleve-2013-oct01-mfr01	(5.98688255986659001,46.1426983278796001)	1	1	31	31	\N	\N
g-prx-saleve-2013-oct01-mfr01-g01-c01-p032	g-prx-saleve-2013-oct01-mfr01	(5.99225357651956969,46.143587548500598)	1	1	32	32	\N	\N
g-prx-saleve-2013-oct01-mfr01-g01-c01-p033	g-prx-saleve-2013-oct01-mfr01	(5.99398172984936028,46.1444324633679983)	1	1	33	33	\N	\N
g-prx-saleve-2013-oct01-mfr01-g01-c01-p034	g-prx-saleve-2013-oct01-mfr01	(6.00376697437191975,46.1419442872954022)	1	1	34	34	\N	\N
g-prx-saleve-2013-oct01-mfr01-g01-c01-p035	g-prx-saleve-2013-oct01-mfr01	(6.00851033926587963,46.1427457913747006)	1	1	35	35	\N	\N
g-prx-saleve-2013-oct01-mfr01-g01-c01-p036	g-prx-saleve-2013-oct01-mfr01	(6.01320537424305979,46.1422319830399985)	1	1	36	36	\N	\N
g-prx-saleve-2013-oct01-mfr01-g01-c01-p037	g-prx-saleve-2013-oct01-mfr01	(6.01526221819569962,46.142949284380002)	1	1	37	37	\N	\N
g-prx-saleve-2013-oct01-mfr01-g01-c01-p038	g-prx-saleve-2013-oct01-mfr01	(6.02307102118216964,46.1415236257024972)	1	1	38	38	\N	\N
g-prx-saleve-2013-oct01-mfr01-g01-c01-p039	g-prx-saleve-2013-oct01-mfr01	(6.02476128272748035,46.1404603119060965)	1	1	39	39	\N	\N
g-prx-saleve-2013-oct01-mfr01-g01-c01-p040	g-prx-saleve-2013-oct01-mfr01	(6.02823246022269021,46.1404460317124006)	1	1	40	40	\N	\N
g-prx-saleve-2013-oct01-mfr01-g01-c01-p041	g-prx-saleve-2013-oct01-mfr01	(6.02929345733651978,46.1394744021826)	1	1	41	41	\N	\N
g-prx-saleve-2013-oct01-mfr01-g01-c01-p042	g-prx-saleve-2013-oct01-mfr01	(6.03198198316333034,46.1393679408061033)	1	1	42	42	\N	\N
g-prx-saleve-2013-oct01-mfr01-g01-c01-p043	g-prx-saleve-2013-oct01-mfr01	(6.03197868708048013,46.1379811744495001)	1	1	43	43	\N	\N
g-prx-saleve-2013-oct01-mfr01-g01-c01-p044	g-prx-saleve-2013-oct01-mfr01	(6.03285165154535985,46.1386192309676986)	1	1	44	44	\N	\N
g-prx-saleve-2013-oct01-mfr01-g01-c01-p045	g-prx-saleve-2013-oct01-mfr01	(6.03379592831084999,46.1380300811497008)	1	1	45	45	\N	\N
g-prx-saleve-2013-oct01-mfr01-g01-c01-p046	g-prx-saleve-2013-oct01-mfr01	(6.03394860231731034,46.1364483401494994)	1	1	46	46	\N	\N
g-prx-saleve-2013-oct01-mfr01-g01-c01-p047	g-prx-saleve-2013-oct01-mfr01	(6.03488309678087997,46.1366798619572975)	1	1	47	47	\N	\N
g-prx-saleve-2013-oct01-mfr01-g01-c01-p048	g-prx-saleve-2013-oct01-mfr01	(6.0357259185350598,46.1347690517587026)	1	1	48	48	\N	\N
g-prx-saleve-2013-oct01-mfr01-g01-c01-p049	g-prx-saleve-2013-oct01-mfr01	(6.03584587894053026,46.1365399971537968)	1	1	49	49	\N	\N
g-prx-saleve-2013-oct01-mfr01-g01-c01-p050	g-prx-saleve-2013-oct01-mfr01	(6.04291625644385011,46.1410726231807971)	1	1	50	50	\N	\N
g-prx-saleve-2013-oct01-mfr01-g01-c01-p051	g-prx-saleve-2013-oct01-mfr01	(6.04565329700244991,46.1399746466046992)	1	1	51	51	\N	\N
g-prx-saleve-2013-oct01-mfr01-g01-c01-p052	g-prx-saleve-2013-oct01-mfr01	(6.04780598858527974,46.1409389752873977)	1	1	52	52	\N	\N
g-prx-saleve-2013-oct01-mfr01-g01-c01-p053	g-prx-saleve-2013-oct01-mfr01	(6.04850423920161973,46.1414928799544981)	1	1	53	53	\N	\N
g-prx-saleve-2013-oct01-mfr01-g01-c01-p054	g-prx-saleve-2013-oct01-mfr01	(6.04744322610330975,46.1430497932409978)	1	1	54	54	\N	\N
g-prx-saleve-2013-oct01-mfr01-g01-c01-p055	g-prx-saleve-2013-oct01-mfr01	(6.04869885427383025,46.1474127515499006)	1	1	55	55	\N	\N
g-prx-saleve-2013-oct01-mfr01-g01-c01-p056	g-prx-saleve-2013-oct01-mfr01	(6.05192919534219964,46.1512701824284974)	1	1	56	56	\N	\N
g-prx-saleve-2013-oct01-mfr01-g01-c01-p057	g-prx-saleve-2013-oct01-mfr01	(6.07222696012753005,46.1499799188519972)	1	1	57	57	\N	\N
g-prx-saleve-2013-oct01-mfr01-g01-c01-p058	g-prx-saleve-2013-oct01-mfr01	(6.07560825034436025,46.149011609632602)	1	1	58	58	\N	\N
g-prx-saleve-2013-oct01-mfr01-g01-c01-p059	g-prx-saleve-2013-oct01-mfr01	(6.09184715881137961,46.1516711895764971)	1	1	59	59	\N	\N
g-prx-saleve-2013-oct01-mfr01-g01-c01-p060	g-prx-saleve-2013-oct01-mfr01	(6.09913045136257015,46.1439618318909979)	1	1	60	60	\N	\N
g-prx-saleve-2013-oct01-mfr01-g01-c01-p061	g-prx-saleve-2013-oct01-mfr01	(6.10414973080218992,46.1443890082222978)	1	1	61	61	\N	\N
g-prx-saleve-2013-oct01-mfr01-g01-c01-p062	g-prx-saleve-2013-oct01-mfr01	(6.10871777215743972,46.1431830053190026)	1	1	62	62	\N	\N
g-prx-saleve-2013-oct01-mfr01-g01-c01-p063	g-prx-saleve-2013-oct01-mfr01	(6.12116233695051992,46.1426771430987017)	1	1	63	63	\N	\N
g-prx-saleve-2013-oct01-mfr01-g01-c01-p064	g-prx-saleve-2013-oct01-mfr01	(6.1266192764720504,46.1404674881215016)	1	1	64	64	\N	\N
g-prx-saleve-2013-oct01-mfr01-g01-c01-p065	g-prx-saleve-2013-oct01-mfr01	(6.13554348024487961,46.1411585040697005)	1	1	65	65	\N	\N
g-prx-saleve-2013-oct01-mfr01-g01-c01-p066	g-prx-saleve-2013-oct01-mfr01	(6.13718064443600042,46.1432654226176027)	1	1	66	66	\N	\N
g-prx-saleve-2013-oct01-mfr01-g01-c01-p067	g-prx-saleve-2013-oct01-mfr01	(6.14107285543648995,46.1453676339705012)	1	1	67	67	\N	\N
g-prx-saleve-2013-oct01-mfr01-g01-c01-p068	g-prx-saleve-2013-oct01-mfr01	(6.14161467862757959,46.1470067348924999)	1	1	68	68	\N	\N
g-prx-saleve-2013-oct01-mfr01-g01-c01-p069	g-prx-saleve-2013-oct01-mfr01	(6.14489669742370026,46.1448250187912024)	1	1	69	69	\N	\N
g-prx-saleve-2013-oct01-mfr01-g01-c01-p070	g-prx-saleve-2013-oct01-mfr01	(6.1466966208739704,46.1459170616487029)	1	1	70	70	\N	\N
g-prx-saleve-2013-oct01-mfr01-g01-c01-p071	g-prx-saleve-2013-oct01-mfr01	(6.14839424126719969,46.1492642954722996)	1	1	71	71	\N	\N
g-prx-saleve-2013-oct01-mfr01-g01-c01-p072	g-prx-saleve-2013-oct01-mfr01	(6.15224683283386042,46.1515305398902029)	1	1	72	72	\N	\N
g-prx-saleve-2013-oct01-mfr01-g01-c01-p073	g-prx-saleve-2013-oct01-mfr01	(6.16811757141587957,46.1568037041460997)	1	1	73	73	\N	\N
g-prx-saleve-2013-oct01-mfr01-g01-c01-p074	g-prx-saleve-2013-oct01-mfr01	(6.17541848652367964,46.1581411218600977)	1	1	74	74	\N	\N
g-prx-saleve-2013-oct01-mfr01-g01-c01-p075	g-prx-saleve-2013-oct01-mfr01	(6.18884633180296007,46.1661972575871999)	1	1	75	75	\N	\N
g-prx-saleve-2013-oct01-mfr01-g01-c01-p076	g-prx-saleve-2013-oct01-mfr01	(6.18610330007982956,46.1782257541361005)	1	1	76	76	\N	\N
g-prx-saleve-2013-oct01-mfr01-g01-c01-p077	g-prx-saleve-2013-oct01-mfr01	(6.18907794521349963,46.1814299437398006)	1	1	77	77	\N	\N
g-prx-saleve-2013-oct01-mfr01-g01-c01-p078	g-prx-saleve-2013-oct01-mfr01	(6.19134950913374027,46.1812813249238019)	1	1	78	78	\N	\N
g-prx-saleve-2013-oct01-mfr01-g01-c01-p079	g-prx-saleve-2013-oct01-mfr01	(6.19549027196253999,46.1840761499164003)	1	1	79	79	\N	\N
g-prx-saleve-2013-oct01-mfr01-g01-c01-p080	g-prx-saleve-2013-oct01-mfr01	(6.19842588911467018,46.1837777937382015)	1	1	80	80	\N	\N
g-prx-saleve-2013-oct01-mfr01-g01-c01-p081	g-prx-saleve-2013-oct01-mfr01	(6.19892304088233992,46.1853016011557003)	1	1	81	81	\N	\N
g-prx-saleve-2013-oct01-mfr01-g01-c01-p082	g-prx-saleve-2013-oct01-mfr01	(6.20180390982261986,46.1867883395187988)	1	1	82	82	\N	\N
g-prx-saleve-2013-oct01-mfr01-g01-c01-p083	g-prx-saleve-2013-oct01-mfr01	(6.20681665132109028,46.1921835769808027)	1	1	83	83	\N	\N
g-prx-saleve-2013-oct01-mfr01-g01-c01-p084	g-prx-saleve-2013-oct01-mfr01	(6.21169396820600017,46.1931063848951027)	1	1	84	84	\N	\N
g-prx-saleve-2013-oct01-mfr01-g01-c01-p085	g-prx-saleve-2013-oct01-mfr01	(6.21335069702907994,46.1941487085013023)	1	1	85	85	\N	\N
g-prx-saleve-2013-oct01-mfr01-g01-c01-p086	g-prx-saleve-2013-oct01-mfr01	(6.21424685091359041,46.1937939359301026)	1	1	86	86	\N	\N
g-prx-saleve-2013-oct01-mfr01-g01-c01-p087	g-prx-saleve-2013-oct01-mfr01	(6.21754929559570968,46.1979140101132018)	1	1	87	87	\N	\N
g-prx-saleve-2013-oct01-mfr01-g01-c01-p088	g-prx-saleve-2013-oct01-mfr01	(6.22152327122360038,46.1987053804354986)	1	1	88	88	\N	\N
g-prx-saleve-2013-oct01-mfr01-g01-c01-p089	g-prx-saleve-2013-oct01-mfr01	(6.2223334525797096,46.2007942291673004)	1	1	89	89	\N	\N
g-prx-saleve-2013-oct01-mfr01-g01-c01-p090	g-prx-saleve-2013-oct01-mfr01	(6.22538007468000032,46.2020414863705966)	1	1	90	90	\N	\N
g-prx-saleve-2013-oct01-mfr01-g01-c01-p091	g-prx-saleve-2013-oct01-mfr01	(6.22708870580863039,46.2019909925398977)	1	1	91	91	\N	\N
g-prx-saleve-2013-oct01-mfr01-g01-c01-p092	g-prx-saleve-2013-oct01-mfr01	(6.22791634856177989,46.2034042650946972)	1	1	92	92	\N	\N
g-prx-saleve-2013-oct01-mfr01-g01-c01-p093	g-prx-saleve-2013-oct01-mfr01	(6.23012003107583023,46.2035627107748965)	1	1	93	93	\N	\N
g-prx-saleve-2013-oct01-mfr01-g01-c01-p094	g-prx-saleve-2013-oct01-mfr01	(6.23019305653768996,46.2043982033750993)	1	1	94	94	\N	\N
g-prx-saleve-2013-oct01-mfr01-g01-c01-p095	g-prx-saleve-2013-oct01-mfr01	(6.23413398437020039,46.2063606125821025)	1	1	95	95	\N	\N
g-prx-saleve-2013-oct01-mfr01-g01-c01-p096	g-prx-saleve-2013-oct01-mfr01	(6.23663267915499997,46.2064643948914977)	1	1	96	96	\N	\N
g-prx-saleve-2013-oct01-mfr01-g01-c01-p097	g-prx-saleve-2013-oct01-mfr01	(6.23980476432090025,46.2050938524580985)	1	1	97	97	\N	\N
g-prx-saleve-2013-oct01-mfr01-g01-c01-p098	g-prx-saleve-2013-oct01-mfr01	(6.24341826658120969,46.2048246346460019)	1	1	98	98	\N	\N
g-prx-saleve-2013-oct01-mfr01-g01-c01-p099	g-prx-saleve-2013-oct01-mfr01	(6.24466898087722999,46.2049166314849984)	1	1	99	99	\N	\N
g-prx-saleve-2013-oct01-mfr01-g01-c01-p100	g-prx-saleve-2013-oct01-mfr01	(6.2450077356708702,46.2065530911544968)	1	1	100	100	\N	\N
g-prx-saleve-2013-oct01-mfr01-g01-c01-p101	g-prx-saleve-2013-oct01-mfr01	(6.24587774594358969,46.2065591522912982)	1	1	101	101	\N	\N
g-prx-saleve-2013-oct01-mfr01-g01-c01-p102	g-prx-saleve-2013-oct01-mfr01	(6.24874859114837999,46.2049913208687997)	1	1	102	102	\N	\N
g-prx-saleve-2013-oct01-mfr01-g01-c01-p103	g-prx-saleve-2013-oct01-mfr01	(6.25442715597004018,46.2090736528857988)	1	1	103	103	\N	\N
g-prx-saleve-2013-oct01-mfr01-g01-c01-p104	g-prx-saleve-2013-oct01-mfr01	(6.26554468218019966,46.2133818747514979)	1	1	104	104	\N	\N
g-prx-saleve-2013-oct01-mfr01-g01-c01-p105	g-prx-saleve-2013-oct01-mfr01	(6.26915737787810023,46.213445230990402)	1	1	105	105	\N	\N
g-prx-saleve-2013-oct01-mfr01-g01-c01-p106	g-prx-saleve-2013-oct01-mfr01	(6.27637309430660029,46.2152479965488965)	1	1	106	106	\N	\N
g-prx-saleve-2013-oct01-mfr01-g01-c01-p107	g-prx-saleve-2013-oct01-mfr01	(6.29446476033180957,46.2249310952130017)	1	1	107	107	\N	\N
g-prx-saleve-2013-oct01-mfr01-g01-c01-p108	g-prx-saleve-2013-oct01-mfr01	(6.29950325585145965,46.2310545383162008)	1	1	108	108	\N	\N
g-cxx-soultz-2015-oct01-dpu01-g01-c01-p001	g-cxx-soultz-2015-oct01-dpu01	(7.84002264736074039,48.9518938206902021)	1	1	1	1	\N	\N
g-cxx-soultz-2015-oct01-dpu01-g01-c01-p002	g-cxx-soultz-2015-oct01-dpu01	(7.90815728347236035,48.9519219718640031)	1	1	2	2	\N	\N
g-cxx-soultz-2015-oct01-dpu01-g01-c01-p003	g-cxx-soultz-2015-oct01-dpu01	(7.90835940918574032,48.9100228872589966)	1	1	3	3	\N	\N
g-cxx-soultz-2015-oct01-dpu01-g01-c01-p004	g-cxx-soultz-2015-oct01-dpu01	(7.8400245211322197,48.9100231846569997)	1	1	4	4	\N	\N
g-cxx-bouillante-2009-oct01-dpu01-g01-c01-p001	g-cxx-bouillante-2009-oct01-dpu01	(-61.7785560000000018,16.1751390000000015)	1	1	1	O	\N	\N
g-cxx-bouillante-2009-oct01-dpu01-g01-c01-p002	g-cxx-bouillante-2009-oct01-dpu01	(-61.7505000000000024,16.1749720000000003)	1	1	2	P	\N	\N
g-cxx-bouillante-2009-oct01-dpu01-g01-c01-p003	g-cxx-bouillante-2009-oct01-dpu01	(-61.7509439999999969,16.1071939999999998)	1	1	3	W	\N	\N
g-cxx-bouillante-2009-oct01-dpu01-g01-c01-p004	g-cxx-bouillante-2009-oct01-dpu01	(-61.7556390000000022,16.1026939999999996)	1	1	4	V	\N	\N
g-cxx-bouillante-2009-oct01-dpu01-g01-c01-p005	g-cxx-bouillante-2009-oct01-dpu01	(-61.7790000000000035,16.1028330000000004)	1	1	5	S	\N	\N
h-cxx-pezarches-1998-oct01-dpu01-g01-c01-p001	h-cxx-pezarches-1998-oct01-dpu01	(2.98453346107404993,48.7709389619751974)	1	1	1	1	\N	\N
h-cxx-pezarches-1998-oct01-dpu01-g01-c01-p002	h-cxx-pezarches-1998-oct01-dpu01	(3.00253346492279016,48.7709395015336966)	1	1	2	2	\N	\N
h-cxx-pezarches-1998-oct01-dpu01-g01-c01-p003	h-cxx-pezarches-1998-oct01-dpu01	(3.00253505368708007,48.7619392301833017)	1	1	3	3	\N	\N
h-cxx-pezarches-1998-oct01-dpu01-g01-c01-p004	h-cxx-pezarches-1998-oct01-dpu01	(3.02053506785911985,48.7619380567147971)	1	1	4	4	\N	\N
h-cxx-pezarches-1998-oct01-dpu01-g01-c01-p005	h-cxx-pezarches-1998-oct01-dpu01	(3.02053510966509009,48.7529387427674976)	1	1	5	5	\N	\N
h-cxx-pezarches-1998-oct01-dpu01-g01-c01-p006	h-cxx-pezarches-1998-oct01-dpu01	(3.03853518925284982,48.7529399743785987)	1	1	6	6	\N	\N
h-cxx-pezarches-1998-oct01-dpu01-g01-c01-p007	h-cxx-pezarches-1998-oct01-dpu01	(3.03853681090010008,48.7349400822322991)	1	1	7	7	\N	\N
h-cxx-pezarches-1998-oct01-dpu01-g01-c01-p008	h-cxx-pezarches-1998-oct01-dpu01	(3.02053519318035013,48.7349399258405001)	1	1	8	8	\N	\N
h-cxx-pezarches-1998-oct01-dpu01-g01-c01-p009	h-cxx-pezarches-1998-oct01-dpu01	(3.0205351514388199,48.7439393657331976)	1	1	9	9	\N	\N
h-cxx-pezarches-1998-oct01-dpu01-g01-c01-p010	h-cxx-pezarches-1998-oct01-dpu01	(2.98453357552378984,48.7439390656746028)	1	1	10	10	\N	\N
h-cxx-la-croix-blanche-1994-oct01-dpu01-g01-c01-p001	h-cxx-la-croix-blanche-1994-oct01-dpu01	(2.3185078454674799,48.6359358236562969)	1	1	1	1	\N	\N
h-cxx-la-croix-blanche-1994-oct01-dpu01-g01-c01-p002	h-cxx-la-croix-blanche-1994-oct01-dpu01	(2.35450962186724988,48.6359360488385022)	1	1	2	2	\N	\N
h-cxx-la-croix-blanche-1994-oct01-dpu01-g01-c01-p003	h-cxx-la-croix-blanche-1994-oct01-dpu01	(2.3545098732169798,48.6179352876529975)	1	1	3	3	\N	\N
h-cxx-la-croix-blanche-1994-oct01-dpu01-g01-c01-p004	h-cxx-la-croix-blanche-1994-oct01-dpu01	(2.37251075835086001,48.6179364493963035)	1	1	4	4	\N	\N
h-cxx-la-croix-blanche-1994-oct01-dpu01-g01-c01-p005	h-cxx-la-croix-blanche-1994-oct01-dpu01	(2.37250945258892987,48.5999364784655015)	1	1	5	5	\N	\N
h-cxx-la-croix-blanche-1994-oct01-dpu01-g01-c01-p006	h-cxx-la-croix-blanche-1994-oct01-dpu01	(2.30950715059121992,48.5999353869396984)	1	1	6	6	\N	\N
h-cxx-la-croix-blanche-1994-oct01-dpu01-g01-c01-p007	h-cxx-la-croix-blanche-1994-oct01-dpu01	(2.30950688770976997,48.6179353574087969)	1	1	7	7	\N	\N
h-cxx-la-croix-blanche-1994-oct01-dpu01-g01-c01-p008	h-cxx-la-croix-blanche-1994-oct01-dpu01	(2.31850655319742005,48.6179350622868967)	1	1	8	8	\N	\N
m-axm-crique-nelson-2018-oct01-dex01-g01-c01-p001	m-axm-crique-nelson-2018-oct01-dex01	(-52.9122176136294016,4.99831187923204023)	1	1	1	1	\N	\N
m-axm-crique-nelson-2018-oct01-dex01-g01-c01-p002	m-axm-crique-nelson-2018-oct01-dex01	(-52.90034997387,4.98482906087610989)	1	1	2	2	\N	\N
m-axm-crique-nelson-2018-oct01-dex01-g01-c01-p003	m-axm-crique-nelson-2018-oct01-dex01	(-52.9037222733005024,4.98184458963245014)	1	1	3	3	\N	\N
m-axm-crique-nelson-2018-oct01-dex01-g01-c01-p004	m-axm-crique-nelson-2018-oct01-dex01	(-52.9155988449963033,4.9953092328996096)	1	1	4	4	\N	\N
m-cxx-cerville-buissoncourt-1962-pro01-dpu01-g01-c01-p001	m-cxx-cerville-buissoncourt-1962-pro01-dpu01	(6.3134163931584899,48.6965360899264965)	1	1	1	L	\N	\N
m-cxx-cerville-buissoncourt-1962-pro01-dpu01-g01-c01-p002	m-cxx-cerville-buissoncourt-1962-pro01-dpu01	(6.34103917785200988,48.6991320612728984)	1	1	2	M	\N	\N
m-cxx-cerville-buissoncourt-1962-pro01-dpu01-g01-c01-p003	m-cxx-cerville-buissoncourt-1962-pro01-dpu01	(6.3454237392553301,48.675431245044301)	1	1	3	N	\N	\N
m-cxx-cerville-buissoncourt-1962-pro01-dpu01-g01-c01-p004	m-cxx-cerville-buissoncourt-1962-pro01-dpu01	(6.33042745754451008,48.6685681686828033)	1	1	4	A	\N	\N
m-cxx-cerville-buissoncourt-1962-pro01-dpu01-g01-c01-p005	m-cxx-cerville-buissoncourt-1962-pro01-dpu01	(6.31623027226498035,48.6761662451228005)	1	1	5	K	\N	\N
m-cxx-cerville-buissoncourt-1962-pro01-dex01-g01-c01-p001	m-cxx-cerville-buissoncourt-1962-pro01-dex01	(6.3134163931584899,48.6965360899264965)	1	1	1	L	\N	\N
m-cxx-cerville-buissoncourt-1962-pro01-dex01-g01-c01-p002	m-cxx-cerville-buissoncourt-1962-pro01-dex01	(6.34103917785200988,48.6991320612728984)	1	1	2	M	\N	\N
m-cxx-cerville-buissoncourt-1962-pro01-dex01-g01-c01-p003	m-cxx-cerville-buissoncourt-1962-pro01-dex01	(6.3454237392553301,48.675431245044301)	1	1	3	N	\N	\N
m-cxx-cerville-buissoncourt-1962-pro01-dex01-g01-c01-p004	m-cxx-cerville-buissoncourt-1962-pro01-dex01	(6.33042745754451008,48.6685681686828033)	1	1	4	A	\N	\N
m-cxx-cerville-buissoncourt-1962-pro01-dex01-g01-c01-p005	m-cxx-cerville-buissoncourt-1962-pro01-dex01	(6.31623027226498035,48.6761662451228005)	1	1	5	K	\N	\N
m-cxx-cerville-buissoncourt-1962-oct01-dpu01-g01-c01-p001	m-cxx-cerville-buissoncourt-1962-oct01-dpu01	(5.70616306563837039,39.7516014829701021)	1	1	1	L	\N	\N
m-cxx-cerville-buissoncourt-1962-oct01-dpu01-g01-c01-p002	m-cxx-cerville-buissoncourt-1962-oct01-dpu01	(5.72959786094101009,39.754311580184897)	1	1	2	M	\N	\N
m-cxx-cerville-buissoncourt-1962-oct01-dpu01-g01-c01-p003	m-cxx-cerville-buissoncourt-1962-oct01-dpu01	(5.73325294476726022,39.7310767920405965)	1	1	3	N	\N	\N
m-cxx-cerville-buissoncourt-1962-oct01-dpu01-g01-c01-p004	m-cxx-cerville-buissoncourt-1962-oct01-dpu01	(5.72109983088849017,39.7243395974034996)	1	1	4	A	\N	\N
m-cxx-cerville-buissoncourt-1962-oct01-dpu01-g01-c01-p005	m-cxx-cerville-buissoncourt-1962-oct01-dpu01	(5.70888249388911984,39.7309440805632974)	1	1	5	K	\N	\N
m-cxx-le-chatelard-1978-pro01-rco01-g01-c01-p001	m-cxx-le-chatelard-1978-pro01-rco01	(5.04407119541829019,45.2663059375897987)	1	1	1	A	\N	\N
m-cxx-le-chatelard-1978-pro01-rco01-g01-c01-p002	m-cxx-le-chatelard-1978-pro01-rco01	(5.06418984321818044,45.2674314994644007)	1	1	2	S	\N	\N
m-cxx-le-chatelard-1978-pro01-rco01-g01-c01-p003	m-cxx-le-chatelard-1978-pro01-rco01	(5.06089817823959986,45.2525760109426969)	1	1	3	R	\N	\N
m-cxx-le-chatelard-1978-pro01-rco01-g01-c01-p004	m-cxx-le-chatelard-1978-pro01-rco01	(5.07803990137314987,45.2543573414186966)	1	1	4	Q	\N	\N
m-cxx-le-chatelard-1978-pro01-rco01-g01-c01-p005	m-cxx-le-chatelard-1978-pro01-rco01	(5.0653177726769103,45.2390013974641008)	1	1	5	P	\N	\N
m-cxx-le-chatelard-1978-pro01-rco01-g01-c01-p006	m-cxx-le-chatelard-1978-pro01-rco01	(5.06345441941552021,45.2386034702575017)	1	1	6	C’	\N	\N
m-cxx-le-chatelard-1978-pro01-rco01-g01-c01-p007	m-cxx-le-chatelard-1978-pro01-rco01	(5.05866683528518024,45.2522388240775015)	1	1	7	B’	\N	\N
m-cxx-le-chatelard-1978-pro01-rco01-g01-c01-p008	m-cxx-le-chatelard-1978-pro01-rco01	(5.0380902855651204,45.2478510790693988)	1	1	8	A’	\N	\N
m-cxx-le-chatelard-1978-pro01-rco01-g01-c01-p009	m-cxx-le-chatelard-1978-pro01-rco01	(5.04268759043980985,45.2344633797292985)	1	1	9	D’	\N	\N
m-cxx-le-chatelard-1978-pro01-rco01-g01-c01-p010	m-cxx-le-chatelard-1978-pro01-rco01	(5.00384284224151976,45.2266099883091002)	1	1	10	O	\N	\N
m-cxx-le-chatelard-1978-pro01-rco01-g01-c01-p011	m-cxx-le-chatelard-1978-pro01-rco01	(4.98473642528746996,45.231265461240497)	1	1	11	N	\N	\N
m-cxx-le-chatelard-1978-pro01-rco01-g01-c01-p012	m-cxx-le-chatelard-1978-pro01-rco01	(4.98423981994018028,45.249198444393798)	1	1	12	M	\N	\N
m-cxx-le-chatelard-1978-mut06-dex01-g01-c01-p001	m-cxx-le-chatelard-1978-mut06-dex01	(5.04407119541829019,45.2663059375897987)	1	1	1	A	\N	\N
m-cxx-le-chatelard-1978-mut06-dex01-g01-c01-p002	m-cxx-le-chatelard-1978-mut06-dex01	(5.06418984321818044,45.2674314994644007)	1	1	2	S	\N	\N
m-cxx-le-chatelard-1978-mut06-dex01-g01-c01-p003	m-cxx-le-chatelard-1978-mut06-dex01	(5.06089817823959986,45.2525760109426969)	1	1	3	R	\N	\N
m-cxx-le-chatelard-1978-mut06-dex01-g01-c01-p004	m-cxx-le-chatelard-1978-mut06-dex01	(5.07803990137314987,45.2543573414186966)	1	1	4	Q	\N	\N
m-cxx-le-chatelard-1978-mut06-dex01-g01-c01-p005	m-cxx-le-chatelard-1978-mut06-dex01	(5.0653177726769103,45.2390013974641008)	1	1	5	P	\N	\N
m-cxx-le-chatelard-1978-mut06-dex01-g01-c01-p006	m-cxx-le-chatelard-1978-mut06-dex01	(5.06345441941552021,45.2386034702575017)	1	1	6	C’	\N	\N
m-cxx-le-chatelard-1978-mut06-dex01-g01-c01-p007	m-cxx-le-chatelard-1978-mut06-dex01	(5.05866683528518024,45.2522388240775015)	1	1	7	B’	\N	\N
m-cxx-le-chatelard-1978-mut06-dex01-g01-c01-p008	m-cxx-le-chatelard-1978-mut06-dex01	(5.0380902855651204,45.2478510790693988)	1	1	8	A’	\N	\N
m-cxx-le-chatelard-1978-mut06-dex01-g01-c01-p009	m-cxx-le-chatelard-1978-mut06-dex01	(5.04268759043980985,45.2344633797292985)	1	1	9	D’	\N	\N
m-cxx-le-chatelard-1978-mut06-dex01-g01-c01-p010	m-cxx-le-chatelard-1978-mut06-dex01	(5.00384284224151976,45.2266099883091002)	1	1	10	O	\N	\N
m-cxx-le-chatelard-1978-mut06-dex01-g01-c01-p011	m-cxx-le-chatelard-1978-mut06-dex01	(4.98473642528746996,45.231265461240497)	1	1	11	N	\N	\N
m-cxx-le-chatelard-1978-mut06-dex01-g01-c01-p012	m-cxx-le-chatelard-1978-mut06-dex01	(4.98423981994018028,45.249198444393798)	1	1	12	M	\N	\N
m-prx-crique-awa-2016-oct01-anf01-g01-c01-p001	m-prx-crique-awa-2016-oct01-anf01	(-54.3665304286014006,4.35543195083612034)	1	1	1	A	\N	\N
m-prx-crique-awa-2016-oct01-anf01-g01-c01-p002	m-prx-crique-awa-2016-oct01-anf01	(-54.3318915705710026,4.35558648720273034)	1	1	2	B	\N	\N
m-prx-crique-awa-2016-oct01-anf01-g01-c01-p003	m-prx-crique-awa-2016-oct01-anf01	(-54.3238727369242014,4.37350468866554021)	1	1	3	C	\N	\N
m-prx-crique-awa-2016-oct01-anf01-g01-c01-p004	m-prx-crique-awa-2016-oct01-anf01	(-54.3132555655461005,4.37355181388801029)	1	1	4	D	\N	\N
m-prx-crique-awa-2016-oct01-anf01-g01-c01-p005	m-prx-crique-awa-2016-oct01-anf01	(-54.3004006281323015,4.35572559405694992)	1	1	5	E	\N	\N
m-prx-crique-awa-2016-oct01-anf01-g01-c01-p006	m-prx-crique-awa-2016-oct01-anf01	(-54.2304924058894997,4.3149318716949896)	1	1	6	F	\N	\N
m-prx-crique-awa-2016-oct01-anf01-g01-c01-p007	m-prx-crique-awa-2016-oct01-anf01	(-54.2546264404219016,4.16940877616127015)	1	1	7	G	\N	\N
m-prx-crique-awa-2016-oct01-anf01-g01-c01-p008	m-prx-crique-awa-2016-oct01-anf01	(-54.3121979192792992,4.16916767328981042)	1	1	8	H	\N	\N
m-prx-crique-awa-2016-oct01-anf01-g01-c01-p009	m-prx-crique-awa-2016-oct01-anf01	(-54.3257364086140981,4.17994834959498007)	1	1	9	I	\N	\N
m-prx-crique-awa-2016-oct01-anf01-g01-c01-p010	m-prx-crique-awa-2016-oct01-anf01	(-54.3259164024972989,4.2223963408248002)	1	1	10	J	\N	\N
m-prx-crique-awa-2016-oct01-anf01-g01-c01-p011	m-prx-crique-awa-2016-oct01-anf01	(-54.3242958001721021,4.22630497883091039)	1	1	11	K	\N	\N
m-prx-crique-awa-2016-oct01-anf01-g01-c01-p012	m-prx-crique-awa-2016-oct01-anf01	(-54.3135481012984016,4.22902449542450043)	1	1	12	L	\N	\N
m-prx-crique-awa-2016-oct01-anf01-g01-c01-p013	m-prx-crique-awa-2016-oct01-anf01	(-54.3034444447661002,4.22667429863620026)	1	1	13	M	\N	\N
m-prx-crique-awa-2016-oct01-anf01-g01-c01-p014	m-prx-crique-awa-2016-oct01-anf01	(-54.2981437918196974,4.23472627735787022)	1	1	14	N	\N	\N
m-prx-crique-awa-2016-oct01-anf01-g01-c01-p015	m-prx-crique-awa-2016-oct01-anf01	(-54.3076885788965029,4.23889426437297967)	1	1	15	O	\N	\N
m-prx-crique-awa-2016-oct01-anf01-g01-c01-p016	m-prx-crique-awa-2016-oct01-anf01	(-54.3146616951425969,4.24545750128550026)	1	1	16	P	\N	\N
m-prx-crique-awa-2016-oct01-anf01-g01-c01-p017	m-prx-crique-awa-2016-oct01-anf01	(-54.2910912581886009,4.28351088146851033)	1	1	17	Q	\N	\N
m-prx-crique-awa-2016-oct01-anf01-g01-c01-p018	m-prx-crique-awa-2016-oct01-anf01	(-54.3664182167076007,4.33014493480767015)	1	1	18	R	\N	\N
m-prx-crique-awa-2016-oct01-mfr01-g01-c01-p001	m-prx-crique-awa-2016-oct01-mfr01	(-54.3665304286014006,4.35543195083612034)	1	1	1	A	\N	\N
m-prx-crique-awa-2016-oct01-mfr01-g01-c01-p002	m-prx-crique-awa-2016-oct01-mfr01	(-54.3318915705710026,4.35558648720273034)	1	1	2	B	\N	\N
m-prx-crique-awa-2016-oct01-mfr01-g01-c01-p003	m-prx-crique-awa-2016-oct01-mfr01	(-54.3238727369242014,4.37350468866554021)	1	1	3	C	\N	\N
m-prx-crique-awa-2016-oct01-mfr01-g01-c01-p004	m-prx-crique-awa-2016-oct01-mfr01	(-54.3132555655461005,4.37355181388801029)	1	1	4	D	\N	\N
m-prx-crique-awa-2016-oct01-mfr01-g01-c01-p005	m-prx-crique-awa-2016-oct01-mfr01	(-54.3004006281323015,4.35572559405694992)	1	1	5	E	\N	\N
m-prx-crique-awa-2016-oct01-mfr01-g01-c01-p006	m-prx-crique-awa-2016-oct01-mfr01	(-54.2304924058894997,4.3149318716949896)	1	1	6	F	\N	\N
m-prx-crique-awa-2016-oct01-mfr01-g01-c01-p007	m-prx-crique-awa-2016-oct01-mfr01	(-54.2546264404219016,4.16940877616127015)	1	1	7	G	\N	\N
m-prx-crique-awa-2016-oct01-mfr01-g01-c01-p008	m-prx-crique-awa-2016-oct01-mfr01	(-54.3121979192792992,4.16916767328981042)	1	1	8	H	\N	\N
m-prx-crique-awa-2016-oct01-mfr01-g01-c01-p009	m-prx-crique-awa-2016-oct01-mfr01	(-54.3257364086140981,4.17994834959498007)	1	1	9	I	\N	\N
m-prx-crique-awa-2016-oct01-mfr01-g01-c01-p010	m-prx-crique-awa-2016-oct01-mfr01	(-54.3259164024972989,4.2223963408248002)	1	1	10	J	\N	\N
m-prx-crique-awa-2016-oct01-mfr01-g01-c01-p011	m-prx-crique-awa-2016-oct01-mfr01	(-54.3242958001721021,4.22630497883091039)	1	1	11	K	\N	\N
m-prx-crique-awa-2016-oct01-mfr01-g01-c01-p012	m-prx-crique-awa-2016-oct01-mfr01	(-54.3135481012984016,4.22902449542450043)	1	1	12	L	\N	\N
m-prx-crique-awa-2016-oct01-mfr01-g01-c01-p013	m-prx-crique-awa-2016-oct01-mfr01	(-54.3034444447661002,4.22667429863620026)	1	1	13	M	\N	\N
m-prx-crique-awa-2016-oct01-mfr01-g01-c01-p014	m-prx-crique-awa-2016-oct01-mfr01	(-54.2981437918196974,4.23472627735787022)	1	1	14	N	\N	\N
m-prx-crique-awa-2016-oct01-mfr01-g01-c01-p015	m-prx-crique-awa-2016-oct01-mfr01	(-54.3076885788965029,4.23889426437297967)	1	1	15	O	\N	\N
m-prx-crique-awa-2016-oct01-mfr01-g01-c01-p016	m-prx-crique-awa-2016-oct01-mfr01	(-54.3146616951425969,4.24545750128550026)	1	1	16	P	\N	\N
m-prx-crique-awa-2016-oct01-mfr01-g01-c01-p017	m-prx-crique-awa-2016-oct01-mfr01	(-54.2910912581886009,4.28351088146851033)	1	1	17	Q	\N	\N
m-prx-crique-awa-2016-oct01-mfr01-g01-c01-p018	m-prx-crique-awa-2016-oct01-mfr01	(-54.3664182167076007,4.33014493480767015)	1	1	18	R	\N	\N
m-prx-bonneval-2017-oct01-dpu01-g01-c01-p001	m-prx-bonneval-2017-oct01-dpu01	(1.35518975380247997,45.627120020305199)	1	1	1	1	\N	\N
m-prx-bonneval-2017-oct01-dpu01-g01-c01-p002	m-prx-bonneval-2017-oct01-dpu01	(1.45200568565076993,45.5618454276241991)	1	1	2	2	\N	\N
m-prx-bonneval-2017-oct01-dpu01-g01-c01-p003	m-prx-bonneval-2017-oct01-dpu01	(1.39614447022692989,45.5205325945795991)	1	1	3	3	\N	\N
m-prx-bonneval-2017-oct01-dpu01-g01-c01-p004	m-prx-bonneval-2017-oct01-dpu01	(1.14510263370102994,45.5180178863585994)	1	1	4	4	\N	\N
m-prx-bonneval-2017-oct01-dpu01-g01-c01-p005	m-prx-bonneval-2017-oct01-dpu01	(1.07428444433161996,45.4726898430610973)	1	1	5	5	\N	\N
m-prx-bonneval-2017-oct01-dpu01-g01-c01-p006	m-prx-bonneval-2017-oct01-dpu01	(1.02366463781389005,45.5100914682122024)	1	1	6	6	\N	\N
m-prx-bonneval-2017-oct01-dpu01-g01-c01-p007	m-prx-bonneval-2017-oct01-dpu01	(1.07119084140654008,45.5433445274984976)	1	1	7	7	\N	\N
m-prx-bonneval-2017-oct01-dpu01-g01-c01-p008	m-prx-bonneval-2017-oct01-dpu01	(1.08601262872776005,45.596741616034997)	1	1	8	8	\N	\N
m-prx-bonneval-2017-oct01-dpu01-g01-c01-p009	m-prx-bonneval-2017-oct01-dpu01	(1.22394102450523001,45.5967526739202995)	1	1	9	9	\N	\N
m-prx-bonneval-2017-oct01-dpu01-g01-c01-p010	m-prx-bonneval-2017-oct01-dpu01	(1.24035294156130993,45.6253827770842975)	1	1	10	10	\N	\N
m-prx-bonneval-2017-oct01-dpu01-g01-c02-p001	m-prx-bonneval-2017-oct01-dpu01	(1.3045668177504901,45.5845588354278988)	1	2	1	1	\N	\N
m-prx-bonneval-2017-oct01-dpu01-g01-c02-p002	m-prx-bonneval-2017-oct01-dpu01	(1.26124130611005003,45.5365478116669991)	1	2	2	2	\N	\N
m-prx-bonneval-2017-oct01-dpu01-g01-c02-p003	m-prx-bonneval-2017-oct01-dpu01	(1.30492233928924994,45.5427275435629966)	1	2	3	3	\N	\N
m-prx-bonneval-2017-oct01-dpu01-g01-c02-p004	m-prx-bonneval-2017-oct01-dpu01	(1.39199647387942993,45.5668571993087994)	1	2	4	4	\N	\N
m-prx-bonneval-2017-oct01-dpu01-g01-c02-p005	m-prx-bonneval-2017-oct01-dpu01	(1.35137042908097005,45.5902535616585993)	1	2	5	5	\N	\N
m-prx-bonneval-2017-oct01-dpu01-g01-c03-p001	m-prx-bonneval-2017-oct01-dpu01	(1.17860215914854005,45.5517393729974032)	1	3	1	1	\N	\N
m-prx-bonneval-2017-oct01-dpu01-g01-c03-p002	m-prx-bonneval-2017-oct01-dpu01	(1.19564785564152998,45.5574096146791021)	1	3	2	2	\N	\N
m-prx-bonneval-2017-oct01-dpu01-g01-c03-p003	m-prx-bonneval-2017-oct01-dpu01	(1.19685103207247989,45.5716691327957975)	1	3	3	3	\N	\N
m-prx-bonneval-2017-oct01-dpu01-g01-c03-p004	m-prx-bonneval-2017-oct01-dpu01	(1.17083271794301003,45.567303627228199)	1	3	4	4	\N	\N
m-prx-bonneval-2017-oct01-dpu01-g01-c03-p005	m-prx-bonneval-2017-oct01-dpu01	(1.1778777850864699,45.5589603536777972)	1	3	5	5	\N	\N
m-prx-bonneval-2017-oct01-dpu01-g01-c03-p006	m-prx-bonneval-2017-oct01-dpu01	(1.17079278264609998,45.5673480131265976)	1	3	6	6	\N	\N
m-prx-bonneval-2017-oct01-dpu01-g01-c03-p007	m-prx-bonneval-2017-oct01-dpu01	(1.14739296372195998,45.5580296078216023)	1	3	7	7	\N	\N
m-prx-bonneval-2017-oct01-dpu01-g01-c03-p008	m-prx-bonneval-2017-oct01-dpu01	(1.13926033471514998,45.5428531790027975)	1	3	8	8	\N	\N
m-prx-bonneval-2017-oct01-dpu01-g01-c04-p001	m-prx-bonneval-2017-oct01-dpu01	(1.22726707910128008,45.5653706310461999)	1	4	1	1	\N	\N
m-prx-bonneval-2017-oct01-dpu01-g01-c04-p002	m-prx-bonneval-2017-oct01-dpu01	(1.24238191143911991,45.5553670822379004)	1	4	2	2	\N	\N
m-prx-bonneval-2017-oct01-dpu01-g01-c04-p003	m-prx-bonneval-2017-oct01-dpu01	(1.25916610583016997,45.5610234827860978)	1	4	3	3	\N	\N
m-prx-bonneval-2017-oct01-dpu01-g01-c04-p004	m-prx-bonneval-2017-oct01-dpu01	(1.25250478099529006,45.5767002826558993)	1	4	4	4	\N	\N
m-cxx-drouville-1894-oct01-dpu01-g01-c01-p001	m-cxx-drouville-1894-oct01-dpu01	(6.40593703151607041,48.6831421935943993)	1	1	1	NA	\N	\N
m-cxx-drouville-1894-oct01-dpu01-g01-c01-p002	m-cxx-drouville-1894-oct01-dpu01	(6.39196146562793022,48.6827031694782022)	1	1	2	NA	\N	\N
m-cxx-drouville-1894-oct01-dpu01-g01-c01-p003	m-cxx-drouville-1894-oct01-dpu01	(6.38662137742393021,48.6786404231219976)	1	1	3	NA	\N	\N
m-cxx-drouville-1894-oct01-dpu01-g01-c01-p004	m-cxx-drouville-1894-oct01-dpu01	(6.36405298803700958,48.661864555003902)	1	1	4	NA	\N	\N
m-cxx-drouville-1894-oct01-dpu01-g01-c01-p005	m-cxx-drouville-1894-oct01-dpu01	(6.36659983134912988,48.6551999391910996)	1	1	5	NA	\N	\N
m-cxx-drouville-1894-oct01-dpu01-g01-c01-p006	m-cxx-drouville-1894-oct01-dpu01	(6.38650511999407033,48.6666586508812031)	1	1	6	NA	\N	\N
m-cxx-drouville-1894-oct01-dpu01-g01-c01-p007	m-cxx-drouville-1894-oct01-dpu01	(6.39694610271264974,48.6638914251892984)	1	1	7	NA	\N	\N
m-cxx-drouville-1894-oct01-dpu01-g01-c01-p008	m-cxx-drouville-1894-oct01-dpu01	(6.41116685239012973,48.6724170895676025)	1	1	8	NA	\N	\N
m-prx-orapu-2018-oct01-dex01-g01-c01-p001	m-prx-orapu-2018-oct01-dex01	(-52.3768513239218976,4.50744796325207009)	1	1	1	A	\N	\N
m-prx-orapu-2018-oct01-dex01-g01-c01-p002	m-prx-orapu-2018-oct01-dex01	(-52.3692092862237999,4.50746240986538016)	1	1	2	B	\N	\N
m-prx-orapu-2018-oct01-dex01-g01-c01-p003	m-prx-orapu-2018-oct01-dex01	(-52.3692028391265012,4.50401658766061974)	1	1	3	C	\N	\N
m-prx-orapu-2018-oct01-dex01-g01-c01-p004	m-prx-orapu-2018-oct01-dex01	(-52.3588212123512022,4.50403606956960001)	1	1	4	D	\N	\N
m-prx-orapu-2018-oct01-dex01-g01-c01-p005	m-prx-orapu-2018-oct01-dex01	(-52.3587678690012979,4.47520317223325037)	1	1	5	E	\N	\N
m-prx-orapu-2018-oct01-dex01-g01-c01-p006	m-prx-orapu-2018-oct01-dex01	(-52.376790790505197,4.47516947277660027)	1	1	6	F	\N	\N
m-axm-auror-2018-oct01-dex01-g01-c01-p001	m-axm-auror-2018-oct01-dex01	(-54.0950602907813973,5.2088556995437898)	1	1	1	A	\N	\N
m-axm-auror-2018-oct01-dex01-g01-c01-p002	m-axm-auror-2018-oct01-dex01	(-54.0954347319798998,5.20435517507967038)	1	1	2	B	\N	\N
m-axm-auror-2018-oct01-dex01-g01-c01-p003	m-axm-auror-2018-oct01-dex01	(-54.1134002694188965,5.20586546870084987)	1	1	3	C	\N	\N
m-axm-auror-2018-oct01-dex01-g01-c01-p004	m-axm-auror-2018-oct01-dex01	(-54.1130169578245983,5.21036597243675992)	1	1	4	D	\N	\N
m-prx-nem-4-2016-oct01-dpu01-g01-c01-p001	m-prx-nem-4-2016-oct01-dpu01	(-53.5698272027941016,4.95651490309365972)	1	1	1	1	\N	\N
m-prx-nem-4-2016-oct01-dpu01-g01-c01-p002	m-prx-nem-4-2016-oct01-dpu01	(-53.3896822871133026,4.95719097800504027)	1	1	2	2	\N	\N
m-prx-nem-4-2016-oct01-dpu01-g01-c01-p003	m-prx-nem-4-2016-oct01-dpu01	(-53.3894320527412987,4.88709565743922969)	1	1	3	3	\N	\N
m-prx-nem-4-2016-oct01-dpu01-g01-c01-p004	m-prx-nem-4-2016-oct01-dpu01	(-53.5695581534726983,4.88642918729831965)	1	1	4	4	\N	\N
m-prx-nouvelle-esperance-2010-oct01-dpu01-g01-c01-p001	m-prx-nouvelle-esperance-2010-oct01-dpu01	(-54.2470225337483996,4.70592416567548)	1	1	1	1	\N	\N
m-prx-nouvelle-esperance-2010-oct01-dpu01-g01-c01-p002	m-prx-nouvelle-esperance-2010-oct01-dpu01	(-54.2403792117545009,4.70216157566195037)	1	1	2	2	\N	\N
m-prx-nouvelle-esperance-2010-oct01-dpu01-g01-c01-p003	m-prx-nouvelle-esperance-2010-oct01-dpu01	(-54.2497742948203978,4.67609583301678011)	1	1	3	3	\N	\N
m-prx-nouvelle-esperance-2010-oct01-dpu01-g01-c01-p004	m-prx-nouvelle-esperance-2010-oct01-dpu01	(-54.2809639566893978,4.62702402162028026)	1	1	4	4	\N	\N
m-prx-nouvelle-esperance-2010-oct01-dpu01-g01-c01-p005	m-prx-nouvelle-esperance-2010-oct01-dpu01	(-54.2816151138548975,4.62768936642262041)	1	1	5	5	\N	\N
m-prx-nouvelle-esperance-2010-oct01-dpu01-g01-c01-p006	m-prx-nouvelle-esperance-2010-oct01-dpu01	(-54.2818224495864001,4.67244184841238042)	1	1	6	6	\N	\N
m-prx-nouvelle-esperance-2010-oct01-dpu01-g01-c01-p007	m-prx-nouvelle-esperance-2010-oct01-dpu01	(-54.3271535985732967,4.67222792814212973)	1	1	7	7	\N	\N
m-prx-nouvelle-esperance-2010-oct01-dpu01-g01-c01-p008	m-prx-nouvelle-esperance-2010-oct01-dpu01	(-54.3269344111083967,4.62747754605260031)	1	1	8	8	\N	\N
m-prx-nouvelle-esperance-2010-oct01-dpu01-g01-c01-p009	m-prx-nouvelle-esperance-2010-oct01-dpu01	(-54.2816151138548975,4.62768936642262041)	1	1	9	9	\N	\N
m-prx-nouvelle-esperance-2010-oct01-dpu01-g01-c01-p010	m-prx-nouvelle-esperance-2010-oct01-dpu01	(-54.2809639566893978,4.62702402162028026)	1	1	10	10	\N	\N
m-prx-nouvelle-esperance-2010-oct01-dpu01-g01-c01-p011	m-prx-nouvelle-esperance-2010-oct01-dpu01	(-54.3166717392248017,4.60193905194831032)	1	1	11	11	\N	\N
m-prx-nouvelle-esperance-2010-oct01-dpu01-g01-c01-p012	m-prx-nouvelle-esperance-2010-oct01-dpu01	(-54.3722317889242035,4.49583233715851982)	1	1	12	12	\N	\N
m-prx-nouvelle-esperance-2010-oct01-dpu01-g01-c01-p013	m-prx-nouvelle-esperance-2010-oct01-dpu01	(-54.4192366157188019,4.49697656494315012)	1	1	13	13	\N	\N
m-prx-nouvelle-esperance-2010-oct01-dpu01-g01-c01-p014	m-prx-nouvelle-esperance-2010-oct01-dpu01	(-54.4073815884438972,4.53270406168689988)	1	1	14	14	\N	\N
m-prx-nouvelle-esperance-2010-oct01-dpu01-g01-c01-p015	m-prx-nouvelle-esperance-2010-oct01-dpu01	(-54.3838487127150003,4.58258498397719993)	1	1	15	15	\N	\N
m-prx-nouvelle-esperance-2010-oct01-dpu01-g01-c01-p016	m-prx-nouvelle-esperance-2010-oct01-dpu01	(-54.3605649498344974,4.62259513080929008)	1	1	16	16	\N	\N
m-prx-nouvelle-esperance-2010-oct01-dpu01-g01-c01-p017	m-prx-nouvelle-esperance-2010-oct01-dpu01	(-54.3277869661519972,4.67292034838405002)	1	1	17	17	\N	\N
w-cxx-les-duons-2011-oct01-dpu01-g01-c01-p001	w-cxx-les-duons-2011-oct01-dpu01	(-3.87866592407227007,48.7246665954589986)	1	1	1	0	\N	\N
w-cxx-les-duons-2011-oct01-dpu01-g01-c01-p002	w-cxx-les-duons-2011-oct01-dpu01	(-3.87416648864746005,48.7246665954589986)	1	1	2	1	\N	\N
w-cxx-les-duons-2011-oct01-dpu01-g01-c01-p003	w-cxx-les-duons-2011-oct01-dpu01	(-3.87750053405761985,48.7208328247071023)	1	1	3	2	\N	\N
w-cxx-les-duons-2011-oct01-dpu01-g01-c01-p004	w-cxx-les-duons-2011-oct01-dpu01	(-3.88333320617670008,48.7208328247071023)	1	1	4	3	\N	\N
w-cxx-les-duons-2011-oct01-dpu01-g01-c01-p005	w-cxx-les-duons-2011-oct01-dpu01	(-3.88333320617670008,48.7216663360596982)	1	1	5	4	\N	\N
w-cxx-le-minou-2011-oct01-dpu01-g01-c01-p001	w-cxx-le-minou-2011-oct01-dpu01	(-4.61500002770645956,48.3353333809568966)	1	1	1	0	\N	\N
w-cxx-le-minou-2011-oct01-dpu01-g01-c01-p002	w-cxx-le-minou-2011-oct01-dpu01	(-4.60733333236725962,48.3376666706175016)	1	1	2	1	\N	\N
w-cxx-le-minou-2011-oct01-dpu01-g01-c01-p003	w-cxx-le-minou-2011-oct01-dpu01	(-4.6066666532795999,48.3370000511516977)	1	1	3	2	\N	\N
w-cxx-le-minou-2011-oct01-dpu01-g01-c01-p004	w-cxx-le-minou-2011-oct01-dpu01	(-4.61416666948475029,48.3345000168512016)	1	1	4	3	\N	\N
\.


--
-- Data for Name: titres_points_references; Type: TABLE DATA; Schema: public; Owner: postgres
--

COPY public.titres_points_references (id, titre_point_id, geo_systeme_id, coordonnees) FROM stdin;
m-axm-crique-nelson-2018-oct01-dex01-g01-c01-p001-2972	m-axm-crique-nelson-2018-oct01-dex01-g01-c01-p001	2972	(287980,552788)
m-axm-crique-nelson-2018-oct01-dex01-g01-c01-p002-2972	m-axm-crique-nelson-2018-oct01-dex01-g01-c01-p002	2972	(289292,551293)
m-axm-crique-nelson-2018-oct01-dex01-g01-c01-p003-2972	m-axm-crique-nelson-2018-oct01-dex01-g01-c01-p003	2972	(288917,550964)
m-axm-crique-nelson-2018-oct01-dex01-g01-c01-p004-2972	m-axm-crique-nelson-2018-oct01-dex01-g01-c01-p004	2972	(287604,552457)
m-cxx-cerville-buissoncourt-1962-pro01-dpu01-g01-c01-p001-2154	m-cxx-cerville-buissoncourt-1962-pro01-dpu01-g01-c01-p001	2154	(943793,6849)
m-cxx-cerville-buissoncourt-1962-pro01-dpu01-g01-c01-p002-2154	m-cxx-cerville-buissoncourt-1962-pro01-dpu01-g01-c01-p002	2154	(945812,685)
m-cxx-cerville-buissoncourt-1962-pro01-dpu01-g01-c01-p003-2154	m-cxx-cerville-buissoncourt-1962-pro01-dpu01-g01-c01-p003	2154	(946246,6847)
m-cxx-cerville-buissoncourt-1962-pro01-dpu01-g01-c01-p004-2154	m-cxx-cerville-buissoncourt-1962-pro01-dpu01-g01-c01-p004	2154	(945175,6846)
m-cxx-cerville-buissoncourt-1962-pro01-dpu01-g01-c01-p005-2154	m-cxx-cerville-buissoncourt-1962-pro01-dpu01-g01-c01-p005	2154	(944095,6847)
m-cxx-cerville-buissoncourt-1962-pro01-dex01-g01-c01-p001-2154	m-cxx-cerville-buissoncourt-1962-pro01-dex01-g01-c01-p001	2154	(943793,6849)
m-cxx-cerville-buissoncourt-1962-pro01-dex01-g01-c01-p002-2154	m-cxx-cerville-buissoncourt-1962-pro01-dex01-g01-c01-p002	2154	(945812,685)
m-cxx-cerville-buissoncourt-1962-pro01-dex01-g01-c01-p003-2154	m-cxx-cerville-buissoncourt-1962-pro01-dex01-g01-c01-p003	2154	(946246,6847)
m-cxx-cerville-buissoncourt-1962-pro01-dex01-g01-c01-p004-2154	m-cxx-cerville-buissoncourt-1962-pro01-dex01-g01-c01-p004	2154	(945175,6846)
m-cxx-cerville-buissoncourt-1962-pro01-dex01-g01-c01-p005-2154	m-cxx-cerville-buissoncourt-1962-pro01-dex01-g01-c01-p005	2154	(944095,6847)
m-cxx-cerville-buissoncourt-1962-oct01-dpu01-g01-c01-p001-27571	m-cxx-cerville-buissoncourt-1962-oct01-dpu01-g01-c01-p001	27571	(892615,1184)
m-cxx-cerville-buissoncourt-1962-oct01-dpu01-g01-c01-p002-27571	m-cxx-cerville-buissoncourt-1962-oct01-dpu01-g01-c01-p002	27571	(894635,1188)
m-cxx-cerville-buissoncourt-1962-oct01-dpu01-g01-c01-p003-27571	m-cxx-cerville-buissoncourt-1962-oct01-dpu01-g01-c01-p003	27571	(895070,1162)
m-cxx-cerville-buissoncourt-1962-oct01-dpu01-g01-c01-p004-27571	m-cxx-cerville-buissoncourt-1962-oct01-dpu01-g01-c01-p004	27571	(894049,1154)
m-cxx-cerville-buissoncourt-1962-oct01-dpu01-g01-c01-p005-27571	m-cxx-cerville-buissoncourt-1962-oct01-dpu01-g01-c01-p005	27571	(892955,1161)
m-cxx-le-chatelard-1978-pro01-rco01-g01-c01-p001-2154	m-cxx-le-chatelard-1978-pro01-rco01-g01-c01-p001	2154	(860288,6465)
m-cxx-le-chatelard-1978-pro01-rco01-g01-c01-p002-2154	m-cxx-le-chatelard-1978-pro01-rco01-g01-c01-p002	2154	(861862,6465)
m-cxx-le-chatelard-1978-pro01-rco01-g01-c01-p003-2154	m-cxx-le-chatelard-1978-pro01-rco01-g01-c01-p003	2154	(861647,6464)
m-cxx-le-chatelard-1978-pro01-rco01-g01-c01-p004-2154	m-cxx-le-chatelard-1978-pro01-rco01-g01-c01-p004	2154	(862986,6464)
m-cxx-le-chatelard-1978-pro01-rco01-g01-c01-p005-2154	m-cxx-le-chatelard-1978-pro01-rco01-g01-c01-p005	2154	(862033,6462)
m-cxx-le-chatelard-1978-pro01-rco01-g01-c01-p006-2154	m-cxx-le-chatelard-1978-pro01-rco01-g01-c01-p006	2154	(861888,6462)
m-cxx-le-chatelard-1978-pro01-rco01-g01-c01-p007-2154	m-cxx-le-chatelard-1978-pro01-rco01-g01-c01-p007	2154	(861473,6464)
m-cxx-le-chatelard-1978-pro01-rco01-g01-c01-p008-2154	m-cxx-le-chatelard-1978-pro01-rco01-g01-c01-p008	2154	(859872,6463)
m-cxx-le-chatelard-1978-pro01-rco01-g01-c01-p009-2154	m-cxx-le-chatelard-1978-pro01-rco01-g01-c01-p009	2154	(860271,6462)
m-cxx-le-chatelard-1978-pro01-rco01-g01-c01-p010-2154	m-cxx-le-chatelard-1978-pro01-rco01-g01-c01-p010	2154	(857246,6461)
m-cxx-le-chatelard-1978-pro01-rco01-g01-c01-p011-2154	m-cxx-le-chatelard-1978-pro01-rco01-g01-c01-p011	2154	(855734,6461)
m-cxx-le-chatelard-1978-pro01-rco01-g01-c01-p012-2154	m-cxx-le-chatelard-1978-pro01-rco01-g01-c01-p012	2154	(855645,6463)
m-prx-crique-awa-2016-oct01-anf01-g01-c01-p001-2972	m-prx-crique-awa-2016-oct01-anf01-g01-c01-p001	2972	(126250,482250)
m-prx-crique-awa-2016-oct01-anf01-g01-c01-p002-2972	m-prx-crique-awa-2016-oct01-anf01-g01-c01-p002	2972	(130100,482250)
m-prx-crique-awa-2016-oct01-anf01-g01-c01-p003-2972	m-prx-crique-awa-2016-oct01-anf01-g01-c01-p003	2972	(131000,484230)
m-prx-crique-awa-2016-oct01-anf01-g01-c01-p004-2972	m-prx-crique-awa-2016-oct01-anf01-g01-c01-p004	2972	(132180,484230)
m-prx-crique-awa-2016-oct01-anf01-g01-c01-p005-2972	m-prx-crique-awa-2016-oct01-anf01-g01-c01-p005	2972	(133600,482250)
m-prx-crique-awa-2016-oct01-anf01-g01-c01-p006-2972	m-prx-crique-awa-2016-oct01-anf01-g01-c01-p006	2972	(141350,477700)
m-prx-crique-awa-2016-oct01-anf01-g01-c01-p007-2972	m-prx-crique-awa-2016-oct01-anf01-g01-c01-p007	2972	(138600,461600)
m-prx-crique-awa-2016-oct01-anf01-g01-c01-p008-2972	m-prx-crique-awa-2016-oct01-anf01-g01-c01-p008	2972	(132200,461600)
m-prx-crique-awa-2016-oct01-anf01-g01-c01-p009-2972	m-prx-crique-awa-2016-oct01-anf01-g01-c01-p009	2972	(130700,462800)
m-prx-crique-awa-2016-oct01-anf01-g01-c01-p010-2972	m-prx-crique-awa-2016-oct01-anf01-g01-c01-p010	2972	(130700,467500)
m-prx-crique-awa-2016-oct01-anf01-g01-c01-p011-2972	m-prx-crique-awa-2016-oct01-anf01-g01-c01-p011	2972	(130882,467932)
m-prx-crique-awa-2016-oct01-anf01-g01-c01-p012-2972	m-prx-crique-awa-2016-oct01-anf01-g01-c01-p012	2972	(132078,468228)
m-prx-crique-awa-2016-oct01-anf01-g01-c01-p013-2972	m-prx-crique-awa-2016-oct01-anf01-g01-c01-p013	2972	(133200,467963)
m-prx-crique-awa-2016-oct01-anf01-g01-c01-p014-2972	m-prx-crique-awa-2016-oct01-anf01-g01-c01-p014	2972	(133793,468852)
m-prx-crique-awa-2016-oct01-anf01-g01-c01-p015-2972	m-prx-crique-awa-2016-oct01-anf01-g01-c01-p015	2972	(132734,469318)
m-prx-crique-awa-2016-oct01-anf01-g01-c01-p016-2972	m-prx-crique-awa-2016-oct01-anf01-g01-c01-p016	2972	(131962,470048)
m-prx-crique-awa-2016-oct01-anf01-g01-c01-p017-2972	m-prx-crique-awa-2016-oct01-anf01-g01-c01-p017	2972	(134600,474250)
m-prx-crique-awa-2016-oct01-anf01-g01-c01-p018-2972	m-prx-crique-awa-2016-oct01-anf01-g01-c01-p018	2972	(126250,479450)
m-prx-crique-awa-2016-oct01-mfr01-g01-c01-p001-2972	m-prx-crique-awa-2016-oct01-mfr01-g01-c01-p001	2972	(126250,482250)
m-prx-crique-awa-2016-oct01-mfr01-g01-c01-p002-2972	m-prx-crique-awa-2016-oct01-mfr01-g01-c01-p002	2972	(130100,482250)
m-prx-crique-awa-2016-oct01-mfr01-g01-c01-p003-2972	m-prx-crique-awa-2016-oct01-mfr01-g01-c01-p003	2972	(131000,484230)
m-prx-crique-awa-2016-oct01-mfr01-g01-c01-p004-2972	m-prx-crique-awa-2016-oct01-mfr01-g01-c01-p004	2972	(132180,484230)
m-prx-crique-awa-2016-oct01-mfr01-g01-c01-p005-2972	m-prx-crique-awa-2016-oct01-mfr01-g01-c01-p005	2972	(133600,482250)
m-prx-crique-awa-2016-oct01-mfr01-g01-c01-p006-2972	m-prx-crique-awa-2016-oct01-mfr01-g01-c01-p006	2972	(141350,477700)
m-prx-crique-awa-2016-oct01-mfr01-g01-c01-p007-2972	m-prx-crique-awa-2016-oct01-mfr01-g01-c01-p007	2972	(138600,461600)
m-prx-crique-awa-2016-oct01-mfr01-g01-c01-p008-2972	m-prx-crique-awa-2016-oct01-mfr01-g01-c01-p008	2972	(132200,461600)
m-prx-crique-awa-2016-oct01-mfr01-g01-c01-p009-2972	m-prx-crique-awa-2016-oct01-mfr01-g01-c01-p009	2972	(130700,462800)
m-prx-crique-awa-2016-oct01-mfr01-g01-c01-p010-2972	m-prx-crique-awa-2016-oct01-mfr01-g01-c01-p010	2972	(130700,467500)
m-prx-crique-awa-2016-oct01-mfr01-g01-c01-p011-2972	m-prx-crique-awa-2016-oct01-mfr01-g01-c01-p011	2972	(130882,467932)
m-prx-crique-awa-2016-oct01-mfr01-g01-c01-p012-2972	m-prx-crique-awa-2016-oct01-mfr01-g01-c01-p012	2972	(132078,468228)
m-prx-crique-awa-2016-oct01-mfr01-g01-c01-p013-2972	m-prx-crique-awa-2016-oct01-mfr01-g01-c01-p013	2972	(133200,467963)
m-prx-crique-awa-2016-oct01-mfr01-g01-c01-p014-2972	m-prx-crique-awa-2016-oct01-mfr01-g01-c01-p014	2972	(133793,468852)
m-prx-crique-awa-2016-oct01-mfr01-g01-c01-p015-2972	m-prx-crique-awa-2016-oct01-mfr01-g01-c01-p015	2972	(132734,469318)
m-prx-crique-awa-2016-oct01-mfr01-g01-c01-p016-2972	m-prx-crique-awa-2016-oct01-mfr01-g01-c01-p016	2972	(131962,470048)
m-prx-crique-awa-2016-oct01-mfr01-g01-c01-p017-2972	m-prx-crique-awa-2016-oct01-mfr01-g01-c01-p017	2972	(134600,474250)
m-prx-crique-awa-2016-oct01-mfr01-g01-c01-p018-2972	m-prx-crique-awa-2016-oct01-mfr01-g01-c01-p018	2972	(126250,479450)
m-prx-orapu-2018-oct01-dex01-g01-c01-p001-32622	m-prx-orapu-2018-oct01-dex01-g01-c01-p001	32622	(347247,4984)
m-prx-orapu-2018-oct01-dex01-g01-c01-p002-32622	m-prx-orapu-2018-oct01-dex01-g01-c01-p002	32622	(348095,4984)
m-prx-orapu-2018-oct01-dex01-g01-c01-p003-32622	m-prx-orapu-2018-oct01-dex01-g01-c01-p003	32622	(348095,498)
m-prx-orapu-2018-oct01-dex01-g01-c01-p004-32622	m-prx-orapu-2018-oct01-dex01-g01-c01-p004	32622	(349247,498)
m-prx-orapu-2018-oct01-dex01-g01-c01-p005-32622	m-prx-orapu-2018-oct01-dex01-g01-c01-p005	32622	(349247,4948)
m-prx-orapu-2018-oct01-dex01-g01-c01-p006-32622	m-prx-orapu-2018-oct01-dex01-g01-c01-p006	32622	(347247,4948)
m-axm-auror-2018-oct01-dex01-g01-c01-p001-2972	m-axm-auror-2018-oct01-dex01-g01-c01-p001	2972	(156842,576595)
m-axm-auror-2018-oct01-dex01-g01-c01-p002-2972	m-axm-auror-2018-oct01-dex01-g01-c01-p002	2972	(156798,576097)
m-axm-auror-2018-oct01-dex01-g01-c01-p003-2972	m-axm-auror-2018-oct01-dex01-g01-c01-p003	2972	(154805,576274)
m-axm-auror-2018-oct01-dex01-g01-c01-p004-2972	m-axm-auror-2018-oct01-dex01-g01-c01-p004	2972	(154850,576772)
\.


--
-- Data for Name: titres_substances; Type: TABLE DATA; Schema: public; Owner: postgres
--

COPY public.titres_substances (titre_etape_id, substance_id, connexe, ordre) FROM stdin;
g-prx-saleve-2013-oct01-mfr01	geoh	\N	\N
g-cxx-soultz-2015-oct01-dpu01	geoh	\N	\N
g-cxx-soultz-2015-oct01-dex01	geoh	\N	\N
g-cxx-bouillante-2009-oct01-dpu01	geoh	\N	\N
g-cxx-bouillante-2009-oct01-dex01	geoh	\N	\N
h-cxx-pezarches-1998-mut01-dex01	hydx	\N	\N
h-cxx-pezarches-1998-oct01-dex01	hydx	\N	\N
h-cxx-la-croix-blanche-1994-mut02-dex01	hydx	\N	\N
h-cxx-la-croix-blanche-1994-mut01-dex01	hydx	\N	\N
h-cxx-la-croix-blanche-1994-oct01-dex01	hydx	\N	\N
m-axm-crique-nelson-2018-oct01-dex01	auru	\N	\N
m-cxx-cerville-buissoncourt-1962-pro01-dpu01	nacl	\N	\N
m-cxx-cerville-buissoncourt-1962-oct01-dpu02	nacl	\N	\N
m-cxx-cerville-buissoncourt-1962-oct01-dpu01	nacl	\N	\N
m-cxx-le-chatelard-1978-mut06-dpu01	nacl	\N	\N
m-cxx-le-chatelard-1978-mut05-dpu01	nacl	\N	\N
m-cxx-le-chatelard-1978-mut05-dpu01	suco	\N	\N
m-cxx-le-chatelard-1978-mut04-dpu01	nacl	\N	\N
m-cxx-le-chatelard-1978-mut04-dpu01	suco	\N	\N
m-cxx-le-chatelard-1978-mut02-dpu01	nacl	\N	\N
m-cxx-le-chatelard-1978-mut02-dpu01	suco	\N	\N
m-cxx-le-chatelard-1978-mut01-dpu01	nacl	\N	\N
m-cxx-le-chatelard-1978-mut01-dpu01	suco	\N	\N
m-cxx-le-chatelard-1978-exp01-dpu01	nacl	\N	\N
m-cxx-le-chatelard-1978-exp01-dpu01	suco	\N	\N
m-cxx-le-chatelard-1978-oct01-dpu02	nacl	\N	\N
m-cxx-le-chatelard-1978-oct01-dpu01	nacl	\N	\N
m-cxx-le-chatelard-1978-oct01-dpu01	suco	\N	\N
m-prx-crique-awa-2016-oct01-anf01	auru	\N	1
m-prx-crique-awa-2016-oct01-anf01	suco	\N	2
m-prx-crique-awa-2016-oct01-mfr01	auru	\N	1
m-prx-crique-awa-2016-oct01-mfr01	suco	\N	2
m-prx-bonneval-2017-oct01-dpu01	anti	\N	\N
m-prx-bonneval-2017-oct01-dpu01	arge	\N	\N
m-prx-bonneval-2017-oct01-dpu01	auru	\N	\N
m-prx-bonneval-2017-oct01-dpu01	suco	\N	\N
m-prx-bonneval-2017-oct01-dex01	anti	\N	\N
m-prx-bonneval-2017-oct01-dex01	arge	\N	\N
m-prx-bonneval-2017-oct01-dex01	auru	\N	\N
m-prx-bonneval-2017-oct01-dex01	suco	\N	\N
m-cxx-drouville-1894-mut06-dpu01	selg	\N	\N
m-cxx-drouville-1894-mut06-dpu01	selh	\N	\N
m-cxx-drouville-1894-mut05-dpu01	selg	\N	\N
m-cxx-drouville-1894-mut05-dpu01	selh	\N	\N
m-cxx-drouville-1894-mut04-dpu01	selg	\N	\N
m-cxx-drouville-1894-mut04-dpu01	selh	\N	\N
m-cxx-drouville-1894-mut03-dpu01	selg	\N	\N
m-cxx-drouville-1894-mut03-dpu01	selh	\N	\N
m-cxx-drouville-1894-mut02-dpu01	selg	\N	\N
m-cxx-drouville-1894-mut02-dpu01	selh	\N	\N
m-cxx-drouville-1894-amo02-dpu01	selg	\N	\N
m-cxx-drouville-1894-amo02-dpu01	selh	\N	\N
m-cxx-drouville-1894-amo01-dpu01	selg	\N	\N
m-cxx-drouville-1894-amo01-dpu01	selh	\N	\N
m-cxx-drouville-1894-mut01-dpu01	selg	\N	\N
m-cxx-drouville-1894-mut01-dpu01	selh	\N	\N
m-cxx-drouville-1894-oct01-dpu01	selg	\N	\N
m-cxx-drouville-1894-oct01-dpu01	selh	\N	\N
m-prx-orapu-2018-oct01-dpu01	arge	\N	\N
m-prx-orapu-2018-oct01-dpu01	auru	\N	\N
m-prx-orapu-2018-oct01-dpu01	cuiv	\N	\N
m-prx-orapu-2018-oct01-dpu01	suco	\N	\N
m-prx-orapu-2018-oct01-dpu01	zinc	\N	\N
m-prx-orapu-2018-oct01-dex01	arge	\N	\N
m-prx-orapu-2018-oct01-dex01	auru	\N	\N
m-prx-orapu-2018-oct01-dex01	cuiv	\N	\N
m-prx-orapu-2018-oct01-dex01	suco	\N	\N
m-prx-orapu-2018-oct01-dex01	zinc	\N	\N
m-axm-auror-2018-oct01-dex01	auru	\N	\N
m-prx-nem-4-2016-oct01-dpu01	arge	\N	\N
m-prx-nem-4-2016-oct01-dpu01	auru	\N	\N
m-prx-nem-4-2016-oct01-dpu01	ceri	\N	\N
m-prx-nem-4-2016-oct01-dpu01	chro	\N	\N
m-prx-nem-4-2016-oct01-dpu01	cuiv	\N	\N
m-prx-nem-4-2016-oct01-dpu01	diam	\N	\N
m-prx-nem-4-2016-oct01-dpu01	nick	\N	\N
m-prx-nem-4-2016-oct01-dpu01	plat	\N	\N
m-prx-nem-4-2016-oct01-dpu01	plax	\N	\N
m-prx-nem-4-2016-oct01-dpu01	plom	\N	\N
m-prx-nem-4-2016-oct01-dpu01	scan	\N	\N
m-prx-nem-4-2016-oct01-dpu01	tell	\N	\N
m-prx-nem-4-2016-oct01-dpu01	trxx	\N	\N
m-prx-nem-4-2016-oct01-dpu01	zinc	\N	\N
m-prx-nouvelle-esperance-2010-pr101-dpu01	auru	\N	\N
m-prx-nouvelle-esperance-2010-pr101-dpu01	suco	\N	\N
m-prx-nouvelle-esperance-2010-oct01-dpu01	auru	\N	\N
m-prx-nouvelle-esperance-2010-oct01-dpu01	suco	\N	\N
m-prx-nouvelle-esperance-2010-oct01-dex01	auru	\N	\N
m-prx-nouvelle-esperance-2010-oct01-dex01	suco	\N	\N
w-cxx-les-duons-2011-oct01-dpu01	saco	f	1
w-cxx-les-duons-2011-oct01-dex01	grma	f	1
w-cxx-le-minou-2011-oct01-dpu01	saco	f	1
w-cxx-le-minou-2011-oct01-dex01	saco	f	1
\.


--
-- Data for Name: titres_titulaires; Type: TABLE DATA; Schema: public; Owner: postgres
--

COPY public.titres_titulaires (titre_etape_id, entreprise_id, operateur) FROM stdin;
g-prx-saleve-2013-oct01-mfr01	fr-792695636	\N
g-cxx-soultz-2015-oct01-dpu01	fr-411178866	\N
g-cxx-soultz-2015-oct01-dex01	fr-411178866	\N
g-cxx-bouillante-2009-oct01-dpu01	fr-400716536	\N
g-cxx-bouillante-2009-oct01-dex01	fr-400716536	\N
h-cxx-pezarches-1998-mut01-dex01	fr-392068102	\N
h-cxx-pezarches-1998-oct01-dex01	fr-632022711	\N
h-cxx-la-croix-blanche-1994-mut02-dex01	fr-478826316	\N
h-cxx-la-croix-blanche-1994-mut01-dex01	fr-409160132	\N
h-cxx-la-croix-blanche-1994-oct01-dex01	fr-632022711	\N
m-axm-crique-nelson-2018-oct01-dex01	fr-519753370	\N
m-cxx-cerville-buissoncourt-1962-pro01-dpu01	be-0403091220	\N
m-cxx-cerville-buissoncourt-1962-oct01-dpu02	be-0403091220	\N
m-cxx-cerville-buissoncourt-1962-oct01-dpu01	be-0403091220	\N
m-cxx-le-chatelard-1978-mut06-dpu01	fr-411129612	\N
m-cxx-le-chatelard-1978-mut05-dpu01	fr-411129612	\N
m-cxx-le-chatelard-1978-mut04-dpu01	fr-642014526	\N
m-cxx-le-chatelard-1978-mut03-dpu01	fr-712025048	\N
m-cxx-le-chatelard-1978-mut02-dpu01	fr-633820337	\N
m-cxx-le-chatelard-1978-mut01-dpu01	fr-311933568	\N
m-cxx-le-chatelard-1978-exp01-dpu01	fr-552001174	\N
m-cxx-le-chatelard-1978-oct01-dpu01	fr-552001174	\N
m-prx-crique-awa-2016-oct01-anf01	fr-828089284	\N
m-prx-crique-awa-2016-oct01-rco01	fr-828089284	\N
m-prx-crique-awa-2016-oct01-mfr01	gb-224680	\N
m-prx-bonneval-2017-oct01-dpu01	fr-803975135	\N
m-prx-bonneval-2017-oct01-dex01	fr-803975135	\N
m-cxx-drouville-1894-pro01-mfr01	fr-412431744	\N
m-cxx-drouville-1894-mut06-dpu01	fr-412431744	\N
m-prx-orapu-2018-oct01-dpu01	fr-402207153	\N
m-axm-auror-2018-oct01-dex01	fr-830984613	\N
m-prx-nem-4-2016-oct01-dpu01	fr-382461325	\N
m-prx-nouvelle-esperance-2010-mut01-mfr01	fr-381151760	\N
m-prx-nouvelle-esperance-2010-mut01-mfr01	fr-827687807	\N
m-prx-nouvelle-esperance-2010-pr201-mfr01	fr-381151760	\N
m-prx-nouvelle-esperance-2010-pr101-dpu01	fr-381151760	\N
m-prx-nouvelle-esperance-2010-oct01-dpu01	fr-381151760	\N
w-cxx-les-duons-2011-oct01-dpu01	fr-390455814	\N
w-cxx-les-duons-2011-oct01-dex01	fr-390455814	\N
w-cxx-le-minou-2011-oct01-dpu01	fr-401862297	\N
w-cxx-le-minou-2011-oct01-dex01	fr-401862297	\N
\.


--
-- Data for Name: trimestres; Type: TABLE DATA; Schema: public; Owner: postgres
--

COPY public.trimestres (id, nom, frequence_id) FROM stdin;
1	1er trimestre	tri
2	2e trimestre	tri
3	3e trimestre	tri
4	4e trimestre	tri
\.


--
-- Data for Name: types; Type: TABLE DATA; Schema: public; Owner: postgres
--

COPY public.types (id, nom) FROM stdin;
apx	autorisation de prospections préalables
arc	autorisation de recherches
arg	autorisation de recherches
arm	autorisation de recherches
axm	autorisation d'exploitation
cxx	concession
prh	permis exclusif de recherches
prx	permis exclusif de recherches
pxc	permis exclusif de carrières
pxg	permis d'exploitation
pxh	permis d'exploitation
pxm	permis d'exploitation
pxx	permis d'exploitation
\.


--
-- Data for Name: utilisateurs; Type: TABLE DATA; Schema: public; Owner: postgres
--

COPY public.utilisateurs (id, email, mot_de_passe, nom, prenom, administration_id, telephone_fixe, telephone_mobile, permission_id, preferences) FROM stdin;
\.


--
-- Data for Name: utilisateurs__entreprises; Type: TABLE DATA; Schema: public; Owner: postgres
--

COPY public.utilisateurs__entreprises (utilisateur_id, entreprise_id) FROM stdin;
\.


--
-- Data for Name: volume_unites; Type: TABLE DATA; Schema: public; Owner: postgres
--

COPY public.volume_unites (id, nom) FROM stdin;
m3x	m³
km3	km³
m3a	m³ / an
txa	t / an
\.


--
-- Name: knex_migrations_id_seq; Type: SEQUENCE SET; Schema: public; Owner: postgres
--

SELECT pg_catalog.setval('public.knex_migrations_id_seq', 493, true);


--
-- Name: knex_migrations_lock_index_seq; Type: SEQUENCE SET; Schema: public; Owner: postgres
--

SELECT pg_catalog.setval('public.knex_migrations_lock_index_seq', 1, true);


--
-- Name: activites_statuts activites_statuts_pkey; Type: CONSTRAINT; Schema: public; Owner: postgres
--

ALTER TABLE ONLY public.activites_statuts
    ADD CONSTRAINT activites_statuts_pkey PRIMARY KEY (id);


--
-- Name: activites_types__pays activites_types__pays_pkey; Type: CONSTRAINT; Schema: public; Owner: postgres
--

ALTER TABLE ONLY public.activites_types__pays
    ADD CONSTRAINT activites_types__pays_pkey PRIMARY KEY (pays_id, activite_type_id);


--
-- Name: activites_types__types activites_types__types_pkey; Type: CONSTRAINT; Schema: public; Owner: postgres
--

ALTER TABLE ONLY public.activites_types__types
    ADD CONSTRAINT activites_types__types_pkey PRIMARY KEY (domaine_id, type_id, activite_type_id);


--
-- Name: activites_types activites_types_pkey; Type: CONSTRAINT; Schema: public; Owner: postgres
--

ALTER TABLE ONLY public.activites_types
    ADD CONSTRAINT activites_types_pkey PRIMARY KEY (id);


--
-- Name: administrations administrations_pkey; Type: CONSTRAINT; Schema: public; Owner: postgres
--

ALTER TABLE ONLY public.administrations
    ADD CONSTRAINT administrations_pkey PRIMARY KEY (id);


--
-- Name: administrations_types administrations_types_pkey; Type: CONSTRAINT; Schema: public; Owner: postgres
--

ALTER TABLE ONLY public.administrations_types
    ADD CONSTRAINT administrations_types_pkey PRIMARY KEY (id);


--
-- Name: communes communes_pkey; Type: CONSTRAINT; Schema: public; Owner: postgres
--

ALTER TABLE ONLY public.communes
    ADD CONSTRAINT communes_pkey PRIMARY KEY (id);


--
-- Name: demarches_statuts demarches_statuts_pkey; Type: CONSTRAINT; Schema: public; Owner: postgres
--

ALTER TABLE ONLY public.demarches_statuts
    ADD CONSTRAINT demarches_statuts_pkey PRIMARY KEY (id);


--
-- Name: demarches_types__etapes_types demarches_types__etapes_types_pkey; Type: CONSTRAINT; Schema: public; Owner: postgres
--

ALTER TABLE ONLY public.demarches_types__etapes_types
    ADD CONSTRAINT demarches_types__etapes_types_pkey PRIMARY KEY (demarche_type_id, etape_type_id, type_id);


--
-- Name: demarches_types__types demarches_types__types_pkey; Type: CONSTRAINT; Schema: public; Owner: postgres
--

ALTER TABLE ONLY public.demarches_types__types
    ADD CONSTRAINT demarches_types__types_pkey PRIMARY KEY (demarche_type_id, type_id);


--
-- Name: demarches_types demarches_types_pkey; Type: CONSTRAINT; Schema: public; Owner: postgres
--

ALTER TABLE ONLY public.demarches_types
    ADD CONSTRAINT demarches_types_pkey PRIMARY KEY (id);


--
-- Name: departements departements_pkey; Type: CONSTRAINT; Schema: public; Owner: postgres
--

ALTER TABLE ONLY public.departements
    ADD CONSTRAINT departements_pkey PRIMARY KEY (id);


--
-- Name: devises devises_pkey; Type: CONSTRAINT; Schema: public; Owner: postgres
--

ALTER TABLE ONLY public.devises
    ADD CONSTRAINT devises_pkey PRIMARY KEY (id);


--
-- Name: domaines__types domaines__types_pkey; Type: CONSTRAINT; Schema: public; Owner: postgres
--

ALTER TABLE ONLY public.domaines__types
    ADD CONSTRAINT domaines__types_pkey PRIMARY KEY (domaine_id, type_id);


--
-- Name: domaines domaines_pkey; Type: CONSTRAINT; Schema: public; Owner: postgres
--

ALTER TABLE ONLY public.domaines
    ADD CONSTRAINT domaines_pkey PRIMARY KEY (id);


--
-- Name: emprises emprises_pkey; Type: CONSTRAINT; Schema: public; Owner: postgres
--

ALTER TABLE ONLY public.emprises
    ADD CONSTRAINT emprises_pkey PRIMARY KEY (id);


--
-- Name: entreprises_etablissements entreprises_etablissements_pkey; Type: CONSTRAINT; Schema: public; Owner: postgres
--

ALTER TABLE ONLY public.entreprises_etablissements
    ADD CONSTRAINT entreprises_etablissements_pkey PRIMARY KEY (id);


--
-- Name: entreprises entreprises_pkey; Type: CONSTRAINT; Schema: public; Owner: postgres
--

ALTER TABLE ONLY public.entreprises
    ADD CONSTRAINT entreprises_pkey PRIMARY KEY (id);


--
-- Name: etapes_statuts etapes_statuts_pkey; Type: CONSTRAINT; Schema: public; Owner: postgres
--

ALTER TABLE ONLY public.etapes_statuts
    ADD CONSTRAINT etapes_statuts_pkey PRIMARY KEY (id);


--
-- Name: etapes_types__etapes_statuts etapes_types__etapes_statuts_pkey; Type: CONSTRAINT; Schema: public; Owner: postgres
--

ALTER TABLE ONLY public.etapes_types__etapes_statuts
    ADD CONSTRAINT etapes_types__etapes_statuts_pkey PRIMARY KEY (etape_type_id, etape_statut_id);


--
-- Name: etapes_types etapes_types_pkey; Type: CONSTRAINT; Schema: public; Owner: postgres
--

ALTER TABLE ONLY public.etapes_types
    ADD CONSTRAINT etapes_types_pkey PRIMARY KEY (id);


--
-- Name: frequences frequences_pkey; Type: CONSTRAINT; Schema: public; Owner: postgres
--

ALTER TABLE ONLY public.frequences
    ADD CONSTRAINT frequences_pkey PRIMARY KEY (id);


--
-- Name: geo_systemes geo_systemes_pkey; Type: CONSTRAINT; Schema: public; Owner: postgres
--

ALTER TABLE ONLY public.geo_systemes
    ADD CONSTRAINT geo_systemes_pkey PRIMARY KEY (id);


--
-- Name: knex_migrations_lock knex_migrations_lock_pkey; Type: CONSTRAINT; Schema: public; Owner: postgres
--

ALTER TABLE ONLY public.knex_migrations_lock
    ADD CONSTRAINT knex_migrations_lock_pkey PRIMARY KEY (index);


--
-- Name: knex_migrations knex_migrations_pkey; Type: CONSTRAINT; Schema: public; Owner: postgres
--

ALTER TABLE ONLY public.knex_migrations
    ADD CONSTRAINT knex_migrations_pkey PRIMARY KEY (id);


--
-- Name: mois mois_pkey; Type: CONSTRAINT; Schema: public; Owner: postgres
--

ALTER TABLE ONLY public.mois
    ADD CONSTRAINT mois_pkey PRIMARY KEY (id);


--
-- Name: pays pays_pkey; Type: CONSTRAINT; Schema: public; Owner: postgres
--

ALTER TABLE ONLY public.pays
    ADD CONSTRAINT pays_pkey PRIMARY KEY (id);


--
-- Name: permissions permissions_pkey; Type: CONSTRAINT; Schema: public; Owner: postgres
--

ALTER TABLE ONLY public.permissions
    ADD CONSTRAINT permissions_pkey PRIMARY KEY (id);


--
-- Name: phases_statuts phases_statuts_pkey; Type: CONSTRAINT; Schema: public; Owner: postgres
--

ALTER TABLE ONLY public.phases_statuts
    ADD CONSTRAINT phases_statuts_pkey PRIMARY KEY (id);


--
-- Name: regions regions_pkey; Type: CONSTRAINT; Schema: public; Owner: postgres
--

ALTER TABLE ONLY public.regions
    ADD CONSTRAINT regions_pkey PRIMARY KEY (id);


--
-- Name: statuts statuts_pkey; Type: CONSTRAINT; Schema: public; Owner: postgres
--

ALTER TABLE ONLY public.statuts
    ADD CONSTRAINT statuts_pkey PRIMARY KEY (id);


--
-- Name: substances__substances_legales substances__substances_legales_pkey; Type: CONSTRAINT; Schema: public; Owner: postgres
--

ALTER TABLE ONLY public.substances__substances_legales
    ADD CONSTRAINT substances__substances_legales_pkey PRIMARY KEY (substance_id, substance_legale_id);


--
-- Name: substances_legales_codes substances_legales_codes_pkey; Type: CONSTRAINT; Schema: public; Owner: postgres
--

ALTER TABLE ONLY public.substances_legales_codes
    ADD CONSTRAINT substances_legales_codes_pkey PRIMARY KEY (id);


--
-- Name: substances_legales substances_legales_pkey; Type: CONSTRAINT; Schema: public; Owner: postgres
--

ALTER TABLE ONLY public.substances_legales
    ADD CONSTRAINT substances_legales_pkey PRIMARY KEY (id);


--
-- Name: substances substances_pkey; Type: CONSTRAINT; Schema: public; Owner: postgres
--

ALTER TABLE ONLY public.substances
    ADD CONSTRAINT substances_pkey PRIMARY KEY (id);


--
-- Name: titres_activites titres_activites_pkey; Type: CONSTRAINT; Schema: public; Owner: postgres
--

ALTER TABLE ONLY public.titres_activites
    ADD CONSTRAINT titres_activites_pkey PRIMARY KEY (id);


--
-- Name: titres_administrations titres_administrations_pkey; Type: CONSTRAINT; Schema: public; Owner: postgres
--

ALTER TABLE ONLY public.titres_administrations
    ADD CONSTRAINT titres_administrations_pkey PRIMARY KEY (titre_etape_id, administration_id);


--
-- Name: titres_amodiataires titres_amodiataires_pkey; Type: CONSTRAINT; Schema: public; Owner: postgres
--

ALTER TABLE ONLY public.titres_amodiataires
    ADD CONSTRAINT titres_amodiataires_pkey PRIMARY KEY (titre_etape_id, entreprise_id);


--
-- Name: titres_communes titres_communes_pkey; Type: CONSTRAINT; Schema: public; Owner: postgres
--

ALTER TABLE ONLY public.titres_communes
    ADD CONSTRAINT titres_communes_pkey PRIMARY KEY (titre_etape_id, commune_id);


--
-- Name: titres_demarches_liens titres_demarches_liens_pkey; Type: CONSTRAINT; Schema: public; Owner: postgres
--

ALTER TABLE ONLY public.titres_demarches_liens
    ADD CONSTRAINT titres_demarches_liens_pkey PRIMARY KEY (enfant_titre_demarche_id, parent_titre_demarche_id);


--
-- Name: titres_demarches titres_demarches_pkey; Type: CONSTRAINT; Schema: public; Owner: postgres
--

ALTER TABLE ONLY public.titres_demarches
    ADD CONSTRAINT titres_demarches_pkey PRIMARY KEY (id);


--
-- Name: titres_documents titres_documents_pkey; Type: CONSTRAINT; Schema: public; Owner: postgres
--

ALTER TABLE ONLY public.titres_documents
    ADD CONSTRAINT titres_documents_pkey PRIMARY KEY (id);


--
-- Name: titres_emprises titres_emprises_pkey; Type: CONSTRAINT; Schema: public; Owner: postgres
--

ALTER TABLE ONLY public.titres_emprises
    ADD CONSTRAINT titres_emprises_pkey PRIMARY KEY (titre_etape_id, emprise_id);


--
-- Name: titres_etapes titres_etapes_pkey; Type: CONSTRAINT; Schema: public; Owner: postgres
--

ALTER TABLE ONLY public.titres_etapes
    ADD CONSTRAINT titres_etapes_pkey PRIMARY KEY (id);


--
-- Name: titres_incertitudes titres_incertitudes_pkey; Type: CONSTRAINT; Schema: public; Owner: postgres
--

ALTER TABLE ONLY public.titres_incertitudes
    ADD CONSTRAINT titres_incertitudes_pkey PRIMARY KEY (titre_etape_id);


--
-- Name: titres_phases titres_phases_pkey; Type: CONSTRAINT; Schema: public; Owner: postgres
--

ALTER TABLE ONLY public.titres_phases
    ADD CONSTRAINT titres_phases_pkey PRIMARY KEY (titre_demarche_id);


--
-- Name: titres titres_pkey; Type: CONSTRAINT; Schema: public; Owner: postgres
--

ALTER TABLE ONLY public.titres
    ADD CONSTRAINT titres_pkey PRIMARY KEY (id);


--
-- Name: titres_points titres_points_pkey; Type: CONSTRAINT; Schema: public; Owner: postgres
--

ALTER TABLE ONLY public.titres_points
    ADD CONSTRAINT titres_points_pkey PRIMARY KEY (id);


--
-- Name: titres_points_references titres_points_references_pkey; Type: CONSTRAINT; Schema: public; Owner: postgres
--

ALTER TABLE ONLY public.titres_points_references
    ADD CONSTRAINT titres_points_references_pkey PRIMARY KEY (id);


--
-- Name: titres_substances titres_substances_pkey; Type: CONSTRAINT; Schema: public; Owner: postgres
--

ALTER TABLE ONLY public.titres_substances
    ADD CONSTRAINT titres_substances_pkey PRIMARY KEY (titre_etape_id, substance_id);


--
-- Name: titres_titulaires titres_titulaires_pkey; Type: CONSTRAINT; Schema: public; Owner: postgres
--

ALTER TABLE ONLY public.titres_titulaires
    ADD CONSTRAINT titres_titulaires_pkey PRIMARY KEY (titre_etape_id, entreprise_id);


--
-- Name: trimestres trimestres_pkey; Type: CONSTRAINT; Schema: public; Owner: postgres
--

ALTER TABLE ONLY public.trimestres
    ADD CONSTRAINT trimestres_pkey PRIMARY KEY (id);


--
-- Name: types types_pkey; Type: CONSTRAINT; Schema: public; Owner: postgres
--

ALTER TABLE ONLY public.types
    ADD CONSTRAINT types_pkey PRIMARY KEY (id);


--
-- Name: utilisateurs utilisateurs_pkey; Type: CONSTRAINT; Schema: public; Owner: postgres
--

ALTER TABLE ONLY public.utilisateurs
    ADD CONSTRAINT utilisateurs_pkey PRIMARY KEY (id);


--
-- Name: volume_unites volume_unites_pkey; Type: CONSTRAINT; Schema: public; Owner: postgres
--

ALTER TABLE ONLY public.volume_unites
    ADD CONSTRAINT volume_unites_pkey PRIMARY KEY (id);


--
-- Name: activites_types__pays activitestypes__pays_activitetypeid_foreign; Type: FK CONSTRAINT; Schema: public; Owner: postgres
--

ALTER TABLE ONLY public.activites_types__pays
    ADD CONSTRAINT activitestypes__pays_activitetypeid_foreign FOREIGN KEY (activite_type_id) REFERENCES public.activites_types(id) ON DELETE CASCADE;


--
-- Name: activites_types__pays activitestypes__pays_paysid_foreign; Type: FK CONSTRAINT; Schema: public; Owner: postgres
--

ALTER TABLE ONLY public.activites_types__pays
    ADD CONSTRAINT activitestypes__pays_paysid_foreign FOREIGN KEY (pays_id) REFERENCES public.pays(id);


--
-- Name: activites_types__types activitestypes__types_activitetypeid_foreign; Type: FK CONSTRAINT; Schema: public; Owner: postgres
--

ALTER TABLE ONLY public.activites_types__types
    ADD CONSTRAINT activitestypes__types_activitetypeid_foreign FOREIGN KEY (activite_type_id) REFERENCES public.activites_types(id);


--
-- Name: activites_types__types activitestypes__types_domaineid_foreign; Type: FK CONSTRAINT; Schema: public; Owner: postgres
--

ALTER TABLE ONLY public.activites_types__types
    ADD CONSTRAINT activitestypes__types_domaineid_foreign FOREIGN KEY (domaine_id) REFERENCES public.domaines(id);


--
-- Name: activites_types__types activitestypes__types_typeid_foreign; Type: FK CONSTRAINT; Schema: public; Owner: postgres
--

ALTER TABLE ONLY public.activites_types__types
    ADD CONSTRAINT activitestypes__types_typeid_foreign FOREIGN KEY (type_id) REFERENCES public.types(id);


--
-- Name: activites_types activitestypes_frequenceid_foreign; Type: FK CONSTRAINT; Schema: public; Owner: postgres
--

ALTER TABLE ONLY public.activites_types
    ADD CONSTRAINT activitestypes_frequenceid_foreign FOREIGN KEY (frequence_id) REFERENCES public.frequences(id);


--
-- Name: administrations__domaines administrations__domaines_administrationid_foreign; Type: FK CONSTRAINT; Schema: public; Owner: postgres
--

ALTER TABLE ONLY public.administrations__domaines
    ADD CONSTRAINT administrations__domaines_administrationid_foreign FOREIGN KEY (administration_id) REFERENCES public.administrations(id);


--
-- Name: administrations__domaines administrations__domaines_domaineid_foreign; Type: FK CONSTRAINT; Schema: public; Owner: postgres
--

ALTER TABLE ONLY public.administrations__domaines
    ADD CONSTRAINT administrations__domaines_domaineid_foreign FOREIGN KEY (domaine_id) REFERENCES public.domaines(id);


--
-- Name: administrations administrations_departementid_foreign; Type: FK CONSTRAINT; Schema: public; Owner: postgres
--

ALTER TABLE ONLY public.administrations
    ADD CONSTRAINT administrations_departementid_foreign FOREIGN KEY (departement_id) REFERENCES public.departements(id);


--
-- Name: administrations administrations_regionid_foreign; Type: FK CONSTRAINT; Schema: public; Owner: postgres
--

ALTER TABLE ONLY public.administrations
    ADD CONSTRAINT administrations_regionid_foreign FOREIGN KEY (region_id) REFERENCES public.regions(id);


--
-- Name: administrations administrations_typeid_foreign; Type: FK CONSTRAINT; Schema: public; Owner: postgres
--

ALTER TABLE ONLY public.administrations
    ADD CONSTRAINT administrations_typeid_foreign FOREIGN KEY (type_id) REFERENCES public.administrations_types(id);


--
-- Name: communes communes_departementid_foreign; Type: FK CONSTRAINT; Schema: public; Owner: postgres
--

ALTER TABLE ONLY public.communes
    ADD CONSTRAINT communes_departementid_foreign FOREIGN KEY (departement_id) REFERENCES public.departements(id);


--
-- Name: demarches_types__etapes_types demarchestypes__etapestypes_demarchetypeid_foreign; Type: FK CONSTRAINT; Schema: public; Owner: postgres
--

ALTER TABLE ONLY public.demarches_types__etapes_types
    ADD CONSTRAINT demarchestypes__etapestypes_demarchetypeid_foreign FOREIGN KEY (demarche_type_id) REFERENCES public.demarches_types(id) ON DELETE CASCADE;


--
-- Name: demarches_types__etapes_types demarchestypes__etapestypes_etapetypeid_foreign; Type: FK CONSTRAINT; Schema: public; Owner: postgres
--

ALTER TABLE ONLY public.demarches_types__etapes_types
    ADD CONSTRAINT demarchestypes__etapestypes_etapetypeid_foreign FOREIGN KEY (etape_type_id) REFERENCES public.etapes_types(id) ON DELETE CASCADE;


--
-- Name: demarches_types__etapes_types demarchestypes__etapestypes_typeid_foreign; Type: FK CONSTRAINT; Schema: public; Owner: postgres
--

ALTER TABLE ONLY public.demarches_types__etapes_types
    ADD CONSTRAINT demarchestypes__etapestypes_typeid_foreign FOREIGN KEY (type_id) REFERENCES public.types(id) ON DELETE CASCADE;


--
-- Name: demarches_types__types demarchestypes__types_demarchetypeid_foreign; Type: FK CONSTRAINT; Schema: public; Owner: postgres
--

ALTER TABLE ONLY public.demarches_types__types
    ADD CONSTRAINT demarchestypes__types_demarchetypeid_foreign FOREIGN KEY (demarche_type_id) REFERENCES public.demarches_types(id) ON DELETE CASCADE;


--
-- Name: demarches_types__types demarchestypes__types_typeid_foreign; Type: FK CONSTRAINT; Schema: public; Owner: postgres
--

ALTER TABLE ONLY public.demarches_types__types
    ADD CONSTRAINT demarchestypes__types_typeid_foreign FOREIGN KEY (type_id) REFERENCES public.types(id) ON DELETE CASCADE;


--
-- Name: departements departements_regionid_foreign; Type: FK CONSTRAINT; Schema: public; Owner: postgres
--

ALTER TABLE ONLY public.departements
    ADD CONSTRAINT departements_regionid_foreign FOREIGN KEY (region_id) REFERENCES public.regions(id);


--
-- Name: domaines__types domaines__types_domaineid_foreign; Type: FK CONSTRAINT; Schema: public; Owner: postgres
--

ALTER TABLE ONLY public.domaines__types
    ADD CONSTRAINT domaines__types_domaineid_foreign FOREIGN KEY (domaine_id) REFERENCES public.domaines(id) ON DELETE CASCADE;


--
-- Name: domaines__types domaines__types_typeid_foreign; Type: FK CONSTRAINT; Schema: public; Owner: postgres
--

ALTER TABLE ONLY public.domaines__types
    ADD CONSTRAINT domaines__types_typeid_foreign FOREIGN KEY (type_id) REFERENCES public.types(id) ON DELETE CASCADE;


--
-- Name: entreprises_etablissements entreprisesetablissements_entrepriseid_foreign; Type: FK CONSTRAINT; Schema: public; Owner: postgres
--

ALTER TABLE ONLY public.entreprises_etablissements
    ADD CONSTRAINT entreprisesetablissements_entrepriseid_foreign FOREIGN KEY (entreprise_id) REFERENCES public.entreprises(id) ON DELETE CASCADE;


--
-- Name: etapes_types__etapes_statuts etapestypes__etapesstatuts_etapestatutid_foreign; Type: FK CONSTRAINT; Schema: public; Owner: postgres
--

ALTER TABLE ONLY public.etapes_types__etapes_statuts
    ADD CONSTRAINT etapestypes__etapesstatuts_etapestatutid_foreign FOREIGN KEY (etape_statut_id) REFERENCES public.etapes_statuts(id) ON DELETE CASCADE;


--
-- Name: etapes_types__etapes_statuts etapestypes__etapesstatuts_etapetypeid_foreign; Type: FK CONSTRAINT; Schema: public; Owner: postgres
--

ALTER TABLE ONLY public.etapes_types__etapes_statuts
    ADD CONSTRAINT etapestypes__etapesstatuts_etapetypeid_foreign FOREIGN KEY (etape_type_id) REFERENCES public.etapes_types(id) ON DELETE CASCADE;


--
-- Name: mois mois_frequenceid_foreign; Type: FK CONSTRAINT; Schema: public; Owner: postgres
--

ALTER TABLE ONLY public.mois
    ADD CONSTRAINT mois_frequenceid_foreign FOREIGN KEY (frequence_id) REFERENCES public.frequences(id);


--
-- Name: mois mois_trimestreid_foreign; Type: FK CONSTRAINT; Schema: public; Owner: postgres
--

ALTER TABLE ONLY public.mois
    ADD CONSTRAINT mois_trimestreid_foreign FOREIGN KEY (trimestre_id) REFERENCES public.trimestres(id);


--
-- Name: regions regions_paysid_foreign; Type: FK CONSTRAINT; Schema: public; Owner: postgres
--

ALTER TABLE ONLY public.regions
    ADD CONSTRAINT regions_paysid_foreign FOREIGN KEY (pays_id) REFERENCES public.pays(id);


--
-- Name: substances__substances_legales substances__substanceslegales_substanceid_foreign; Type: FK CONSTRAINT; Schema: public; Owner: postgres
--

ALTER TABLE ONLY public.substances__substances_legales
    ADD CONSTRAINT substances__substanceslegales_substanceid_foreign FOREIGN KEY (substance_id) REFERENCES public.substances(id) ON DELETE CASCADE;


--
-- Name: substances__substances_legales substances__substanceslegales_substancelegaleid_foreign; Type: FK CONSTRAINT; Schema: public; Owner: postgres
--

ALTER TABLE ONLY public.substances__substances_legales
    ADD CONSTRAINT substances__substanceslegales_substancelegaleid_foreign FOREIGN KEY (substance_legale_id) REFERENCES public.substances_legales(id);


--
-- Name: substances_legales substanceslegales_domaineid_foreign; Type: FK CONSTRAINT; Schema: public; Owner: postgres
--

ALTER TABLE ONLY public.substances_legales
    ADD CONSTRAINT substanceslegales_domaineid_foreign FOREIGN KEY (domaine_id) REFERENCES public.domaines(id);


--
-- Name: substances_legales substanceslegales_substancelegalecodeid_foreign; Type: FK CONSTRAINT; Schema: public; Owner: postgres
--

ALTER TABLE ONLY public.substances_legales
    ADD CONSTRAINT substanceslegales_substancelegalecodeid_foreign FOREIGN KEY (substance_legale_code_id) REFERENCES public.substances_legales_codes(id);


--
-- Name: titres_activites titresactivites_activitestatutid_foreign; Type: FK CONSTRAINT; Schema: public; Owner: postgres
--

ALTER TABLE ONLY public.titres_activites
    ADD CONSTRAINT titresactivites_activitestatutid_foreign FOREIGN KEY (activite_statut_id) REFERENCES public.activites_statuts(id);


--
-- Name: titres_activites titresactivites_activitetypeid_foreign; Type: FK CONSTRAINT; Schema: public; Owner: postgres
--

ALTER TABLE ONLY public.titres_activites
    ADD CONSTRAINT titresactivites_activitetypeid_foreign FOREIGN KEY (activite_type_id) REFERENCES public.activites_types(id);


--
-- Name: titres_activites titresactivites_titreid_foreign; Type: FK CONSTRAINT; Schema: public; Owner: postgres
--

ALTER TABLE ONLY public.titres_activites
    ADD CONSTRAINT titresactivites_titreid_foreign FOREIGN KEY (titre_id) REFERENCES public.titres(id) ON DELETE CASCADE;


--
-- Name: titres_activites titresactivites_utilisateurid_foreign; Type: FK CONSTRAINT; Schema: public; Owner: postgres
--

ALTER TABLE ONLY public.titres_activites
    ADD CONSTRAINT titresactivites_utilisateurid_foreign FOREIGN KEY (utilisateur_id) REFERENCES public.utilisateurs(id);


--
-- Name: titres_administrations titresadministrations_administrationid_foreign; Type: FK CONSTRAINT; Schema: public; Owner: postgres
--

ALTER TABLE ONLY public.titres_administrations
    ADD CONSTRAINT titresadministrations_administrationid_foreign FOREIGN KEY (administration_id) REFERENCES public.administrations(id);


--
-- Name: titres_administrations titresadministrations_titreetapeid_foreign; Type: FK CONSTRAINT; Schema: public; Owner: postgres
--

ALTER TABLE ONLY public.titres_administrations
    ADD CONSTRAINT titresadministrations_titreetapeid_foreign FOREIGN KEY (titre_etape_id) REFERENCES public.titres_etapes(id) ON UPDATE CASCADE ON DELETE CASCADE;


--
-- Name: titres_amodiataires titresamodiataires_entrepriseid_foreign; Type: FK CONSTRAINT; Schema: public; Owner: postgres
--

ALTER TABLE ONLY public.titres_amodiataires
    ADD CONSTRAINT titresamodiataires_entrepriseid_foreign FOREIGN KEY (entreprise_id) REFERENCES public.entreprises(id);


--
-- Name: titres_amodiataires titresamodiataires_titreetapeid_foreign; Type: FK CONSTRAINT; Schema: public; Owner: postgres
--

ALTER TABLE ONLY public.titres_amodiataires
    ADD CONSTRAINT titresamodiataires_titreetapeid_foreign FOREIGN KEY (titre_etape_id) REFERENCES public.titres_etapes(id) ON DELETE CASCADE;


--
-- Name: titres_communes titrescommunes_communeid_foreign; Type: FK CONSTRAINT; Schema: public; Owner: postgres
--

ALTER TABLE ONLY public.titres_communes
    ADD CONSTRAINT titrescommunes_communeid_foreign FOREIGN KEY (commune_id) REFERENCES public.communes(id);


--
-- Name: titres_communes titrescommunes_titreetapeid_foreign; Type: FK CONSTRAINT; Schema: public; Owner: postgres
--

ALTER TABLE ONLY public.titres_communes
    ADD CONSTRAINT titrescommunes_titreetapeid_foreign FOREIGN KEY (titre_etape_id) REFERENCES public.titres_etapes(id) ON UPDATE CASCADE ON DELETE CASCADE;


--
-- Name: titres_demarches titresdemarches_statutid_foreign; Type: FK CONSTRAINT; Schema: public; Owner: postgres
--

ALTER TABLE ONLY public.titres_demarches
    ADD CONSTRAINT titresdemarches_statutid_foreign FOREIGN KEY (statut_id) REFERENCES public.demarches_statuts(id);


--
-- Name: titres_demarches titresdemarches_titreid_foreign; Type: FK CONSTRAINT; Schema: public; Owner: postgres
--

ALTER TABLE ONLY public.titres_demarches
    ADD CONSTRAINT titresdemarches_titreid_foreign FOREIGN KEY (titre_id) REFERENCES public.titres(id) ON UPDATE CASCADE ON DELETE CASCADE;


--
-- Name: titres_demarches titresdemarches_typeid_foreign; Type: FK CONSTRAINT; Schema: public; Owner: postgres
--

ALTER TABLE ONLY public.titres_demarches
    ADD CONSTRAINT titresdemarches_typeid_foreign FOREIGN KEY (type_id) REFERENCES public.demarches_types(id);


--
-- Name: titres_demarches_liens titresdemarchesliens_enfanttitredemarcheid_foreign; Type: FK CONSTRAINT; Schema: public; Owner: postgres
--

ALTER TABLE ONLY public.titres_demarches_liens
    ADD CONSTRAINT titresdemarchesliens_enfanttitredemarcheid_foreign FOREIGN KEY (enfant_titre_demarche_id) REFERENCES public.titres_demarches(id) ON UPDATE CASCADE ON DELETE CASCADE;


--
-- Name: titres_demarches_liens titresdemarchesliens_parenttitredemarcheid_foreign; Type: FK CONSTRAINT; Schema: public; Owner: postgres
--

ALTER TABLE ONLY public.titres_demarches_liens
    ADD CONSTRAINT titresdemarchesliens_parenttitredemarcheid_foreign FOREIGN KEY (parent_titre_demarche_id) REFERENCES public.titres_demarches(id) ON UPDATE CASCADE ON DELETE CASCADE;


--
-- Name: titres_documents titresdocuments_titreetapeid_foreign; Type: FK CONSTRAINT; Schema: public; Owner: postgres
--

ALTER TABLE ONLY public.titres_documents
    ADD CONSTRAINT titresdocuments_titreetapeid_foreign FOREIGN KEY (titre_etape_id) REFERENCES public.titres_etapes(id) ON UPDATE CASCADE ON DELETE CASCADE;


--
-- Name: titres_emprises titresemprises_empriseid_foreign; Type: FK CONSTRAINT; Schema: public; Owner: postgres
--

ALTER TABLE ONLY public.titres_emprises
    ADD CONSTRAINT titresemprises_empriseid_foreign FOREIGN KEY (emprise_id) REFERENCES public.emprises(id);


--
-- Name: titres_emprises titresemprises_titreetapeid_foreign; Type: FK CONSTRAINT; Schema: public; Owner: postgres
--

ALTER TABLE ONLY public.titres_emprises
    ADD CONSTRAINT titresemprises_titreetapeid_foreign FOREIGN KEY (titre_etape_id) REFERENCES public.titres_etapes(id) ON UPDATE CASCADE ON DELETE CASCADE;


--
-- Name: titres_etapes titresetapes_engagementdeviseid_foreign; Type: FK CONSTRAINT; Schema: public; Owner: postgres
--

ALTER TABLE ONLY public.titres_etapes
    ADD CONSTRAINT titresetapes_engagementdeviseid_foreign FOREIGN KEY (engagement_devise_id) REFERENCES public.devises(id);


--
-- Name: titres_etapes titresetapes_statutid_foreign; Type: FK CONSTRAINT; Schema: public; Owner: postgres
--

ALTER TABLE ONLY public.titres_etapes
    ADD CONSTRAINT titresetapes_statutid_foreign FOREIGN KEY (statut_id) REFERENCES public.etapes_statuts(id);


--
-- Name: titres_etapes titresetapes_titredemarcheid_foreign; Type: FK CONSTRAINT; Schema: public; Owner: postgres
--

ALTER TABLE ONLY public.titres_etapes
    ADD CONSTRAINT titresetapes_titredemarcheid_foreign FOREIGN KEY (titre_demarche_id) REFERENCES public.titres_demarches(id) ON UPDATE CASCADE ON DELETE CASCADE;


--
-- Name: titres_etapes titresetapes_typeid_foreign; Type: FK CONSTRAINT; Schema: public; Owner: postgres
--

ALTER TABLE ONLY public.titres_etapes
    ADD CONSTRAINT titresetapes_typeid_foreign FOREIGN KEY (type_id) REFERENCES public.etapes_types(id);


--
-- Name: titres_etapes titresetapes_volumeuniteid_foreign; Type: FK CONSTRAINT; Schema: public; Owner: postgres
--

ALTER TABLE ONLY public.titres_etapes
    ADD CONSTRAINT titresetapes_volumeuniteid_foreign FOREIGN KEY (volume_unite_id) REFERENCES public.volume_unites(id);


--
-- Name: titres_incertitudes titresincertitudes_titreetapeid_foreign; Type: FK CONSTRAINT; Schema: public; Owner: postgres
--

ALTER TABLE ONLY public.titres_incertitudes
    ADD CONSTRAINT titresincertitudes_titreetapeid_foreign FOREIGN KEY (titre_etape_id) REFERENCES public.titres_etapes(id) ON UPDATE CASCADE ON DELETE CASCADE;


--
-- Name: titres_phases titresphases_statutid_foreign; Type: FK CONSTRAINT; Schema: public; Owner: postgres
--

ALTER TABLE ONLY public.titres_phases
    ADD CONSTRAINT titresphases_statutid_foreign FOREIGN KEY (statut_id) REFERENCES public.phases_statuts(id);


--
-- Name: titres_phases titresphases_titredemarcheid_foreign; Type: FK CONSTRAINT; Schema: public; Owner: postgres
--

ALTER TABLE ONLY public.titres_phases
    ADD CONSTRAINT titresphases_titredemarcheid_foreign FOREIGN KEY (titre_demarche_id) REFERENCES public.titres_demarches(id) ON UPDATE CASCADE ON DELETE CASCADE;


--
-- Name: titres_points titrespoints_titreetapeid_foreign; Type: FK CONSTRAINT; Schema: public; Owner: postgres
--

ALTER TABLE ONLY public.titres_points
    ADD CONSTRAINT titrespoints_titreetapeid_foreign FOREIGN KEY (titre_etape_id) REFERENCES public.titres_etapes(id) ON UPDATE CASCADE ON DELETE CASCADE;


--
-- Name: titres_points_references titrespointsreferences_titrepointid_foreign; Type: FK CONSTRAINT; Schema: public; Owner: postgres
--

ALTER TABLE ONLY public.titres_points_references
    ADD CONSTRAINT titrespointsreferences_titrepointid_foreign FOREIGN KEY (titre_point_id) REFERENCES public.titres_points(id) ON DELETE CASCADE;


--
-- Name: titres_substances titressubstances_substanceid_foreign; Type: FK CONSTRAINT; Schema: public; Owner: postgres
--

ALTER TABLE ONLY public.titres_substances
    ADD CONSTRAINT titressubstances_substanceid_foreign FOREIGN KEY (substance_id) REFERENCES public.substances(id);


--
-- Name: titres_substances titressubstances_titreetapeid_foreign; Type: FK CONSTRAINT; Schema: public; Owner: postgres
--

ALTER TABLE ONLY public.titres_substances
    ADD CONSTRAINT titressubstances_titreetapeid_foreign FOREIGN KEY (titre_etape_id) REFERENCES public.titres_etapes(id) ON UPDATE CASCADE ON DELETE CASCADE;


--
-- Name: titres_titulaires titrestitulaires_entrepriseid_foreign; Type: FK CONSTRAINT; Schema: public; Owner: postgres
--

ALTER TABLE ONLY public.titres_titulaires
    ADD CONSTRAINT titrestitulaires_entrepriseid_foreign FOREIGN KEY (entreprise_id) REFERENCES public.entreprises(id);


--
-- Name: titres_titulaires titrestitulaires_titreetapeid_foreign; Type: FK CONSTRAINT; Schema: public; Owner: postgres
--

ALTER TABLE ONLY public.titres_titulaires
    ADD CONSTRAINT titrestitulaires_titreetapeid_foreign FOREIGN KEY (titre_etape_id) REFERENCES public.titres_etapes(id) ON UPDATE CASCADE ON DELETE CASCADE;


--
-- Name: trimestres trimestres_frequenceid_foreign; Type: FK CONSTRAINT; Schema: public; Owner: postgres
--

ALTER TABLE ONLY public.trimestres
    ADD CONSTRAINT trimestres_frequenceid_foreign FOREIGN KEY (frequence_id) REFERENCES public.frequences(id);


--
-- Name: utilisateurs__entreprises utilisateurs__entreprises_entrepriseid_foreign; Type: FK CONSTRAINT; Schema: public; Owner: postgres
--

ALTER TABLE ONLY public.utilisateurs__entreprises
    ADD CONSTRAINT utilisateurs__entreprises_entrepriseid_foreign FOREIGN KEY (entreprise_id) REFERENCES public.entreprises(id) ON DELETE CASCADE;


--
-- Name: utilisateurs__entreprises utilisateurs__entreprises_utilisateurid_foreign; Type: FK CONSTRAINT; Schema: public; Owner: postgres
--

ALTER TABLE ONLY public.utilisateurs__entreprises
    ADD CONSTRAINT utilisateurs__entreprises_utilisateurid_foreign FOREIGN KEY (utilisateur_id) REFERENCES public.utilisateurs(id) ON DELETE CASCADE;


--
-- Name: utilisateurs utilisateurs_administrationid_foreign; Type: FK CONSTRAINT; Schema: public; Owner: postgres
--

ALTER TABLE ONLY public.utilisateurs
    ADD CONSTRAINT utilisateurs_administrationid_foreign FOREIGN KEY (administration_id) REFERENCES public.administrations(id) ON DELETE CASCADE;


--
-- Name: utilisateurs utilisateurs_permissionid_foreign; Type: FK CONSTRAINT; Schema: public; Owner: postgres
--

ALTER TABLE ONLY public.utilisateurs
    ADD CONSTRAINT utilisateurs_permissionid_foreign FOREIGN KEY (permission_id) REFERENCES public.permissions(id) ON DELETE CASCADE;


--
-- Name: SCHEMA public; Type: ACL; Schema: -; Owner: postgres
--

REVOKE ALL ON SCHEMA public FROM PUBLIC;
REVOKE ALL ON SCHEMA public FROM postgres;
GRANT ALL ON SCHEMA public TO postgres;
GRANT ALL ON SCHEMA public TO PUBLIC;


--
-- PostgreSQL database dump complete
--

